row_id,text,depression,anxiety,stress_pressure,burnout_motivation,performance_psych,body_image_eating,injury_distress,self_harm_suicide,help_seeking,exercise_coping,notes
1,"&gt; what's your experience with getting in shape, then out of shape, then back in shape? what has been the turning point or catalyst that made you say 'f*ck it, i'm gonna get ripped again'?

usually rock bottom. we're talking like a tub of ice cream, a bottle of wine, an entire pizza, and then some more of god knows what all in one night. the shame the next morning is like ""okay wow i'm disgusted (but also impressed) with myself, time to turn it around"".",0,0,0,0,0,1,0,0,0,0,
2,"i had the same thing happen to me this year. i had a 54 and dropped to a low 52 but after the meet where i got that i felt very drained and i lost the eye of the tiger. this is pretty common, so don't worry too much. there's a couple things you could do, but what worked for me was taking a mental break. i don't mean stop training, but just stop thinking about training and meets for like a solid week(unless you have a meet). if you're having trouble resting your mind, do some meditating or whim hoff. this worked for me. after that, it will all depend on your will(mental strength) to achieve your goals. remember that the 400 is a mental event as much as it's a physical event.

sorry for the long paragraph, but hopefully this helps.",0,0,0,1,1,0,0,0,0,0,
3,"i easily maintain after shedding the weight from running like 4x a week, but my bouts of weight gain are - two out of three - related to severe depression and anxiety which comes with every bad habit you can think of. so running helps jump start me back to my usual healthy living. after i’m back to my target weight i maintained for years before covid, i will be back to my if/calorie counting, which i’m already back to. this is just to shed the weight i normally don’t put on when i’m not on the brink of losing my mind/shit for two years straight lol. so i have some work to do but it’s all cheerful work. i love running and cardio in general so this is the antidepressant that always gets me back on track

edit to add because idk if any of that answered your question lol. so running helps get me into the healthy mindset. i put down the processed food and get off my ass and start burning calories at the same time i drastically reduce the calories i’ve been shoveling in my sad panda face. run three miles a day at least four times a week until i’m back to goal weight. calorie intake is back to normal, and i can actually scale back the workouts to maybe three cardio workouts a week. i work a sedentary desk job too. but it’s not too hard to maintain after that initial come-to-jesus reality check of a hardcore running schedule. plus my energy levels get back to normal and an extra run on the weekend is fun and not some ungodly chore",1,1,0,0,0,0,0,0,0,1,
4,i think the idea is that his yips/anxiety is so overwhelming that he won't be able to do it.,0,1,0,0,1,0,0,0,0,0,
5,"assuming i have the same equipment in both settings, i find that i train way way way harder and get way more gains at home. 

i'm quite a self-conscious individual and it's a relief for me not to have anyone around me while i'm pushing my body to my limits (think really unglam faces and screaming), not to mention potential random men coming up to you to ""help"" you with your exercise/form

just my two cents!",0,1,0,0,1,0,0,0,0,0,
6,"may i ask this- did you have to trial a lot of medication to help ease your anxiety? for me, running puts me in a better head space and i certainly feel more relaxed, but the undercurrent is still there and i can’t quite kick it. i am considering finally trying an ssri to take the rest of the edge off.",0,1,0,0,0,0,0,0,1,1,
7,"i disagree--they were packed up front and then not really mentioned again. free solo is structured so those moments play out with the climb as well. dawn wall was very much: ""this happened, and moving on, a climb."" the story could've interlaced those experience throughout, or drawn a more clear connection to the dawn wall.

for example, in his book, tommy caldwell has said he initially wanted to free solo el cap because “if i took away the rope, the experience would be that much stronger. that much more real…and if i fell to my death, at least the pain would be gone, too.” instead he fights that pull, reconnects with the dawn wall and works after that. in the film, they skip over the whole suicidal part and only allude to the depression as ""well, it was there and i needed to get out of the house."" there was the opportunity much stronger emotional arc than free solo but they way they structured the narrative killed that momentum.

i think the main issue was they skipped over a lot of the climbing prep as ""tommy swung around a lot looking for a path."" if they made that more of a second act--including previously failed attempts--their could've been a bigger emotional payoff during the final climb. (and it's possible they were limited by lack of usable footage or some other real life obstacle.) it's still a good movie but there was a much better film that it could've been.",1,0,0,0,0,0,0,1,0,0,
8,"this really helps, if not just to hear other people deal with the same crap. i think my biggest issue is beating myself up when i don't go to the gym. i've been doing so good, but when things start popping up i find myself slipping into that constant fatigued state. 

i made it to the gym yesterday, but i couldn't up my weights and i kind of just did the bare minimum and even that was still difficult. when i do skip the gym (i think i've done it twice in the past two months) it's usually to go home and do nothing. to relax or sleep or take a bath or just let my muscles rest. 

today i'm supposed to run and i hate treadmill running but it's supposed to rain, but i'm honestly tempted to try and tough it outside whether i get rained on or not. it also doesn't help that i'm trying to keep my lifts while adding in more cardio so i can train back up for a 10k next month. maybe i'm just getting overwhelmed? i don't know. life has just been a little rough as of late.",0,0,1,1,0,0,0,0,0,0,
9,"i do this to myself too, it’s horrible. when you think about it, you’ll never speak to someone else the way you speak to yourself. but it helps to remind yourself that health and fitness is not just physical, you can have a six pack and be very lean (like a lot of bikini competitors) but be absolutely miserable. is it worth it though? 
yes you look great but that’ll attract the wrong type of people, people just judging you by appearance and that’s going to make you go down a deeper rabbit hole of self hatred. 
we can do this together! look after your mental health too :)",0,0,0,0,0,1,0,0,0,0,
10,the match looked quality in the first set then medvedev seemed to have a mental breakdown. shame. shouldn’t have gotten up,0,0,0,0,1,0,0,0,0,0,
11,"shitty day / week. just not feeling like i have much to give in the gym the last week. maybe some depression fucking with me. tbh feeling resistance to fucking everything. perhaps burnout from 3 months of cutting and being super dialed in? who knows.

still managed to progress on a couple lifts which i'm happy about but i don't feel like my head is in the game at all which is annoying as now i'm back on maintenance calories and am properly fueled to get some great workouts in. meh. just a bit of a temporary valley i think. annoying.",1,0,0,1,0,0,0,0,0,0,
12,"had a job interview yesterday morning and i think it went ok (overthinking aside, ick). it’ll be a while before i hear anything. but yesterday evening i went to our county fair, which was a lot of fun (and just enough walking to work out the post-interview anxiety)",0,1,0,0,0,0,0,0,0,0,
13,"i feel like ur overthinking this, i get that u want better form(which is good), but if this is stuck in ur head all the time, it reduces your performance. trust me, ik this from experience. also theres no point in asking for advice if ur gonna argue back saying i can’t do this because of that",0,0,0,0,1,0,0,0,0,0,
14,"hi, everyone!  i have a question about scheduling lifting along with the group fitness classes i teach. 

currently i run 4x/week, strength train with dumbbells 2-3x/week, practice yoga 2-3x/week and also teach group cardio and dumbbell strength classes. 

i’d like to start lifting heavy in 2020 and wondered how i put all of this together to avoid overuse injury and burnout. 

my first instinct was to go the conventional route of heavy lifting alternating with running on my rest days, but then realized the rest days also included the strength training classes i teach, so my muscles would never really get a true rest. 

does this ultimately matter?  the strength classes i teach mostly just use 5-12 lb dumb bells over 30 mins. is that a minimal enough effort it won’t really affect the actual lifting i want to do?  or should i schedule everything so i’m lifting/teaching strength all on the same day and running/teaching cardio all on the same day as well?

thanks for you help, and happy new year!",0,0,0,0,0,0,0,0,0,0,
15,"really haven't had a good time lately...feeling like the whole of this block has just been 1 step forward 2 steps back and its put me in a really bad mindset for the rest of this block.

started this training block off fine, got 2 weeks in and at the end of the 2nd week i tweaked something in my hip flexor doing sumos, physio and coach both said to do a full deload on my 3rd week so i did. that was fine but still a step back to the weight i was lifting in week 1. then this week (week 4) i got sick. started coming down with something the other day which explains why everything felt hard that morning, took yesterday off and today i felt pretty much fine just a bit of a blocked nose so went to see how i'd go. failed my last bench set - normally i don't hit that rpe 10 level until the last week or 2 of a block, not this early at halfway. i don't think it was because i was slightly sick?? because i feel fine. it's like my body has burnt out from doing nothing.


i'm only lifting 2.5kg more than i was 3 weeks ago and in theory we were meant to be up by 7.5kg by now on all my lifts. deadlifts have stayed rhe same as week 1 all along too so no increase there.

a whole month has just passed before my eyes and i've made no progress at all mainly for reasons out of my control. yes a month isn't much time at all in the grand scheme of things but my main concern is that i'm gonna end this block with no/very minimal progress on last block and that will hurt hard mentally

do i ask my coach for another full deload and then try build back up again or try and salvage whatever is left of this block - another 4-6 weeks where i already feel cooked?",0,0,0,0,0,0,1,0,0,0,
16,"hey guys, so i figured i would get some feedback and talk about deciding to compete. this forum is a home for me, and i used other people’s post as a source of information before deciding to compete.

i started off in powerlifting (525 squat, 405 bench, 635 dl) at my college and wanted to shred down for the summer as i successfully winter bulked myself to 215 pounds at 5’8”. i knew how to run my own macros and diet down successfully but decided to get a coach who might be more aggressive than i would with myself. the coach is our ugly big-headed egg master, goob ([http://www.instagram.com/goob\_u](http://www.instagram.com/goob_u)). long story short, the cut was going well, and i was happy. goob suggested i could compete and do well, if i wanted. i mulled over it for a few weeks, asking my friends what they thought, and everyone said i should do it. so, i was like “fuck it, lets go! i have watched some guys in prep and yea it sucks but it’s not that bad”. i was wrong, but it has been one of the most rewarding experience.

we are on week 16 of this prep and i’m not going to lie, it sucks. i’m drained and tired of dieting. i eat a lot of egg whites, chicken and veggies. walden farms and mustard has kept my sanity as my carbs seemingly go down the drain every week. cardio is around 45 minutes per day. i am friends with the treadmill and stairmaster, but my knees have taken a toll, so i mix the bike in a few times a week. as of now, i’m sitting around 185 (5’8”) and the class limit is 190.

the mental sides (for me) are the worst. i binged around 4-5 times this prep early in the prep. i have much better control of it now. my coping mechanism is watching youtube videos of other people eating foods i think sound good (donuts and pizza, mostly). i did time in the army (airborne and army ranger) and go to a decent school but prepping for a competition (while trying to do midterms) is possibly just as hard as anything else i have done so far. i’m not bitching but this truly tests your mental will (especially when you have other responsibilities). needless to say, i love the challenge. thanks r/bb for being a home for us all.

more pictures: [https://imgur.com/a/82zaawe](https://imgur.com/a/82zaawe)

happy to answer any questions about prep/pl or bb/diet or anything really at all! critique welcome, too.",0,0,1,1,0,1,0,0,0,0,
17,"i went to my first ever therapy session then went to the gym and pr'ed on 4 out of 6 exercises, then i met a cool new climbing partner. went to the gym feeling meh, and left feeling ecstatic--not bad for a wednesday",0,0,0,0,0,0,0,0,1,1,
18,we got out for a 2 mile walk after a couple weeks of depression funk. i'm proud :),1,0,0,0,0,0,0,0,0,1,
19,where do you live? i’m sure there are a bunch of marathons within an hours drive of you. no need to add the stress of travel/hotel/unfamiliar city to an event that already is quite anxiety inducing.,0,1,1,0,1,0,0,0,0,0,
20,be kind to yourself. you are going through a very stressful situation and it seems that trying to run is causing you more anxiety than help. perhaps try walking or a few minutes of something in your living room? those are both wins and may be a bit gentler on you in this time of stress.,0,1,1,0,0,0,0,0,0,1,
21,"so im not a strong swimmer and have panic attacks in open water without one but was forced to not use a wetsuit the other week when the water temperature was too high and it felt great! there was a strong current so that helped.

this time, no current (it was a circle swim) and it was only a sprint so mainly tried it just to boost my confidence in the water. it was great! but yeah, i would still use one in an olympic size race.",0,1,0,0,1,0,0,0,0,0,
22,we lifting does nothing for my mental health but appreciate the suggestion,0,0,0,0,0,0,0,0,0,1,
23,"this time last year i couldn’t run 1 mile without stopping, i thought i’d never be able to run more than 5k with training 

the first 6 months was all on a treadmill as my anxiety was stopping me from going outside, since my first run outside, not a single one has been on the treadmill. i honestly think this might be my biggest achievement this year

as for times, this year, i ran a 22:17 5k, 48:20 10k and a 1:56 half, i’m immensely proud 

im hoping i can work towards a sub 20 5k, sub 45 10k and sub 1:45 half this year",0,1,0,0,0,0,0,0,0,0,
24,"how old are you?

it’s easy to get caught into body dysmorphia at a young age. i’ve been in the same boat, i looked at guys like zyzz, steve cook etc as guys who had my dream physiques. no matter how much i trained or how muscley i became i was never satisfied. it’s becomes a mental illness

i backed off that and trained purely for athletics and was more satisfied and content with myself being able to put data to my results in the form of strength training, sprint times, vertical jumps, flexibility etc and the funny thing is, looking back at photos of myself from 5-6 years ago, i actually had a physique then at the time that i would have looked at when i was 18 and said “that’s a dream physique” but while i had it, i never noticed it and actually felt more insecure about my weight at 8% body fat than i do now at 15%, and always wanted more

it’s a double edged sword. i would recommend using these guys as an inspiration for what is possible, but you don’t need to look like these guys. the guy you linked is a bit of a specimen, a david laid lite if you will. train for what will make you happy and content and remember this is something you will do for maybe the next 30 years of your life. your goals and perspectives will change every few years, and something you worked your hardest to achieve in 5 years, might be something you hate in 10 years time.

train with an open mind, dont get too caught up on aesthetics, the guys we see on instagram / magazines / tv etc are the top 0.01% of this lifestyle. they get paid to do it, they take supplements and peds to achieve the results in some cases

if you look around your local environment and see people who you deem look good or have an ideal physique, use that as your measure instead, because it’s a much more realistic view of being healthy and having a nice physique

girls or guys don’t exclusively go for men that look like the instagram models, and that’s simply because they exist in an extremely limited supply. get strong, build muscle, have a healthy lifestyle, be capable of doing what you want to achieve with your body and be confident. that’s a happier goal to achieve (for me atleast)",0,0,0,0,0,1,0,0,0,0,
25,what's a really structured lifting/strength routine that y'all like? i realized that i need lots to structure when it comes to working out because my mind gets overwhelmed easily.,0,0,1,0,0,0,0,0,0,0,
26,"should i take the day off? i have a required event that will be taking up the most of my day and lately have been feeling exhausted (constant feeling of sleepiness after my gym sessions). i’m usually at the gym lifting for 2 hours along with 70 minutes of cardio everyday. i’m also eating around 2.2k calories, my height is 5’10, and my weight is 124.5 lbs at 19 years old. my eyes feel heavy right now but i feel guilty whenever i miss a day. i usually lift 6 days a week and do cardio everyday. 

i’m going to be on vacation for 6 to 7 days next week so i probably won’t be doing much then and not eating that well.",0,0,0,0,0,1,0,0,0,0,
27,"i started going because i was unhappy with how deflated my body looked after losing weight, and heard that building muscle could fill out my body in a healthy and appealing way.

1 year of consistent lifting later, it was a success!  i love how my body looks now and how strong i am, but also discovered i really love lifting, it's great for my mental health.  so now i go for the continued physical benefits and as a form of therapy.",0,0,0,0,0,1,0,0,0,1,
28,"you hate the guy but still watch his 250 matches for 3hrs?

weird af obsession you got there

why don't you go to a therapist or something",0,0,0,0,0,0,0,0,1,0,
29,"i missed rant wednesday but i'm putting this in today. i've been working my ass off for the past year and a half and although i do see a ton of progress, i still feel like i look the same when i look at old pictures. i have this problematic pooch in my lower abdomen that no matter how much core/ab work i do, it's always there. i always look pregnant or bloated in my eyes and i've been trying so hard with my diet but i'm also not very good at counting my macros lol i need help and i know this but i never know if i'm doing it right, or life gets in the way and then i'm not able to count them because realistically i don't think i know how. i would really like somebody to help me but it's going to cost more than i can afford. i'm a little frustrated because i know that my strength and form have come a long way since day one but i wish i could see more progress... i also think it might be my body dysmorphia (i've had this problem since even before i started working out)

ugh!!!!😆",0,0,0,0,0,1,0,0,0,0,
30,"what i’ve been working on lately is changing the way i deal with fear.

many see fear as something to be conquered or overcome, but i’m a sensitive soul and i just don’t do well being at war with myself. i treat my fear gently and lovingly. i ask it what it’s afraid of, and why.

like, if i was afraid of loose skin and stretch marks, i would let myself think of those things and let myself be scared of them, without judging myself for having those feelings. and knowing it’s just me here, and i’m not gonna judge me, my fear can be honest. i can sit with it a while and it will finally say: i am afraid too much damage has already been done. i am afraid that i would have to deal with loose skin and stretch marks, but have nothing to show for it. (not trying to put thoughts in your head here! i’m just projecting my own feelings here as an example.)

every single time i ask my fear “why?,” the answer always comes back “i am trying to keep you safe.” in this case, if my fear truly believed that the damage was already done, wouldn’t it be safer to not have the stress of the way my skin looks on top of that? i like to think that my fear loves me and wants me to be safe.  so i love my fear (and myself) back by allowing it to be felt and validated.

now i am at a point where my fear will respond to rationality. i mean, i’m a lot more likely to hear someone out when they have heard me out first and told me my concerns were valid, y’know? so now (and still releasing any judgments that come up!) i can ask my fear something like “how do i feel now? do i think eating well and working out has had a positive or negative effect? if i feel better now than i did 3 months ago, could it be possible that my body is improving?”

if you’re like me, your fear might say, “well... i am less depressed... and i sure do like these muscles...”

at which point i can gently ask, “would it really be safer to stay out of shape?”

for me, anyway, this is the second step to challenging my own fears and limiting beliefs. (awareness is the first!) i also like to do affirmations, which i know many find super cheesy. they’re amazing for me, though!

and can i just say- i am so proud of you. for the work you have done for your health, and in opening up here. this is the kind of post that can help a lot of people who are hesitant to say they’re in the same boat.",x,1,0,0,0,1,0,0,0,1,
31,"when magnus said ""im stuck"" and i could see the same body movement as when im on a 5.7 following and stuck and cant find the hold, i felt some real anxiety just watching. absolutely terrifying video, but cool.",0,1,0,0,0,0,0,0,0,0,
32,"i broke my ankle at the end of my cut, at the best looking i've ever been and the most active i ever been . wasn't quite the strongest (due to the cut) but you get the point. i had plans to start bulking and really push hard this year, i was gonna possibly try competing for the hell of it. was also gonna try cyclocross as a sport. also was gonna get back to doing 5ks like i use to as a kid. 

i had shit planned out. then i broke my ankle chasing my nephew playing tag on a playground. ffs. 

2 weeks in, i already saw my leg lose half an inch in circumference. all that hard work withering away. i could do some upper body work at the gym, but i like swinging kettlebells around and doing snatches and such, couldn't do it. i ended up missing all the fantastic moderate weather for biking before it got cold. just fuck me. plans = ruined. progress = stopped/reversed. sucks on so many levels. 

so what's the point if something so stupid can fuck shit up like this?

my mom broke her ankle back in 06. she struggled so hard to get around because she was weak. i never had an issue. hell, i did multiple *miles* on crutches the first week i broke my ankle because i had a convention i was going to and i wasn't about to let this get in the way... i had the strength and stamina to do it.  and having worked on my diet, i could control my intake as well as really focus on nutrition, to really give my body what it needs. and then now that i'm in physical therapy, i'm starting from a higher level of fitness. my mom couldn't walk without crunches till like week 8+. i was walking at week 5. 

so we do this so we are better and stronger. taking care of your health is the best thing you can do",0,0,0,0,0,0,1,0,0,0,
33,"give yourself some space to breathe outside of your usual routine if you need to. don't beat yourself up if you're not one of those people who lifts to fix the anxiety. i like to try taking a long walk or pouring myself into a ""meaningless"" project (like sudoku, or baking, something that takes focus but not mental energy like a book would). parental illness is craaaazy stressful and you need to be kind with yourself.

and yes, you can always talk to us about it.

source: i've made it through one parental death and two near-deaths for a step parent.",0,1,1,0,0,0,0,0,0,1,
34,"yeah, my running group at home currently is between 21 minutes (one runner that just got there from 27 minutes about a month ago, but she's like 16 years old) and about 35 minutes. 

honestly, i totally feel that though. in highschool cross country i gave up after 2 years of being the second slowest on the team. especially since everyone kept telling me based on my ""build"" that i ""*should* be fast"", and that i would be if i just ""tried harder"", without any actual advice or help. running to the other (fast) runners seemed effortless...and maybe it was just highschool too, but the comments were usually arrogant and just tore me down while i was struggling to keep up. 

now i have different priorities, and different views. i'm not running to keep up with anyone anymore, i'm running to keep up myself. mostly it started to help deal with stress and keep anxiety chilled out, but now i have personalized stretch goals, like beating my unhappy highschool time and replace it with happy new victories. 

but, when you don't know what your own goals should be, seeing someone so insanely good at what you're trying to do is overwhelming sometimes. especially if you're feeling like nemo, struggling to even just keep swimming sometimes. i kind of think it's wise to stay sheltered until you have a bit of a handle on what you can do and what you want to do *for yourself* before seeing what other people are up to.",0,1,1,0,1,0,0,0,0,1,
35,waking up every morning with severe anxiety fucking sucks. im not happy with the situation im in. work is the only sane thing going for me. i miss basketball.,0,1,0,0,0,0,0,0,0,0,
36,"quoting u/superdave5599 last time there was a post like this. 

i'm a therapist and do a lot of work with ptsd/abuse type stuff. i almost exclusively use emdr to work on these things.  
  
couple thoughts: my guess is you've successfully distracted yourself from a lot of this for a long time. but with swimming, there is less to distract you. unless you spend a lot of money for a music streaming system, it is just you and your thoughts.  
  
emdr therapy is thought to work in part through the ""bilateral stimulation"" of stimulating the left and right hemispheres of your brain alternatively, back and forth back and forth. therapists typically use eye movements or other forms of bilateral stimulation such as tones in headphones or buzzers held in your hands. but lots of other things are also bilateral. such as swimming, running/walking and so on.  
  
so you may be experiencing a combination of the reduced opportunity of distraction with the bilateral stimulation that is causing this to come up.  
  
if you're comfortable with it and have good coping skills to utilize in case something really upsetting comes up, you may find that over time if you let yourself notice the throughts/feeligns/etc that come up while swimming, that much of it will naturally resolve over time.  
  
if you're not, then i would suggest finding something to distract yourself, such as music or counting or really focusing on technique. and also find an emdr therapist to work on that stuff that is coming up, so that it won't continue to intrude upon your life!",0,0,0,0,0,0,0,0,1,1,
37,"maybe she needs anxiety medication? i wonder if drugs like propranolol or clonidine are legal for therapeutic reasons on tour, would work wonders for her..or maybe just an antidepressant could work. watching her capitulate and meltdown reminds me of myself when i used to have panic attacks during golf tournaments. really hope she figures something out",0,1,0,0,1,0,0,0,1,0,
38,"i'm just a recreational swimmer, but it's the therapeutic activity that grounds me. as much as i despise cold water (you could tell i'm not a competitive swimmer), just being in the water allows me to connect with the fibers in my body. due to covid, my local gym is still restricting hours and sadly i'm locked there until i finish my membership. i don't like the ymca...too competitive and water too chilly ;p i'm a leisure swimmer and if the water is at the goldilock temp, i could go for 1.5 hours. maybe not now, buy back when i was younger ;)",0,0,0,0,0,0,0,0,0,1,
39,"it's great that you're setting goals and trying to be healthier.  in my experience,  the buddy weight loss ruined my relationships because of these different expectations.   my friend and i started working out together and trying to eat better but she didn't want to count calories and i did.   she would get tempted by the after work socials and eat pub food with a beer while i went to the gym.   she complained about my attitude and even said i had an eating disorder.   i lost 20lbs over several months and she lost nothing.  i didn't ever bring it up but the resentment was there.   we are no longer friends and i think the weight was a huge factor.   so just do your thing and if she wants to join you,  great.",0,0,0,0,0,1,0,0,0,0,
40,"former us president george w bush took to running to get over addiction.  he was pretty fast, too!",0,0,0,0,0,0,0,0,0,1,
41,"this pool gives me anxiety, but i have to say it does feel like being on vacation with the beach &amp; mountains in view.

(happy canada day 🇨🇦😃)",0,1,0,0,0,0,0,0,0,0,
42,"i know no one gives a shit about me in the gym or what i look like, but man it’s disheartening being the smallest person there. i did it to myself though. i’ll get there, just gonna be staring at the floor for the first few months to get through that anxiety i think haha. 

have a great weekend everyone!",0,1,0,0,0,x,0,0,0,0,
43,then you are just one that burnt out. didn't find ways to how to manage it while staying ready. it's a challenge in itself.,0,0,0,1,0,0,0,0,0,0,
44,"i mean, other issues aside (and yes, there are many), this is a garbage violation. how dare we try and get players mental health help!?!?!?",0,0,0,0,0,0,0,0,1,0,
45,"honestly, i feel like you need to see a psychiatrist and maybe look into an ed recovery program before asking for gym advice on a forum. this and other comments you've posted point to a girl with severe body dysmorphia. i hope you are able to get the adequate help you need. ❤",0,0,0,0,0,1,0,0,1,0,
46,"could be many many things. 

are you sleeping well and sleeping long enough? are you heavily stressed or depressed? are you eating well? any of those could cause you to recover poorly and/or have a lack of energy. (many of us are, in this strange and scary situation - if you are you have to admit it to yourself before you can move through it)

what do you do for work? is it manual labor/physically intensive?

are you sore/injured in a specific area? could it be tightness or something else that could be remedied with stretching/foam rolling/pt?",1,0,1,0,0,0,0,0,0,0,
47,"i feel underprepared for about 90% of the races i enter and honestly start just going in there reminding myself that running is supposed to be fun - that i can give this my best shot and that if i reach a point where i absolutely can't go on that's fine.

 injuries aside, the absolute worst thing that can happen from not finishing a race is that i'll be disappointed, but that's ok. i won't die. the people who love me will still love me. the world will still keep turning. nothing bad will happen. 

so i remind myself of this and then say f-it, go enjoy the race...and after several years i've not only finished every single race but also finished the last few races far better than my negative inner-voice thinks i'm capable of. 

sure, i've reached a point where i've got a few miles left to go and feel completely drained and i'm not sure *how* i'll get to the end, but i always know that i will because i've learned that, unless i'm injured, my body will just do whatever my mind tells it to do...

so i tell it...just keep going...if i'm absolutely f-d at the end and won't be able to walk tomorrow, that's fine. just take a day off. i've healed from every hard run i've done so far, i'll heal from this one too.

this may not be the advice you're looking for, but it's how i tend to deal with that voice inside me that is forever trying to get me to back out of races.",0,0,0,0,1,0,0,0,0,0,
48,"it's really nice having a home gym because i don't have to wait for deadlifts, bench, squat, but sometimes it gets really lonely haha",0,0,0,0,0,0,0,0,0,0,
49,it is kind of a double-edged sword though because i’ll look like a manic going 10 over on the freeway and no one knows what the left lane is supposed to be used for.,0,0,0,0,0,0,0,0,0,0,
50,"thank you. i'm over 45, haven't run in 3 years since i developed knee pain. i've gained weight and feel depressed. running was 100% my only enjoyable exercise and it was taken from me. i'm almost positive after having visited two doctors and two physical therapists (both of which tell me different things to do) that my issue is the same. weakness in the ass basically. i used to be on my feet working outside when i was able to rub. then i switched to a desk job and it slowly weakened my supporting muscles and led to injury. you give me hope.",1,0,0,0,0,0,1,0,0,1,
51,"my dearest beloved,

f5 season has taken its toll; my brothers are injured, the morale is low. the shit-posters have overwhelmed our forces, taking us from every possible angle. i will not mislead you, i have pondered leaving this world by my own hand, for the idea of nephews capturing me proves too much for my constitution.

keep me in yours and i will keep you in mine.

regards to my lovely susanna,

urmomsnewguy69",0,0,0,0,0,0,0,0,0,0,
52,"for me it comes from 2 things; quieting everything else down in my mind by focusing on what i'm doing and working through stress and anxiety by physically exerting myself.

it's not a zen feeling, but i'm much more relaxed aftewards.",0,1,1,0,0,0,0,0,0,1,
53,"i'm similar; 28 years old, my career/company is my priority, and i just erg and row for fun. it's good general therapy to keep training even if not specifically for a race.",0,0,0,0,0,0,0,0,0,1,
54,"so i'd recommend cardio for the physical and mental health benefits. but find cardio you enjoy so it's not miserable.

i can't imagine upper body work is in line with your aesthetic goals. i'm a cisgendered woman and feel like i need to limit my upper body work to avoid bulking my upper body more than i'd like so i'd assume someone trying to fight against male hormones would want to avoid it even more. of course, if upper body muscle doesn't make you dysphoric please feel free to ignore me and chase those gains.

i think you'd want to focus on building lower body muscle, particularly glutes and hip muscles. think squats, glute bridges, hip abduction, lunges, cable kickbacks, bulgarian split squats, barbell hip thrusts.

one place you might actually want upper body muscle is in your lats, which a lot of people feel create a hourglass look. if that's the case you could do pull ups, rows and deadlifts.

best of luck and remember aesthetics aren't everything. you're no less a woman because of what your body looks like.",0,0,0,0,0,1,0,0,0,0,
55,"there is a huge difference between hating yourself and wanting to improve yourself. if anything, i'd say it's loving and respecting myself that drives me to see what my body is really capable of. i sure as hell didn't commit to any kind of training regime when i was suffering from depression a decade ago. now, are there aspects of myself (physically or otherwise) i don't like or feel insecure about? sure, but that isn't abnormal and certainly not self hatred.

all this having been said, if your mental health is in a better place, that takes priority over the size of your biceps or how much you can deadlift.",1,0,0,0,0,1,0,0,0,0,
56,"i grew up very active and working on farms, so i was always very lean and fit up to my young adult years. 

when i turned 21, i got a desk job, and i also got diagnosed with ulcerative colitis, which absolutely ruined my life for 3 years. the only food that didn't make me feel sick to my stomach was high fat/high sugar processed garbage, i was depressed and stopped being active, and i ballooned from 140lbs to 187lbs. 

a little over a year ago, after fully getting my depression and colitis in check, i was finally feeling 100% again, so i started lifting and learned to play hockey. i'm now 153lbs, and way way happier.",1,0,0,0,0,0,0,0,0,1,
57,great job!! and finisher pic!  i am slightly jealous -- i am doing my first in boulder in 4 weeks.  just ready for it to be here so the anxiety can cease!,0,1,0,0,1,0,0,0,0,0,
58,"i did couch to 5k and loved it!

the first week is kinda aimed at grans but i struggled so badly. was a recently ex-ish smoker and about 5-6 stone overweight.

i finally got to week 3 in about 5 or 6 weeks and thought i'd try week 1 for laughs. it was so easy, i loved the clear progression and improvement without feeling i was killing myself. 30 mins 3 times a week and calorie counting was all it took for a huge change to my quality of life.",0,0,0,0,0,0,0,0,0,0,
59,"i hurt my should a couple years into working out, got discouraged and took a long break. came back a year or so ago and i've seen multiple therapists and done consistent physical therapy on it since, and the progress is very slow as the injury resulted in significant muscular imbalances developing over the years. so i understand it can be discouraging...  


i feel like injuries are an overlooked obstacle of fitness that many people constantly battle with",0,0,0,0,0,0,1,0,0,0,
60,"you know, i usually don't often reply, but i am in the same boat in a sense. i dieted (seriously) for 6 months aswell as went to the gym with a personal trainer. i lost 4 stone. i was 23.12 stone and went down to 19.12. then suddenly, my support went (girlfriend) and i went back up recently to 21.08. it's a huge devistation after losing it. here i am sitting at the computer when my work flow is low, browsing reddit. i am dieting sure, but i am not going to the gym, it is so hard to tell myself ""don't eat, you are bored or thirsty"" but i go to the fridge, grab two sandwiches and pig out, then ask myself why i am not losing weight or have no motivation.

&amp;#x200b;

the tl;dr of this to you is, thanks. reading this has motivated me to get off my ass, apply to the gym and hit it again. heres hoping the motivation and dopamine from the gym days will help me through it, so thank you for helping me finally push the ball up the last bit of the hill i had to climb before i could get it rolling.",0,0,0,1,0,1,0,0,0,1,
61,"sounds like you need a break from the pool to focus on yourself. no motivation, lack of apatite, and unwillingness to get out of bed all sound like classic depression signs.",1,0,0,1,0,0,0,0,0,0,
62,"i struggle with some binging / bulimia issues.  i haven't purged in a long time, but i sometimes have to actively resist the urge.  

i find that i specifically get ed feelings around calorie counting and macro tracking when i'm especially hormonal/pms-ing.  i'm kind of getting tired of the ed feels, so my current plan is to take down the tracking down a notch, and start by just trying to get enough protein.

i want to start approaching food with the same attitude that i have towards exercise: i want to focus on one small change and then build from there, instead of going hard on every single aspect of my dietary habits and letting them consume me.",0,0,0,0,0,1,0,0,0,0,
63,"i know where you're coming from. what i do when i am in that place is i think about qualities i'd like to have and cultivate them. like fitness, get on a plan and do it for two weeks and everything turns around. working out helps to keep the mind from overthinking.",0,0,0,0,0,0,0,0,0,1,
64,"it's not the place, because we werent arguing that. we were just saying, if you are biologically male and you play sports you are a male athlete.

 ""gender"" should not have any saying when it comes to athletics. it creates objectively unfair advantages. regardless of how you feel about it. we have lots of examples of this.

doping is doping too, regardless of reason.

like if i was depressed because i wasnt tall enough that doesnt mean i could take a bunch of hgh and play organized basketball...",0,0,0,0,0,0,0,0,0,0,
65,running helps me “zoom out” from things that i’m anxious about and stop focusing so much on my worries. sometimes when i stop focusing so much on them i get the space to see they aren’t as big of a deal as i originally thought.,0,1,0,0,0,0,0,0,0,1,
66,"i've kept up my lifting through some tough mental health struggles and forest fire smoke this summer, which is a huge victory. i can't always follow a program and had a ton of bad workouts, but i can and did keep showing up for my future self. because i stuck it out i set a new pr of [squatting 165 x 21](https://www.reddit.com/user/kat-but-sfw/comments/qahp6u/165_x_21_squat/) with minimal rest between reps, beating another pre-transition pr. at this point it feels like the sky is the limit.",0,0,0,0,0,0,0,0,0,1,
67,"it sounds like you are getting into a routine, or are a creature of habit. that’s totally okay, but you may be missing out on important experiences. i know something as meaningless as going out with friends one night, seems like nothing. but i feel like those things actually helped me develop into the person i am. seriously. it sounds stupid, but it’s true. 

i think running everyday is fine, but maybe switch it up sometimes. do you have to do 10 miles every day? could you decrease mileage and still do other things? 

is running filling some kind of void in your life? it could be helpful to talk to a therapist. they really help with all sorts of things. 

i don’t think running is ruining your life though. you’re only 21. you’ve got a lot of life to live!",0,0,0,0,0,0,0,0,1,1,
68,"exercise is proven to help mitigate depression, to a pretty impressive degree. like, on par with medication, though it's obviously much harder to start running than to start taking a medication so it's not always possible to treat depression with exercise. if you are able to run and stick with it then it's a fantastic, scientifically-supported way to help maintain your mental health.",1,0,0,0,0,0,0,0,1,1,
69,"oh man that's überkool!

which triathlon did zou sign up for? i  was supposed to be in heilbronn olympisch distanz but it got cancelled and i got sehr demotivated",0,0,0,1,0,0,0,0,0,0,
70,"grabbed dinner with the ex yesterday to chat (we're on good terms). he wanted to thank me for ending things because that was the push he needed to see a therapist which i kept pushing for him to do to deal with his anxiety and depression. he came out to his southern parents, cleaned his diet up, dropped his toxic friends, and started doing yoga. he thanked me for telling him he needed to do this for the last six months of our relationship and apologized he never did it until it was too late.

feels good to know i may have helped him become a better person.

i told him i wasn't interested in getting back together, but am happy he's doing better and want to keep our friendship going.",1,1,0,0,0,0,0,0,1,1,
71,"whines: i'm exhausted, my boss is back from vacation, my boyfriend is stressed and dislikes my cats, and now my anxiety is starting to rear its head. the last workout i had was weird because these two guys were blasting music from their phone and had taken all the dumbbells from 5 to 40 to superset. and i can't squat because my knee is yelling. work is stressful right now and my focus is lacking.

wins: rock climbing gains, equestrian gains potential this weekend (clinic!)",0,1,1,0,0,0,0,0,0,0,
72,"have you seen a professional (dr, therapist, etc.) to talk about ways to ease it? i have the double whammy, depression (on meds that control it) and anxiety. for the anxiety nothing has cured it but meds help, meditation helps, exercise helps, all to the point i can live with it. generalized anxiety is the hardest to deal with. if it's situation specific, going to the dentist for instance, you can prepare for it, medicate before hand, do a relaxation routine, etc. not so if it's generalized.",1,1,0,0,0,0,0,0,1,1,
73,"how do you guys deal with bad/disheartening sessions outdoors?

spent the whole day today from around 7am to 8pm at one of my favorite spots in minnesota. went alone and did what i normally do when climbing alone, just set up a toprope and climb around on as many routes as i can. tried a route i had never done before as my warmup, called [batman (5.10b/c)](https://www.mountainproject.com/v/105794830). thinking i would easily onsight it, i just got right on and went for it.

i spent the next probably 5 hours just on this one route, trying to figure the damn thing out! it felt impossible. i read the guidebook like 100 times, looked on mp for beta, swung to the routes to the left and right to make sure i was on route. yup, i was doing it right, i was just not nearly fit enough.

as much as i don't believe grades matter, i'm about to move full time into my van to climb across the country, and this was a low blow. the day got progressively worse but that's another story. 

so, how do you guys deal with not being able to climb something that you know should be within your ability? i'm not typically one to just claim anything hard is sandbagged, i usually just direct it at myself and think i'm not good enough. i just haven't had a really bad session before.",0,0,0,0,1,0,0,0,0,0,
74,"i have ptsd and a mood disorder. i started crossfit after never exercising with any regularity, despite being told for 15 years that doing so would help me stabilize.

 i realized it helped my mental health so much, maybe i should try sleeping right. worked. tried nutrition. worked. i feel better now than i ever have. i went from taking 5 medications daily to 3 and those are at much lower doses. my income has almost doubled from being able to handle normal daily stress.

also i like my muscles 🙃",x,0,1,0,0,0,0,0,1,1,
75,"thank you. it feels like different things serve different purposes - like the liss is more for mental health than anything - and strength training is for musculoskeletal health, and the hiit is for your heart. i’m not a natural at understanding how to build a program but i do love routine so i’ve been trying to calcify something. thanks for your input!",0,0,0,0,0,0,0,0,0,1,
76,"imma whinge a bit boys. one week so far with a broken collarbone, it sucks ass. also after 10 years doing a caffeine cut which went surprisingly okay.

went out for a walk today, was pleasant but come back to my house in quite a slump, feeling low and lonely tonight, been single a few years now.

some plus side that gyms here in wales are opening on tuesday so my plan is to go and do let press, hack squat, leg extension and curl, and spin bike cardio. for the next 7 weeks probably.",1,0,0,0,0,0,1,0,0,0,
77,"since my last post, my motivation and enthusiasm has dropped slightly. this was from work stress and not getting enough sleep. my confidence is still up. i have been working out. i’m starting to feel more mind-muscle connection throughout my body. 

i’m beginning to notice that my it band knee pain has started up again. it’s been there for a month or so now. but since i haven’t been working out, it never bothered me. now it does. i’m doing my old stretches to release the tension. but it hasn’t been working. everything is so tight that i don’t feel any type of release during the stretches. i let this go on for too long. i’m hoping i can be pain-free in two weeks. 

i’m becoming more self-conscious about my posture and my shoulders. i’m a pear shape and my narrow shoulders have always been something that bothered me. i have bad posture and i slouch a lot. i want to appear more confident but my shoulders give it away. ideally, i would like to have more capped shoulders. i need to look into a good program to work on that. once i melt the fat off, i’ll have some strong shoulders to show off. it’s going to be great.",0,0,1,1,0,1,0,0,0,0,
78,"finally back in the gym this week after basically having a month off. was going well before coming in every day, started a new job labouring and was absolutely smashed everyday. tried setting my alarm to get up early to get to the gym but would always go straight back to sleep.
felt so unmotivated after a week or two so it really wasn't on my mind. i forced myself in at the start of the week and i haven't looked back. feel so good again, looking foreword to the next workout and i can get out of bed so easy.
i just wish i could have got back into it so easy before. only a couple days in but all the motivation is back. hate myself sometimes",x,0,0,1,0,0,0,0,0,0,
79,"i failed my 5km run today after only 3kms, i feel super tired and sleep deprived and i hadn't showered in like two days because of life stuff so i needed to read this, thank you.",x,0,0,0,0,0,0,0,0,0,
80,"rooting for you man. i hit a major depression for 5 years, hope you pull through it soon. agree, this shit is a lot of work, don’t think i could have done it a couple years ago.",1,0,0,0,0,0,0,0,0,0,
81,"i forget to log in here, but i'll note i tried one arm dumbbell rows out the first time and they felt great, much better than barbell rows. 

also trying to make a concerted effort to get push ups, pull ups, and ab work (50ish reps) after the whole workout, because why not 

therapy is going great. it's been ~7 sessions and the therapist is now recommending to swap to once in 10 days. i'm finally getting mortivated to stick to a schedule, not feeling like i've got zero energy and zero will to do anything beyond lying on the bed. the brain ""fog"" is slowly dissipating as well. cheers, lads",1,0,0,1,0,0,0,0,1,0,
82,"i'm kinda surprised it hasn't seemed to catch on in sports.  i would think you could design some yoga routines that would be great for preventing injuries, balance, functional core strength (i.e. having core strength translate into and strengthen functional movements), and it would be great for mental health/clarity (which is an underrated factor in athletic performance imo, especially when the physical margins can be so small at the top level).  i mean, i guess a large component of their exercise routines might already be designed around injury prevention, so maybe there's no need?",0,0,0,0,x,0,0,0,0,1,
83,try something new. i’ve taken up long walks/hikes. i also use if or omad to keep my tendency towards binge eating in check.,0,0,0,0,0,1,0,0,0,0,
84,"i know about shitting the bed

to be fair, uni and vcu give me more anxiety than any other games in the last 10 years, such wasted opportunities",0,1,0,0,0,0,0,0,0,0,
85,"retweaked my just recovered broken ankle, havent seen doc yet because scared of what the news might be

am depressed",1,1,0,0,0,0,1,0,0,0,
86,"they offered a show of good faith and released one of his payments and then he immediately said ""i have mental health issues i can't play"" iirc then proceeded to not involve the team doctors and then yadda yadda yadda he's getting fined again",0,0,0,0,0,0,0,0,0,0,
87,imagine bragging about getting swept by amount of points. is using emojis helping you cope with depression?,0,0,0,0,0,0,0,0,0,0,
88,"you got ladder anxiety but for a sport.

i'd say make a pledge to yourself to play 10 games and no matter how you feel before, during and after those 10 games don't make any decisions until after the 10th game.  if you're still getting anxious then do something else.

but who knows? maybe after 10 games you'll get the hang of everything and it'll be fun instead of anxiety causing",0,1,0,0,1,0,0,0,0,0,
89,"yeah it's more just the ocd in my head. i'm still hitting all micros even if i do like rice krispy and protien shake for example, but at the same time i'm like ""man that's a lot of iron in one day. is it worth it?"" i just have a habit of trying to major in the minors",0,0,0,0,0,x,0,0,0,0,
90,"damn man, that sucks as far as the tren goes. do you just respond well to lower doses of gear??

im jealous about the orals. they fucking wreck my lipids and bp. on top of that i get super bad anxiety on fucking dbol of all things.",0,1,0,0,0,0,0,0,0,0,
91,"i’m not sure if this would be helpful in your situation, but right now my high school team practices 6 days a week (4-7 weekdays and 8-12 saturday) and we have weight training twice a week in the mornings. i feel like it’s a good amount of time in between rowing and lifting, but it’s right on the line between tiring and burnout",0,0,0,x,0,0,0,0,0,0,
92,"i, once a devoted father, dreamed of witnessing the nba finals live. winning two tickets should have been a dream come true. but unable to afford the cost, desperation clouded my judgment. i gambled my savings, losing everything. consumed by shame, i vanished, leaving behind a shattered family. the nba finals became a bitter reminder of my foolishness. the tickets, now worthless, symbolized the wreckage of our lives. my pursuit of fleeting happiness had cost me everything. regret is my constant companion, a harsh lesson etched into my soul, forever reminding me of the irreparable damage caused.",x,0,0,0,0,0,0,0,0,0,
93,"thank you. this comment made me tear up, i really needed this. ❤️ 

i’ve definitely noticed improvements in my strength and my posture. and i love the gym too, it’s gone from a scary world to one that feels comfortable. i just don’t want to go out of self hate anymore. i do think maybe trying 1500 in the new year will be a good idea. and maybe therapy too because god knows i’ve struggled with gaining and losing weight for way too long, and i hate how it’s affecting my relationship with myself.",0,1,0,0,0,1,0,0,1,0,
94,my mental health is a mess but omg i can't imagine how bad it would be if i did not have running in my life.   great post op.,0,0,0,0,0,0,0,0,0,1,
95,"i started grad school in august, and i'm really struggling to get into a workout routine. last year, i would get up at 5:30 every day and lift. but i'm just so exhausted all the time. i've lost a lot of muscle, and i'm feeling guilty about not working out, but all i can manage is going to the gym maybe twice a week and then walking on the days that i have time. 

does anyone have a similar experience? were you able to get back into a routine eventually?",0,0,x,1,0,0,0,0,0,0,
96,"the most important thing is to prioritize sleep before anything else. this is a safeguard for your general health including your mental health. then incorporate workouts into your work routine. don’t compromise your sleep or personal recharge time to work out. once you have these parts of your life figured out, the rest is actually pretty easy. you know your constants - sleep hours, personal recharge time and commitments, and work hours. fit your workouts into the rest of the remaining hours of your day. for some people, this can be in the mornings, lunch, or after work hours.

stretching is the best way to combat all the hours of sitting. i usually do this before bed.

i consider protein powder to be normal in the office. i used to bring the powder in my blender bottle already and just added water to it. i know some coworkers who kept protein powder at their desk.",0,0,0,0,0,0,0,0,0,0,
97,"i am really having a hard time going to the gym. i've been spiraling into a depression because the longer i waited to go, the more i lost my strength and i saw that in my pole performance (or lack thereof). i felt like an idiot and loser, because i know many people go to the gym as if it's nothing but i somehow couldn't shake of my social anxiety about this place.

that's why i meal prepped yesterday, packed my bag, prepared my pre-workout and went to bed early. i made it impossible for my inner voice to find a reason to stay home this morning. when my alarm rang, i was almost about to stay in bed, because i was still sleepdrunken. but thanks to my small bladder, i had to go to the toilet and from there on i couldn't go back.

my garmin said i slept excellent, i woke up on time. everything was in my favor, so i couldn't convince me to not go. and i went!

the gym was really empty, which helped me concentrate on myself and my lifts.

only thing i ditched was hip thrusts. but i won't complain about myself, i finally started taking back control of my life. it can only get better from here on.",1,1,0,0,x,0,0,0,0,0,
98,"posts about gym anxiety piss me off. i'm not upset at the users, but at our shitty society peddling the idea that the gym is a male space, at their shitty parents for reinforcing gender roles, at gym marketing strategies... just all around shitty situation. /rant",0,1,0,0,0,0,0,0,0,0,
99,"thank you for your reply. 😊 

you have educated me re naomi: i was not aware of all of those experiences.

i think her blm stance last year was very brave. i don't follow naomi as closely as some but i could see how her confidence was growing.

i speak (or type) as someone who is old enough to be naomi's mother (yikes) and as someone with anxiety issues.

i just want everyone to be as happy as can be and ok, aaah...",0,1,0,0,x,0,0,0,0,0,
100,"i've thought about a pt, but a (silly) worry tells me that they would push me to the point of wanting to throw up! i've been trying to do this, just push through the anxiety but it leaves me more exhausted. i think a big part of it too is that i associate my rapid heartrate with panic/anxiety so i don't know if my mind sort of goes to that place rather than 'you're working out, this is normal'. i have to retrain my mind somehow too! but yeah, i'll definitely look into a pt i think, just having someone to make me focus and distract will probably be a massive help.",0,1,0,0,0,0,0,0,0,0,
