row_id,text,depression,anxiety,stress_pressure,burnout_motivation,performance_psych,body_image_eating,injury_distress,self_harm_suicide,help_seeking,exercise_coping,notes
1,"you will get a lot of different answers to that question based on personal preference. ultimately for me i choose what helps me sustain my behavior. i really like having abs, so i spend more time in a calorie deficit than others would. one thing i learned is that unless your bodyfat is quite high; don’t “cut”. i aim for 50-100cal below maintenance and stick with same gym routine... even including modest strength increases.

given occasional miscalculations my weight trend has been a very slight increase with bodyfat either static or slight decreasing. but it’s slow (2.5kg increase over three months).

how much muscle do you have? are you happy with your size? reducing bodyfat makes you look more defined but it can leave you looking skinny. however that term is subjective and really you should train for what *you* want and feel comfortable with. just dont suicide cut... i’ve done that after every breakup and it’s a disaster. eating 1000cal below maintenance is silly and just reduced my muscles. i have a gentle deficit and it’s working great.",0,0,0,0,0,0,0,0,0,0,
2,depends on activity level. i weigh less than him and was almost diagnosed with anorexia while eating 2500 cals/day. before i quit my restaraunt job my maintenance was well into the 3000s and 2000 would have been dangerously low for me. currently healthily cutting on 2500,0,0,0,0,0,1,0,0,0,0,
3,"binged (hard) on wednesday, so suicide cutting until i get back to the weight i was on tuesday. will this kill my gains and make me lose strength? (too big of a deficit = muscle loss, i know).",0,0,0,0,0,1,0,0,0,0,
4,"life gains of the week.  looking at a few potential houses to rehab and rent out.  all kind of investment gains.  but the market is hot af right now.  sucks to think about spending $100k on a house that's falling apart.

i'm thinking about ending my cut and transitioning to a lean bulk, but i'm on the fence.  i can't tell if i could maybe keep cutting and get a little more aesthetic, or if don't have any muscle in the first place and need to bulk.",0,0,0,0,0,0,0,0,0,0,
5,"awesome.  it is 1:55 a.m. in my small town, and i am full of insomnia.  i just googled “running saved my life” and found your post.  i am by no means suicidal, but i am looking for a boost in the darkest of times.

i used to be a runner, and i let it slide for a decade or so.  it’s time to get out there, again; this time, not for a time or a team, but for me. 

also, i am getting old and constipated, so i have to shake shite up.  literally.

thanks for your post.",1,0,0,0,0,0,0,0,0,1,
6,"what i take from the study isn't that there's any particular switch once you go over 90 minutes, but as you increase exercise duration, the risks can go up.

take triathletes for example. we have three sports to train for and generally want to become pretty proficient at them. we tend to be a-type personalities, often in high pressure jobs with limited time to train for endurance events (i don't personally fit those first two). the sports can totally be an escape for us, but we can also put intense pressure on ourselves to train more to get faster and eke out those marginal gains. seriously, plenty of us will not bat an eye at dropping thousands of dollars to save a couple minutes over a 10 hour race (again, not me).

i think other athletic endeavors can run into similar issues too. consider body builders spending hours every week for tiny gains, cutting constantly to make various muscles pop.

competitive swimmers spending hours every day, twice a day to shave fractions of a second off their pb, and then when the race season ends...depression (see: phelps).

i imagine a lot of fitness people, especially now with ig face similar pressure. they have to constantly post and constantly work out and put their body out there. you can't fake it like a fashion blogger who can wear an outfit for 5 minutes, take a bunch of photos and in a few hours in one day make it look like you're doing all this shit. because you can't say you're doing all this lifting if your body doesn't show it. plus the whole body dysmorphia aspect and the pressure to shill posts for sponsors every day.

i think it really boils down to how you treat the exercise. you can casually cycle for 90 minutes every day and use it as basically free therapy. you can do the same thing with swimming. if you aren't putting pressure on yourself then you're unlikely to face any repercussions, but the more personal pressure you face the more the risks go up, especially if you find yourself not hitting your targets.",0,0,1,0,0,0,0,0,0,1,
7,"3. regarding laying down, i don't resist this urge. lying prone, ideally with a book in hand, is my favorite position in life. it's like the only time i don't feel pain, both physical and existential. but, instead of resisting this urge, i make time for this urge and direct it into healthy nothingness. the structure/designated time also helps me get the most out of it because i can look forward to it, instead of feeling sucked into it. i get in my bed at 9 to just lay for an hour and calm down, read, reddit, etc so that sleep comes so easily between 10 and 10:30. if i can't guarantee that time, i set aside time elsewhere. sometimes i just lay on my yoga mat at the gym after a good workout. 

sweet sweet nothing time. i cherish it. it's the only way i feel fully human. which is how i want to address the fact that fitness challenges people in different degrees in different ways, even on different days! i struggle with a mood disorder and a sensory disorder due to ptsd. sometimes focusing all my available fucks on finishing a work day leaves me empty. those days, i'm not trying to overextend my available energy by pring at the gym. i ""get back on the horse,"" as the books say, but i don't have to go full gallop. sometimes, even when i'm following a gym routine, i say ""fuck it,"" and do what i think would feel good or, miraculously, restore energy. afterwards, i'm gonna go home and do the necessities, like make a healthy-but-lowkey dinner and maybe pay a bill, or two if i'm feeling dangerous. not every day needs to be exploited and not every day needs to be a challenge. and, \*gasp\* *sometimes i don't go to the gym*. if i have to choose, on a low energy day, between the gym and having enough energy to clean the house, preparing for work the next day, plan the weekend, read some more of that book, and not feel like i wanna kill myself, then i am not choosing the gym.

2. trying, failing and trying again. find out what works best for you. schedules, to-do lists, time-management tools, habit apps, whatever. personally, i'm super motivated by long-term calendars (so i don't feel like time is slipping away) and keeping a weekly/daily diary to look back on and go ""fuck yeah!"" huuuge sense of accomplishment there. i'm also motivated by goals and projects. if i need to renovate in my house, i'll set a party a couple months out so i have a deadline. i'm gonna do a tri in a month because two weeks ago i realized that i wasn't progressing my cardio because i had nothing to prepare for. past goals have been a half marathon, a bike tour or even a day of rock climbing at a pricey gym to motivate my lifting. speaking of language learning, i have 6 months to become conversational in german so i can go with my partner to her hometown in switzerland and meet her dad who doesn't speak english well. talk about a motivating timeline! finally, to make these goals achievable, i live by a structured schedule on weekdays with flexibility structured into the weekend.

1. i developed focus and productivity because i had an extremely traumatic childhood and an absent-albeit-tiger mom. to the former, i learned that if i couldn't or wouldn't do it, no one else was going to do it for me. to the latter, my mom expected the best because she laid the example of being the best one can be. she  worked two-three jobs and parented five children after our pos abusive father was legally terminated from our lives. she had a full plate with the basics, and we had to carry our extras. if she could be two parents in one, successfully raising an md, a jd, a phd, a successful writer and a ranking dispatch officer, then i could carry my fair share. i started applying myself to everything as a child. admittedly, i burned out. i experienced a full-blown breakdown and depression twice: once as a 17 year old and again when i was 21. in each instance, i had to learn how to prioritize my interests and balance those with my needs. i'm now 25. 

now that i'm on my own, i realize that my childhood lesson is the same: nobody is gonna do anything for me, and i both want to and got to get a lot of things done, so onward and forward motion. sure, i have the freedom to eat dessert first, but nobody is gonna tell me that's a terrible decision except me, so i gotta do it (most days). at the end of the day, focus and productivity are *just doing the damn thing. put your ass where you want to be.* want to be fit? just put your ass in the gym. want to learn a language. put your ass in front of rosetta stone. want to meal prep? put your ass in the kitchen! want to rest? put your ass in bed, lol.",x,0,0,0,0,0,0,0,0,0,
8,"i'm so sorry for your loss. after a friend died by suicide, i found running to be a key part of my processing, but i also learned to embrace what i now call ""crunning."" sometimes you just gotta cry while running and slow down and do your best but i found the most important part for me was to keep moving forward even if i had to slow to a walk. the sense of routine also helped me a lot, so even if i had to slow down or walk or shorten runs, i tried to get out regularly. of course, these are my experiences and not applicable to all. know yourself and do what you need to do. sending love your way",x,0,0,0,0,0,0,1,0,1,
9,"i'm really glad he's been very public about this. it just goes to show even though someone who is athletic, rich and incredibly good looking is not immune to getting depressed and having suicidal thoughts. i always felt if i was more attractive and made more money that i wouldn't feel the way i do.",1,0,0,0,0,x,0,1,0,0,
10,"i've been throwing down for three months now and i know that's not long at all but i can't help but feel restless and dissatisfied with how little muscle i'm putting on. also i am starting to notice fat from the bulking and i'm anxious about cutting because i don't like counting calories and i am worried about cutting too hard and losing any muscle i've managed to earn. 

i've only very recently figured out how to lose fat after a lifetime of struggling with that and so part of me is worried it was a fluke and if i bulk too hard i won't be able to lose it again. but also as cool as being skinny was, i want to feel strong too. so its worth it, just scary.",0,1,0,0,0,1,0,0,0,0,
11,"really, rough weekend.  funeral friday was probably the toughest one i've ever been to.  all funerals have sad people.  i feel like most have half a dozen or so people (usually family) who can't keep it together and everyone else is there to support them.  no one at this funeral could keep it together.  guy reading the obit broke down.  guy reading the remembrances family members wrote broke down.  pastor giving the sermon broke down.  everyone filed by the casket at the end of the service and at least 75-80% of them were openly sobbing and couldn't hold it together. i couldn't either.  pastor talked about if you struggle with despair and suicidal thoughts that there is hope in christ and when he did half a dozen of the deceased friend's got up and walked out pissing a bunch of people off.  it was rough.

the entire thing left me completely emotionally drained.  i'm an introvert so i have to recharge by basically sitting alone in a dark room so that's pretty much what i did all weekend.  i didn't even have the emotional energy to run.  i wanted to but knew there was no way i could pull it off.  the rest was very helpful though.  easter helped as well as it's such a hopeful holiday and the phillies swept the braves which is always great.  my vaccination kicks in fully on friday so i'm really looking forward to that.",x,0,0,0,0,0,0,0,0,0,
12,"i've just watched this documentary and it's one of the best i've ever seen. 
i'm a big tennis fan, but what stands out the most for me, his that fish his sharing his mental issues. 

suffering from depression for the past 20 years, also being in the situation where i was unable to leave the house, felt suicide would be the best possible way, etc, tennis was actually that one straw that helped me to get out of that dark area. 
after 16 years of not playing tennis and being in the worst mental condition ever, i've joined my hometown tennis club. 
six months later, i started working again. shortly after i've found a girlfriend. i finally felt something like real joy. 

the past year my depression has become worse again. the depression took more and more of my life again. my relationship to my girlfriend suffered and actually we are now breaking up, which doesn't really help either.
i still try to keep things going, to not fall into that deep hole again. but i really feel the need for help for the past year again. 

this documentary finally made me call my psychiatrist (on a saturday..) asking for an appointment.  
so thanks for sharing this link and many thanks to mardy fish for sharing his story!",1,0,0,0,0,0,0,1,0,1,
13,"male, 16 yrs old, 150 lbs, 5'9, been lifting for 1 year. been dieting (most of it cutting) for same amount (1 year), implemented one bulk in between and now i'm here. on vacation atm and want to be able to go out and have dinner/lunch with family. the only thing holding me back is the high calorie foods. just ate a fried chicken burger, now i'm feeling the regret and just keep thinking about it. anything i'm missing here? overthinking it? my plan is also to bulk when getting back from vacation (5th july). any help is appreciated",0,0,0,0,0,1,0,0,0,0,
14,"i don't want to die of a heart attack in my sleep before i'm 60 like three of my uncles (across both sides of the family). 

the mental health benefits, the incredible feeling of calm at the end of a long run or hard lift where you've expended all of your energy, the fresh air during a long trail run.

i want to be strong, i want to look strong.  it took almost 3 years, but my post c-section abs feel normal again.  better than normal. i can see them for the first time ever, i did 170lb cable crunches this morning.  i like feeling like a badass, i like adding more weight.  if we have another kid, and i end up with another c-section, i want my recovery to be easier, even though i'm older (35 now).",0,0,0,0,0,0,0,0,0,1,
15,"i think about other stuff that’s parallel. we let people get body mods that make their bodies look totally freaky even if they’re not smart, we let people jump outta planes, etc, but we don’t let people kill themselves/self harm, etc. so i think there’s a line somewhere where it’s a problem/mental illness",0,0,0,0,0,0,0,1,0,0,
16,"it sounds like you might be a bit burnt out. what about taking a week or so break from fitness, or just cutting down on workouts and see if that helps.",0,0,0,1,0,0,0,0,0,0,
17,"it's not bullshit per se, but it is grossly oversimplified. the ability to gain muscle while in a deficit is dependant upon abunch of factors such as level of body fat, muscle mass, protein intake, how big your deficit is act. 

what has become more popular is a body recomp, which means you eat at caloric maintenance (or a very small deficit) and workout. the advantage of this is for people to have slow sustainable progress. the downside is that it's slow progress. i prefer it to the bulking and cutting cycle only because as someone who was formally fat, the idea of bulking impacts my mental health, but this ensures that i make progress.",0,0,0,0,0,0,0,0,0,0,
18,"on ostarine now, been on it for 2 months now. it’s been great in maintaining/building muscle while i’ve been cutting. i bumped it up to 25mg, but that was too much for me. had really rough insomnia. i do best on 18mg a day.",0,0,0,0,0,0,0,0,0,0,
19,"there parents are in a tough spot. these elite gymnasts have insanely driven personalities. they are crazy dedicated to their training and getting to the olympics. 

so, i think the abuse happens slowly over times as the coach gets the parents used to it very gradually. then as some point, jordyn is an elite athlete and on the national team. it's almost impossible to change coaches at that point given how they treat gymnasts who switch elite gyms. 

what does a parent do when they get to the point where the coach crosses a line? pull the plug on the whole thing? and ruin their daughter's chances at olympic gold? 

i would. but that doesn't mean it's an easy decision. 

for me, this is the insidious nature of gymnastics coaches. they are master manipulators. and they have structured the sport so that the gymnasts have virtually no power once they reach an elite level. the coaches physically destroy their bodies so that they can't compete elite after age 19 it seems, so the athlete can't control their own destiny. 

it's much easier to control and manipulate a 15 year old who has never been to the olympics than a 21 year old gold medalist.

this is what the coaches want; to only coach teenagers who are naive to their bodies and the world. 

i think this was amy's truly best thing that her and simone did together. they rejected the idea that simone had to kill herself. they let things unfold at a natural rate with a special emphasis on maintaining simone's physical and mental health. 

i really think this path should be studied more. amy treated simone as if she wanted her to compete until she was well into her 20's. 

aly and gabby's path was completely different. it was simply doing the same thing again and hoping that their bodies stayed healthy enough to make it, which they did. 

some will say simone is a freak athlete (which she is) and that her path isn't reproducible. i would disagree. how many world aa champions have flamed out because their bodies fell apart? so many. 

i would say it's because their coaches almost on purpose push them to the point that their bodies fall apart. the coaches don't care about the long term health, they care about making the olympics and getting new recruits. so, they are incentivized 
 to push and push just to make sure they get to the olympics in order to cement their career as a coach and make them more money.

and this makes sense if you look at amy's career. she stopped coaching elite after 2016. she didn't care about getting more elites and increasing her status as a coach. so, this is why she was much more concerned about simone's long term health than other coaches. 

and this is the exact opposite of geddert. the guy was living and breathing sociopath who was obsessed with getting as much attention and money and status as possible. so, he abused his athletes accordingly and let nassar abuse even his star athlete. 

the man should be in prison for the rest of his life. what a fucking scumbag.",0,0,1,0,0,0,0,0,0,0,
20,"the stress stemming from all this has been doing a number on me. i have to go into work today and tomorrow, and then will hopefully be working from home until the state reopens the schools -- could be 2 weeks, could be more. i don't plan to leave the house unless i absolutely have to. with all the extra time i'll have, i'm going to try to do some extra cardio and yoga this week. since i don't know how long this will last, i think it'll be good for my mental health to focus on starting a new daily routine, even though it'll be temporary. 

if anyone has other advice for the mental health side of things (beyond limiting my time spent reading the news and checking social media -- already cutting way down on that), i'm all ears!",0,0,1,0,0,0,0,0,0,1,
21,"these pictures are exactly 14 months apart. i'm 28/5'10''/ 236 in the before and 197 in the after. now... i did not just start lifting 14 months ago, i have been lifting since i was 19. i built a really nice physique for myself before the befores. i just really let myself go... again. i was depressed, hated my shit job, stressed about my future, constantly hurting my back, using my favorite substances irresponsibly, eating like shit everyday and constantly blaming my own shortcomings on everything else. those aren’t excuses though, those are side effects of me abandoning the iron path. i’ve let myself go like this before (https://i.imgur.com/dihrnjb.jpg) and along with my fat gain almost every other aspect of my life fell apart too. it always starts with me skipping the gym. 

i always need to fuck up a few times before i finally figure it out. the fact is i need the gym. i need structure. i need the diet and consistency. if i can master my mind, i master my body and it helps me master my life. i’m the healthiest i’ve ever been and my life is in a great place as well. i finally finished school, i’m moving to colorado to pursue my dreams and i have the absolute greatest partner in the world. i don’t think it’s a coincidence it all came together like that. i made that shit happen. 28 has been a much better year than 27.

i now have the urge to compete. i had my eye on the dennis james classic on may 26th, but i don't think i can be stage ready by then. i did this entire transformation on my own. diet and training. i think i've let myself get too low on calories the last month and need to reset my metabolism a bit to get into contest shred mode. i'll probably have to hire someone for that. i'm also looking to do classic physique because that's mah shiiiit. mike mentzer mode is ultimate goal. if anyone knows of a show in az/colorado this year let me know.

i did a bro split the first 6 months and a push/legs/pull split the last 8. before anyone asks, i used some sauce. after about 7 months i hopped on 525mgs of test prop and 50 anadrol for 6 weeks. cycled off and the last 10 weeks have been on 400mgs test e and 50mgs var to hold onto my precious gains while cutting.

i appreciate anyone who took the time to read this and look at my pics. i'll answer any questions you might have. i love this sub. it's helped me a lot and i'd like to give back to any other average gym bro if i can. if i can make it, brah. anyone can.",1,0,1,0,0,x,0,0,0,0,
22,"&gt;firearms suicides rank highest

maybe in america, but in most places where firearms are less prevalent or the gun culture is very different men still grossly outnumber women in suicide deaths.

the leading method of suicide in most of europe is [hanging](https://jech.bmj.com/content/62/6/545.short).  i can't see how men and women would have differing levels of access to rope.

drug overdose is also a big one for women yet seemingly not as much for men, and men have just as much access to drugs as women.",0,0,0,0,0,0,0,1,0,0,
23,"honestly, the gym hasn't been good for my mental health. everytime i go, i feel beat down. i get worked up about ""bulking"" as a post anorexic guy. seeing all this buffer guys than i is really making me suicidal. i almost killed myself once after a workout because my body hatred swept up and i couldn't breathe. my body tenses up and i want to cut. me and my therapist can't seem to figure out how to fix my attitude to this. i think i'm going to give up the gym and try to workout some other way. this got way too unhealthy, too fast.",0,0,0,0,0,1,0,1,1,1,
24,"i finally managed to pull a 180kg (396lbs) deadlift after recently breaking up with my girlfriend. i suspect she had already been cheating on me and the breakup was merely a formality. 

i had also just finished my first peaking program and failed every single max attempt. i stopped eating, but continued to lift, and lost 6kg in a very short time. 

i stopped taking care of myself and was spiralling out of control. i decided that i was going to do one last max attempt,
and if i missed it i was going to kill myself. 

i know it’s only lifting. it doesn’t even matter but a lot of things lead up to this decision. 

everything was stacked against me. i barely slept the night before, had a bad day at work, no pre workout. 

if there is a higher power, that higher power decided i wasn’t going to die that day. 
every single lift went up and felt like an empty bar. i had to double check that i hadn’t miscalculated…

when i realised that i had finally done it. a huge wave of relief washed over me. i literally bowed over the barbell and almost broke down in tears because i was very serious about killing myself if it didn’t happen. 

i’ll be fine. i’m working on myself and in the process of learning to love myself.",1,0,0,0,x,1,0,1,0,0,
25,"this reminds me how sad i felt on one of my favorite feminist groups seeing all the ""my resolution is to eat as shitty as possible, etc,"" ""my resolution is to (insert thing here about staying overweight followed by something promoting binge eating, being sedentary, etc behaviors like they're an act of progressive rebellion)"", like you're damaging the patriarchy by taking bad care of yourself. 

yes, sexist standards exist for women's bodies. no, we don't exist to be thin, pretty baubles to be stared at. but pleasing men isn't the only reason to lower your body fat and workout. it makes me sad seeing women hate on other women for wanting to change their bodies in a safe way that makes them healthier and feel better just like fat shaming makes me sad. we should be free to do what we want with our own bodies, and to hate on someone for doing something that is *physically and mentally good for them* if done in the right ways is really lame. 

this sort of thought process really held me back when i was obese too, like i was giving into the man if i admitted i wasn't happy and didn't feel as good physically. i've had a lot of feminist friends make some *crazy* comments to me about my weight loss, like i'm a terrible, shallow person for not staying overweight with them (then in the next breath they'll express dissatisfaction about their appearance or health). 

i can be a feminist and still acknowledge working out gives me an endorphin rush, mitigates my depression and reduces my aches and pains. i can be a feminist and support plus sized women and find them beautiful and still not be happy with the way i look as a plus sized person and prefer myself smaller. my choices for my body are not  a comment on other people's bodies nor is my losing weight (over three years, in a very healthy way with zero fad diet or cutting of food types) an endorsement for an out of control diet industry or media that presents very few body types.",0,0,0,0,0,1,0,0,0,0,
26,"i'm 22, will eventually complete an engineering degree, and going to make a salary of at least $60k. i come from a financially successful family, will have no student debt, and can fall back on my parents if i need to. i have every need satisfied that is required to survive. i have suicidal thoughts because i lack fulfillment, a mission, a purpose to exist essentially. years of telling myself i'm worth nothing and not good enough despite my academic accomplishments takes a toll on you. i also have a hard time with having such a great upbringing and not having a large impact on society, like someone else could do better than me with the same resources.

klove could have a similar situation. great basketball player, nba champ, but kept his head down and grinded for his entire nba career. now that he sees the end of his nba career in the coming years, he could have the same struggle for fulfillment as well. he could just not see basketball the way his peers do and it's just a job to him. 

just to be clear, i'm not a psychologist or a klove expert but these are just my experiences. for my situation, i'm not clinically depressed, so cognitive behavioral therapy, or changing your mental habits, would greatly assist me. for those who are clinically depressed, you're more likely to need therapy like someone with an allergy needs an epipen (for the rest of your life). meds don't fix it, science doesn't understand it, so it's something you have to live with.",1,0,0,0,0,0,0,1,0,0,
27,that was self harm because he was mad at himself not somebody else. try to actually have a goal and life and see how calm you will be when you fail it.,0,0,0,0,0,0,0,1,0,0,
28,"i mean there’s a much better chance that regular cops could miss a killshot, and being alive but paralyzed from the neck down is probably the worst case scenario to someone that’s suicidal. it’s a really dark situation regardless",0,0,0,0,0,0,0,1,0,0,
29,"&gt;preventing it furthers the notion that trans women aren't real women

if we're talking biologically, they're not. that's just the truth. and that matters when it comes to physical activities where competition is involved. 

&gt;if they are allowed to live as a woman, including in sports participation, that is likely to contribute to their perceived acceptance and lower suicide rates.

so this should be done at biological women's expense? what about the girl who doesn't have a spot on the team who would have had it if not for the biological male who was basically a shoe-in based on the genetic advantage alone? why do the girls not matter, here? why is the focus only on the trans woman and what they want?",0,0,0,0,0,0,0,1,0,0,
30,"i used to be very overweight in my early 20´s. life hit me hard with things i didn't know how to cope with and started eating more and more out of pure anxiety and self loathe. i saw myself in the mirror and i was disgusted and also no girl would date me or hook up with me. im only 5´11´´and weighted 260 lbs. it wasn't easy but all it takes is 1 day of saying enough is enough to yourself. started with portion control and cutting unhealthy stuff, and from there one step at a time started walking more, got a gym membership and got in really good shape. i got down to 205 lbs. if i could do it, you can too.",x,1,0,0,0,1,0,0,0,0,
31,"i had  panic attacks and anxiety for the major part of this year, i have got them under control via finally figuring out medication that works.

however, due to this i have put on 43lbs of weight (from 190lbs to 236lbs). i am a college student taking 22 credit hours (7:30am to 5pm classes every day). i am well versed on basic knowledge of cutting and calories.

what caloric intake i should start if i want to cut for 8 weeks? i am getting different results everywhere.

i am 6'2 107kg and walk 10k steps a day. i try to follow gzclp but sometimes have to miss a week due to scheduling.

any recommendations?",0,1,0,0,0,0,0,0,1,0,
32,"i’m 5’6” and around 160 right now. just over the top of a healthy bmi. i don’t think i’ll ever overcome body image issues entirely, but i’m in a healthier place mentally than i’ve ever been from almost a year of reframing the way i look at diet, exercise, and myself through:

1. non-scale and aesthetic goals - smart goals don’t really work well for me. i wanted to climb mountains. so i started climbing mountains. and then tougher mountains. i thought i was too socially anxious group exercise.    so i tried bikram yoga, sucked at it, kept with it, and now i suck less at it. i decided to go on my first run since middle school. so i did. and then signed up for a half marathon. and ran it. in the next 6 months, i’m going to finish my peakbagging list, run a marathon, and fingers crossed, feel comfortable enough in my body (no matter what it looks like), to bare my midriff at bikram and the beach.

2. what i consider failure - i remind myself that having days where i overeat or days where i skip exercise are not punishable offenses and that emotional/physical self-harm is just exacerbating the issue. i analyze and reevaluate the standards i set for myself much more often and don’t let myself be as harsh. even when i think my goals are reasonable and i press snooze 1,000x or stay in to read on the couch instead of running in the rain, i look at as something i needed and get back in it the next day or week or even month. it’s really hard and i still have binge/purge slip ups but they’re coming less and less frequently. 

3. the way i talk about my body - i would never think or talk as nastily about my friends’ and family’s bodies as i do about my own. plus, when i do, it hurts people who don’t know it’s about my own self-hatred and not particular features they may have as well. overtime, focusing on them less has helped me like my “problem areas” a lot more.

4. how other people talk about my body or fatness/fitness in general - i’m a lot more assertive about telling people their words are unkind or inappropriate and that their opinions on body type or fitness level are simplistic or prejudiced. sometimes it feels a little bit spiteful, but it’s satisfying and i think good if it even occasionally has the effect of people being kinder to themselves and others.",0,1,0,0,0,1,0,0,0,0,
33,"i’m sure you’re trying to be funny, but i was serious. 

your libido takes a huge hit when cutting weight. obviously your body prioritizes other functions over reproduction when it thinks you’re starving.",0,0,0,0,0,0,0,0,0,0,
34,"how do you all avoid getting sick, or handle it when you do?

i have a sleep condition and asthma. so for the past few years, \~1x a year i'll get a cough that takes ages to go away (we're talking like a month, though inhalers have helped lessen the severity if not the duration). obviously i don't want to kill myself at the gym when i should be recovering - but it's really demotivating to work out consistently then get shitcanned by my body, and i feel like i have no control over it. i definitely don't look like i've been working out as long as i have - mostly due to these periods where i have to rest.

part of me says, ""oh, it's just a cough"", and while i could go to the gym, it leaves me feeling tired as hell.",0,0,0,1,0,0,x,0,0,0,
35,"lsd and dmt has me.appreciating life in a newer perspective. i lost everything and everyone i care bout and didn't harm myself and used drugs as a way to stay alive without wanting to kill myself but it ws too heavy a weight to handle that and do my gym thing. no juice wod be touch until 365 days clean and a solid base created. i highly regret not juicing was in my best natural state, because i listening to a woman i loved who mow loves in.a crack.hoise with some 52 year old coke dealer. i think juice will.help me live like a lion as true revenge instead of bring myself to an early grave. but understand your perspective.",0,0,0,0,0,0,0,1,0,0,
36,"i can only post what i know; this story will have its fair share of disbelievers. skip to the very bottom for advice. 

tldr — went from 2-sport ncaa athlete to 7 years of wrecking my body as a slowly suicidal borderline dead binge eater who’d get sore from a trip to costco to a 35-year old who’s stronger than his 22-year old ncaaf self. 

* ***background***

i was an ncaa football and baseball player for 2 years, so by age 22 i had a pretty damned good body and base strength. 

i maintained that until age 28-29 — i didn’t try to really go bigger or stronger since i felt like it wasn’t practical and at 176lbs and 5’10” with sub-10% body fat and 1rm of 315lbs on the bench, 385 squat, 365 dl at the end of college, and at age 28 it was probably 80% but i was 5’10” 170lbs, probably ~12-14% body fat. went from about a 31” waist to 32-33”. 

* ***road to slow suicide***

then, stress and bad behavior happened. 

i spent *7 years intentionally wrecking my body*. 

some attorneys drink all day and go through an altoid tin a day. some do coke. some do heroin/painkillers. some do xanax. some do a mix of the above. 

many do at least one of the above. 

it comes from trying to self-medicate from stress and anxiety, with feelings of...satisfaction from intentional self-destruction and self-loathing. 

* **how i almost slowly committed suicide**

eating fast food 80% of meals, and i would try to get the unhealthiest combo. 

trying to get diabetes, as for the final 2 years i was averaging probably 100 pints per year of ben &amp; jerry’s ice cream.  i’m serious.

the other 20% of meals? they were restaurant foods...just more expensive junk food. 

drinking a whole carton of oj every 2 days telling myself “it’s good for you, that vitamin c” even though i drank it for the sugar. 

you know you’re conscious of your energy expenditure and steps etc? i was, too — just the opposite direction. i’d try to be sedentary and try to hit new lows on distance and steps walked. i had a month where i averaged 0.18 miles/day. 

i completely stopped working out. 

* ***results of slow suicide attempt***

pre-diabetic

went from 170 to 192lbs, no doubt losing like 10-15+ lbs of muscle and gaining like 35+ lbs of fat

waist went from 32 to 36 inches

playing one company softball game left my entire body sore for the next week

my blood pressure went from 132/85 to about 118/76....

but my resting heart rate was 100 bpm on the dot according to my life insurance carrier. 

low blood pressure and high hr? 

yeah, i got diagnosed with ***hypertrophic cardiomyopathy*** — basically the heart is too big overall, making its valves smaller and the heart less efficient and more susceptible to many heart problems, like heart attack and death.

 it was something i was born with, something that makes pro athletes retire, something that is a leading cause of death in young adults and the leading cause of death among overseas soccer players (high number of deaths on the field/pitch — because i like the us they don’t screen for hcm)

my doc said i wasn’t just shaving years off, i would eventually die. i didn’t listen. it was caused by stress and diet and a sedentary lifestyle. 

i began getting fainting spells in 2015. fainting. because i had a constantly 100+ bpm heart pumping low blood pressure. 

nothing healed fast. cuts, bruises etc would linger for weeks due to a slow metabolism. 

*going to costco and simply lifting 10-15lb items made my arms sore the next day.*

i was disgusting as fuck with the huge flabby body and small tiny untoned arms and t-rex like forearms. 

if i tilted even 20° to the side i would fall off balance due to the absence of any core muscles and added weight. 

* ***wake-up call***

my wake up call was when i was lucky i didn’t die when i fainted walking into the kitchen and planking head first into the tile floor. i woke up to a huge pool of bright red blood. i had a skin flap cut on my forehead. needed stitches. nasty scar.

i was 5’10” 192-195lbs with 26.7% body fat (water tested), with a heart condition likely to kill me, 100+ bpm hr, and got zero attention from girls and my coworkers actively said “dude you need to hit the gym.”

* ***somehow lifting stronger at age 35 than at age 22/ncaa athlete***

i began changing my lifestyle after thanksgiving 2017 and really committed in january by only eating healthy foods and by working out 6x a week (chest/tris/shoulders/abs 2x, back/bi/leg/dl 2x, then hiit 25-min medicine ball + kettle bell workouts)

*i could only do 4 reps of 65 lbs on the bench my first workout. just 7 years later i repped 4-5x as heavy for 10 reps*.  

it is now july 3-4. or 6.5 months later. 

i have only taken creatine and whey protein power. 

but i eat only 1 non-healthy/cheat meal a week. 

i eat only for purpose. my dessert is a kale/baby spinach/wheatgrass juice/flaxseed meal/almond milk shake. 

**in only 6.5 months i went from benching 65lbs x4 once to 225lbs x 5, 205 x 5 x 2. my strength is essentially 4-6x what it was six months ago, and i’m actually 5-15% stronger than my ncaa dual athlete self nearly across the board ...at age 35.**

i no longer have heart *symptoms*, as my resting hr is 60. zero head rushes let alone fainting. no more pre diabetes. 

i now weigh 198lbs and have 14.7% body fat — so i gained 6lbs (much of it creatine water weight no doubt) but loss over 10-11% points of bf. 

* ***what i think i did that made me surpass my peak self***

i upped my creatine from 5 to 7.5mg per day. 

i eat a super clean diet and get my macros and cals from healthy foods. lots of super foods. 

new foods: flax seed (can’t recommend enough), wheatgrass, kale

cut out dairy and refined sugars

i make sure to carbo load before working out. 

i always always always eat a big protein and carb meal less than 45 minutes after working out. 

i take 60g of protein shakes a day. take probably 160-180+ g of protein/day. 

i rest for only 30-45 seconds between sets — even heavy lifts — and i am a sweaty mother fucker after lifting. but i fit in intense workouts within 60-70 minutes. 

i make sure to strictly adhere to m-sat workout with mandatory sunday rest, and **i only spend a total of 5 hours or so in the gym across 6 sessions per week.**

i took one week off at the 5 month mark and got stronger when i came back

* what i am like now

i’m down 3.5 inches to 32.5 and counting

i need only 6 hours of sleep — i can’t even sleep more than 7.5 hours no matter how exhausted i am. and i’m like first 30-min of coffee energetic all day long. 

i am stronger than my 22-year old ncaa football self

i look like a football player in that i don’t look 200lbs at 5’10”; my cut would bring me down to maybe 185-190 or so. 

i heal insanely quick from injuries. i tore/pulled my hamstring, complete with the “pop,” and i had the same injury at 25 — it took 4-5 weeks before i could run again at 25. at age 35, i could sprint after 10 days. 

i am killing it at dating/tinder with girls 23-30. 

* ***advice***

seriously, faster and more intense, less cool down time. really put your muscles to the test. 

don’t fuck around on your phone between sets. the 30-45 seconds go by fast. 

eat clean and healthy. i actually don’t count anything. i just eyeball everything. 

take a 1 week break. 

try creatine if not on it yet. 

eat more carbs before working out; i ate minimal carbs once and could lift only 60-70% of the weight from the week before. 

try using the steam room more often. it helps with circulation. 

my guess is it’s something to do with diet, rest, and intensity of training.",0,0,0,0,0,1,0,1,0,0,
37,"suicide cut ~25 lbs, then bulk through the winter with gear, probably eq/test

or? slow cut, and have my bulk run through spring a little bit?

i’m on trt, so suicide cutting isn’t super detrimental to my gains

going through a breakup, losing my relationship fatassery and hoping back on dat dere",0,0,0,0,0,1,0,0,0,0,
38,have you read tanking to the top? okafor watched his mom die when he was a kid and dealt with severe depression and suicidal thoughts for a long time because of it. his mental health was a big reason he didn't pan out.,1,0,0,0,0,0,0,1,0,0,
39,"same thing happened to me. i think it's burn out - i'm still discovering why it happens to me. i'll be going to gym super well but then i think start to feel overwhelmed because when i'm doing well at gym i'm also being super productive with other stuff - work, house work, being really efficient in my regime etc and it's tiring. i also don't allow myself flexibility, so when something goes out of whack it's hard to deal with. 

another thing is that if i feel i'm not being productive in my work, i don't feel like i can go to gym, then i feel guilt about both things and it turns into this horrible cycle. trying to be kind to myself and finding other ways of helping myself to be productive seem to be going well so far. i am just into my 6th week of being in this 'productive' mode after 2019 fell kinda flat for a few reasons (injuries, burn out, some environmental depression because i didn't feel i was doing well at work etc). i made some changes to how i do my work which are helping. i'm cutting but still eating like 2k calories which is helping, it's less stress. 

how is the rest of your life? do you get support in your other life activities?",0,0,1,1,0,0,0,0,0,0,
40,"i started running seriously to get rid of my medication (2 pills of prozac a day), as it was either medicate or do rigorous exercises on a daily basis. 

my doctor has recognized the good effects she can see on both my physical and mental state. now i can think clearly and do not have to fight my suicidal ideas.   


definitely, i am not planning on stop running ever...",1,0,0,0,0,0,0,1,1,1,
41,"i'll second all of this! adrienne saved my back with yoga, and helped me ease into working out again. i was depressed for a few years after a friend died of cancer, my dad died of cancer, and a friend committed suicide, all within a year. i'm feeling so much better, but i know exactly what you mean by not being motivated. it's really hard to find a reason to do something good for yourself when you feel that way. yoga is great. it's meditative, challenging, and doable.",1,0,0,1,0,0,0,1,0,1,
42,i mean if you also want to classify any form of exercise as self harm then sure. this is just a diet. very different from ed.,0,0,0,0,0,x,0,x,0,0,
43,"i can't fucking stand cutting. it's 1:22. i can't sleep because of the heat. i'm starving. there's so much good food downstairs that i can't touch because it will fuck up both todays suffering through the same old poultry and broccoli and my mental discipline. i'm not even halfway done. i've got weeks and weeks to go of this shit. will it even be worth it once i finish and end up, even when clean bulking, adding on 50lbs of fat in the space of 2 days?

&amp;#x200b;

i know this is what makes having a good physique impressive, but i fucking love food. i hate having to lie here hungry. i hate busting my ass off in the gym, knowing the workout is 'wasted' because i won't make gains in my deficit. i hate cutting. the end.",0,0,0,0,0,1,0,0,0,0,
44,"speaking from experience here.

i started running when i was 8. when i got to middle school i started feeling depressed and eventually suicidal. i never told anyone, because i felt like no one cared anyway. at that point all i had was running, but i never felt motivated to go run. however, once i was running i felt okay emotionally. i think if you can get yourself to run it will help you eventually get better. i hope this helps you because it definitely helped me.",1,0,0,x,0,0,0,1,0,1,
45,"depression acting up boys

ive been doing some thinking about my depression, my happiness, and what causes each. came to the conclusion that studying a thing that actually interests me at all, would go a long way. i heavily dislike my major. i'm really worried about money tho, ive wasted 3 years, and only have financial support for 2 more years (designed time to graduate). 

also its insanely hard for me to do anything to further my goal of being happy and beating depression. i know what i should do in order to progress, but i just don't want to. i'd love to talk to a professional, but its expensive. i dont use money for anything but food, rent and bills. 

also finally met a girl i liked but she didnt like me back. unlucky i guess.

i just wanted to vent guys, i'm sorry. atleast my suicidal thoughts are gone, since i realized how much harm it would do to people who care about me, and it's not an acceptable solution. and my cut's going well, most disciplined i've been so far.",1,x,1,1,0,0,0,0,0,0,
46,"one bright side about cutting is that it seems to be reducing my flight anxiety

i guess i cant waste energy being scared of flying if i dont have any energy",0,1,0,0,0,0,0,0,0,0,
47,"i'm glad you've found a release for your anxiety and stress. i also use running as a mechanism to relieve the stress of the day and tend to get more anxious and depressed when i don't run often enough.

there are hotlines to turn to if you are feeling suicidal. a family member of mine committed suicide when i was very young and it has had a profound effect on my life to this day.

stay strong.",1,1,1,0,0,0,0,1,1,1,
48,"i thought i clarified the question pretty clearly in my topic post.

as in, if i were at a park or gym, training from morning til night, and i used lighter weights so that my muscles wouldn’t quit the same way they do when lifting my 5 rep max, what would happen hours later when it’s time to quit? would it be a certain kind of anemia feeling, a sudden drop in blood pressure, a feeling similar to a panic attack, a sudden feeling of intense heart pounding awareness like when someone smokes too much weed or overdoses on adderall. i’m asking the people here who have done extremely long periods of working out what it felt like when they knew they had to stop in order to not need an ambulance.",0,0,0,0,0,0,0,0,0,0,
49,"looking for personal experiences.
f, 26, 160cm, tdee ~2000-2200.
currently eating 1400-1500.
100g protein minimum. 
hiit 3 days a week, lifting 2 days a week with 6-10000 steps per day depending on work.

i've just spent the last 5.5 weeks on a cut taking myself from 64.7kg to 60.5kg. i was having absolutely no issues maintaining energy levels throughout the day, sleeping well and generally staying on track. 
i've hit a wall though, 2 days ago. as if it occurred overnight i'm exhausted all the time, sleeping poorly, wanting to make poor decisions with my diet so every day is a battle to stay on track. 

ideally wanting to continue cutting until i'm ~57-58kg. looking for advice regarding getting through this ""phase"" in my cut and keeping up with progressing.",0,0,0,x,0,x,0,0,0,0,
50,"girl i’m in the same boat, i’m 5’3”, was a chubby 155lbs in high school, lost ~25lbs right after high school basically just dieting with little exercise (so i became very lean). over the years i really got into running, biking, and yoga... now i’m 31 and 153 lbs, very muscular with some leftover fat. i’ve been told i look very athletic, but seeing the number on the scale automatically shoots me back to the chubby, self-conscious girl i was in high school. sometimes i get frustrated that i can’t get below 150lbs without serious calorie-cutting. but i don’t look anything like i did in high school, and am definitely healthier than i was at 130lbs (where i was probably on the border of an eating disorder). it’s easy to get lost those thoughts and numbers though, i hear you. i just try to remind myself how much better i feel now physically and mentally, that now i’m so much stronger and more capable than at any other version of my body.",0,0,0,0,0,1,0,0,0,0,
51,"how to work around decreased performance while cutting? 
i haven't lost much weight but i've been losing fat like crazy and maintained 180lbs. i went from 14% to 12% and when i got to 12% this week, my lifts get weaker. instead of doing straight sets, i can only do a top set. i still managed to increase weight for 5lbs but my reps and sets decreased. i feel more tired and hungry.

 i used to do 6 sets for arms per workout, now i can only do 3 direct sets and they're fried. last week i was perfectly fine. this week is making me depressed because i'm afraid to lose muscle due to lack of intensity. 
my arms are shrinking and aren't getting more vascular. flexed size is the same though. i fear that my arms are the only part losing muscle. anyone have tips to keep size and work around decreased performance?",x,0,0,0,1,0,0,0,0,0,
52,how is it possible to do the suicide grip without pissing your pants? i'm way too anxious whenever i try thumbless,0,1,0,0,0,0,x,0,0,0,
53,"not sure why you doubt that. i run/walk or just walk 90 minutes to 2.5 hours regularly. if you live in a walkable area, it's very easy to end up doing this. if you are, as op states, looking for mental health benefits then this extended time can be very helpful in changing your outlook on life. she drinks coffee midway and seems to incorporate this activity into an extended morning routine. i totally get wanting to have the higher mileage/more time out there even if your running fitness/base isn't there yet. my personal route to improvement with this has been using intervals. break the run into consistent run/walk intervals &amp; gradually increase the run &amp; reduce the walks. pace will increase pretty naturally.

as for weight loss, i think we just don't know enough about op to make more than general suggestions. she describes herself as overweight, but we don't know what that means. many women describe themselves as overweight but are actually healthy. personally, i found that weight loss became much harder after 40 and calorie restriction becomes a much more challenging way to achieve it. for women over 40, keeping your basic metabolism up is critical. this means maintaining or even building lean muscle mass - either through bursts of intense intervals and/or weightlifting. otherwise, you just find you have to eat less &amp; less via calorie restriction. my own experience is that running did help me lose weight pretty easily as my mileage &amp; pace increased. op might start by just focusing on conscious eating: what food feels like it sustains a more active lifestyle; stopping eating before ""full"" (which is often over-full); paying more attention to and enjoying food rather than mindlessly eating; cutting back on unhealthy snacks &amp; mindless eating. look for easy cuts (soda, candy) that are high-calorie, low-nutrition/energy. but again, i think adding some bursts of intensity in running (short ones) will help pace, calorie burn &amp; can encourage healthier eating choices to sustain it.",0,0,0,0,0,0,0,0,0,1,
54,7pm is game 7? y'all killing me man! really tryna make me suicidal at night? at least let me end myself around 5 after the game is over. only thing that can save that day is if man city win the premier league.,0,0,0,0,0,0,0,0,0,0,
55,"on the contrary, a suicide hotline*(edit: forgetting a word made this look really bad) helped me with my depression over a sporting event. you never know what someone's situation is",1,0,0,0,0,0,0,1,1,0,
56,"to be completely honest when i was heavily working out 5/6 days a week in the past ( a series of shoulder injuries and a really bad break up caused like a 3 year stoppage and like 100lb weight gain) i was still always dealing with chronic depression. while the meditation element of rowing has definitely helped. whats been the biggest game changer for me is what i've dubbed ""pixar therapy"" which entails doing about 2 grams of psilocybin mushrooms and sitting alone watching pixar and similar movies on my projector. i do this about twice a week. studies have shown shrooms to help greatly with treatment resistant depression. i just add the pixar movies in to help keep an over all positive and engaging message going as the shrooms work their magic rewiring my brain. i went from 20+ years of chronic depression and constant suicidal thoughts to, for the past few months now, nearly depression free. like i get sad sometimes obviously but the constant, nagging, exhausting thought of suicide and subsequent task of trying to convince my self not to has completely gone from my life. people don't understand how exhausting it can be having to talk constantly yourself out of ending it. thank god that part of my mind has been fixed.",1,0,0,0,0,0,1,0,0,1,
57,"i started yoga, so maybe a bit different. i was depressed, suicidal. and had a raging eating disorder. i would sit every night and eat my feelings and then get rid of it. i needed something to fill the space and my therapists and doctors had been recommending yoga for years. i bought a 2 week pass on a whim and slowly fell in love. it took a year or two but now i’m a different person and mostly love life. i’m so thankful. i don’t think i would’ve had the same benefit from other exercise at the time. i need the self love, kind words, and community",1,0,0,0,0,1,0,1,1,1,
58,"it's less be proud *because* you're fat and more be proud *regardless* of your weight. don't hate yourself. don't think you're worthless. don't think you're unlovable. don't be suicidal just because you're fat. she's fat and she knows it. her doctors have undoubtedly told her about her health risks. but that doesn't tear down her self confidence. and when people are attacking your specifically because you're fat, you mock their attacks back. hold your stomach and jiggle the rolls while telling them fuck off. that's my perception of her.",1,0,0,0,0,1,0,1,0,0,
59,"i can absolutely relate. i cycle more than i run, and i'm not quite a daily drinker, but yeah i'm right there with you.

what is it that you're after or wanting to achieve? drink less or stop altogether?

4 years ago i had just started a dry spell that would end up lasting 8 months and 3 weeks. i initially just wanted to go a month but i felt so good in the beginning that i just kept it going. part of me really regrets drinking again but hey it is what it is.

as others have already said, running was great alternative, i started running immediately after i got home on friday evenings and there were several saturday's where i was contemplating staying sober or having a drink and going for a 6 mile run always kept me on path.

the hardest part of where i'm at now is i use drinking as a reward for barely eating throughout the day and then going on a run or cycle after work. so i've pavlov'd my brain into always expecting booze afterwards.

with that said though, this time last year i actually took a 5 week break and to remedy the reward situation i picked up several different brands of craft beer, this was a good alternative as i absolutely do love the taste of a great beer, but obviously i still missed that buzz.

i've been trying moderation for the longest now, but as the old saying goes it's easier to have 0 beers compared to 1 or 2 beers. i've researched addiction and read so many memoirs on alcoholism over the last few years that the general consensus is that it's damn near impossible to ever drink ""normally"" again after reaching a certain point.

i keep telling myself ""this is the last week i drink how much i want, next week i'm cutting back"". well that's been going on for all of 2021 with no signs of changing. i'll inevitably have to quit completely again and this will probably be determined when my wife threatens me with divorce.

just my two cents.",0,0,0,0,0,0,0,0,0,1,
60,"carol seppilu (instagram @nasqaq). a chill runner from nome ak. she is a mental health champion as much as an athlete and is very open about suicide awareness. she brings so much light to this sport.... check her out!

already mentioned, but native_women_running instagram as well!",0,0,0,0,0,0,0,1,0,0,
