month,n,adhd,anx,adhd_rate,anx_rate
2018-01,25015,126,942,0.005036977813312013,0.037657405556666
2018-02,26332,133,968,0.0050508886525900045,0.03676135500531672
2018-03,30830,200,1820,0.006487187804086928,0.05903340901719105
2018-04,28573,157,1042,0.005494697791621461,0.03646799426031568
2018-05,33730,149,1702,0.004417432552623777,0.050459531574266234
2018-06,29281,181,1273,0.006181482872852703,0.04347529114442813
2018-07,29083,239,1310,0.008217859230478287,0.04504349620052952
2018-08,18936,185,1336,0.009769750739332488,0.07055344317701732
2018-09,15185,125,1027,0.008231807704972012,0.06763253210405006
2018-10,19774,107,895,0.005411145949226257,0.04526145443511682
2018-11,23686,89,1101,0.0037574938782403105,0.04648315460609643
2018-12,20967,115,858,0.005484809462488673,0.040921447989698094
2019-01,27529,128,1108,0.0046496421955029245,0.04024846525482219
2019-02,29135,115,993,0.00394714261197872,0.03408271837995538
2019-03,30971,137,1243,0.004423492945013077,0.040134319201833975
2019-04,27582,131,1055,0.004749474294829962,0.03824958306141687
2019-05,31818,152,1242,0.00477717015525803,0.03903450876862154
2019-06,32434,137,1113,0.004223962508478757,0.03431584140099895
2019-07,30550,167,1249,0.0054664484451718495,0.04088379705400982
2019-08,17043,131,912,0.007686440180719357,0.05351170568561873
2019-09,13697,137,672,0.010002190260641017,0.049061838358764695
2019-10,19968,118,949,0.005909455128205128,0.047526041666666664
2019-11,21232,111,1102,0.0052279577995478525,0.05190278824415976
2019-12,19441,113,819,0.005812458206882362,0.04212746257908544
2020-01,24401,104,1086,0.004262120404901438,0.044506372689643865
2020-02,24257,119,900,0.0049058003875170056,0.03710269200643113
2020-03,17934,101,941,0.005631760901081744,0.052470168395226946
2020-04,12208,86,793,0.007044560943643512,0.06495740498034076
2020-05,13280,111,701,0.008358433734939759,0.05278614457831325
2020-06,12460,90,687,0.0072231139646869984,0.055136436597110754
2020-07,14686,117,824,0.007966771074492713,0.056107857823777744
2020-08,26887,127,1039,0.004723472310038309,0.03864321047346301
2020-09,30054,152,1061,0.005057563053170959,0.03530312104877886
2020-10,19333,121,886,0.006258728598768944,0.045828376351316404
2020-11,16518,133,653,0.00805182225451023,0.0395326310691367
2020-12,20576,139,750,0.006755443234836703,0.036450233281493
2021-01,23038,198,993,0.008594496050004341,0.04310269988714298
2021-02,21560,189,1006,0.008766233766233766,0.04666048237476809
2021-03,27570,152,1014,0.005513239027928908,0.0367791077257889
2021-04,19226,136,798,0.007073754291064184,0.04150629356080308
2021-05,25302,159,976,0.006284088214370405,0.03857402576871394
2021-06,38510,171,1502,0.00444040508958712,0.03900285640093482
2021-07,28873,203,1615,0.007030790011429363,0.055934610189450354
2021-08,21678,195,946,0.00899529476889012,0.04363871205830796
2021-09,16049,172,963,0.010717178640413733,0.060003738550688517
2021-10,19389,189,1048,0.00974779514157512,0.05405126618185569
2021-11,22918,154,1064,0.006719609040928528,0.046426389737324374
2021-12,18426,159,742,0.008629111038749592,0.0402691848474981
2022-01,26924,252,1000,0.009359679096716684,0.0371415837171297
2022-02,27087,187,1012,0.006903680732454683,0.037361095728578285
2022-03,29589,157,1035,0.005306025887998918,0.03497921524891007
2022-04,30371,180,1114,0.005926706397550295,0.03667972737150571
2022-05,30410,179,952,0.0058862216376192045,0.03130549161460046
2022-06,24175,170,889,0.00703205791106515,0.03677352637021716
2022-07,22619,233,748,0.010301074318051195,0.033069543304301695
2022-08,16290,164,824,0.010067526089625536,0.05058317986494782
2022-09,14883,160,716,0.01075052072834778,0.04810858025935631
2022-10,17643,167,696,0.0094655104007255,0.03944907328685598
2022-11,19231,147,651,0.007643908273100723,0.03385159378087463
2022-12,16274,265,548,0.016283642620130268,0.03367334398426939
2023-01,6955,229,814,0.032925952552120774,0.11703810208483105
2023-02,7559,156,730,0.020637650482868104,0.0965736208493187
2023-03,11000,234,1122,0.021272727272727273,0.102
2023-04,7475,216,704,0.028896321070234113,0.09418060200668896
2023-05,9083,230,772,0.02532203016624463,0.08499394473191677
2023-06,5445,195,591,0.03581267217630854,0.10853994490358126
2023-07,6755,227,719,0.03360473723168024,0.10643967431532199
2023-08,4844,190,613,0.03922378199834847,0.12654830718414534
2023-09,5111,204,551,0.039913911171982,0.10780669144981413
2023-10,5211,145,552,0.02782575321435425,0.10592976396085205
2023-11,5329,190,511,0.035653968849690375,0.0958904109589041
2023-12,6251,182,558,0.029115341545352745,0.08926571748520237
