arm,month,n_total,n_relevant,prop_relevant,ci_low,ci_high,baseline_total,baseline_relevant,baseline_prop,all_activity,prop_of_all_activity,separation_x
matched,2018-01,8625,1733,0.20092753623188406,0.19260504465655215,0.20951632468229398,16390.0,72.0,0.004392922513727883,25015.0,0.06927843294023586,45.73892109500805
matched,2018-02,9025,1783,0.1975623268698061,0.18947707683178014,0.20590493983799954,17307.0,98.0,0.005662448720171029,26332.0,0.06771228922983442,34.88991011362994
matched,2018-03,11049,2267,0.20517693908951037,0.19775003656833884,0.21280878298445388,19781.0,105.0,0.005308123957332794,30830.0,0.07353227375932533,38.65338125837719
matched,2018-04,9516,1994,0.20954182429592266,0.20148266258165273,0.21783540674420668,19057.0,116.0,0.006087002151440416,28573.0,0.06978616176110314,34.42447022075343
matched,2018-05,11940,2360,0.19765494137353434,0.1906095475907807,0.20489482681418464,21790.0,102.0,0.004681046351537403,33730.0,0.06996738808182627,42.22452129930699
matched,2018-06,10237,2156,0.2106085767314643,0.2028192007320692,0.21861506888889634,19044.0,86.0,0.004515858013022474,29281.0,0.07363136504900789,46.637555061325656
matched,2018-07,10481,2149,0.20503768724358362,0.197417037622675,0.2128744826612365,18602.0,88.0,0.004730674121062251,29083.0,0.07389196437781521,43.34217111483117
matched,2018-08,8767,2213,0.25242386221056234,0.24344030352105303,0.2616242959810061,10169.0,72.0,0.007080342216540466,18936.0,0.1168673426277989,35.651364650266785
matched,2018-09,6898,1796,0.26036532328211076,0.2501446656200448,0.27085274469432696,8287.0,57.0,0.006878243031253771,15185.0,0.11827461310503787,37.85346375506757
matched,2018-10,7683,1715,0.22322009631654302,0.21404850641509005,0.23266833499868383,12091.0,87.0,0.007195434620792325,19774.0,0.08673004956002832,31.02246189153243
matched,2018-11,8992,2069,0.23009341637010677,0.22151017681036927,0.2389071786930892,14694.0,84.0,0.0057166190281747655,23686.0,0.08735117791100228,40.24991262074224
matched,2018-12,7652,1765,0.23065865133298485,0.221356486051938,0.240231120462805,13315.0,73.0,0.005482538490424333,20967.0,0.08417990175036963,42.07150606162594
matched,2019-01,9281,1869,0.20137916172826203,0.19334448089771897,0.20966095109586505,18248.0,79.0,0.004329241560718983,27529.0,0.06789204112027317,46.51603725591551
matched,2019-02,9561,1784,0.18659136073632465,0.1789086267162858,0.19452584814213733,19574.0,91.0,0.004649024215796465,29135.0,0.061232194954522055,40.13559664893207
matched,2019-03,10223,2111,0.20649515797711043,0.1987592362173712,0.21445158343588325,20748.0,101.0,0.004867939078465394,30971.0,0.06816053727680733,42.41942116543651
matched,2019-04,8840,1901,0.2150452488687783,0.20660519470719801,0.2237328610987766,18742.0,72.0,0.0038416390993490554,27582.0,0.0689217605684867,55.97747297637004
matched,2019-05,10415,1906,0.1830052808449352,0.17569639035931425,0.19054793376977122,21403.0,86.0,0.0040181282997710606,31818.0,0.05990319944685398,45.544907278187765
matched,2019-06,9870,1852,0.18763931104356638,0.18005884223493415,0.19546283921476623,22564.0,83.0,0.003678425811026414,32434.0,0.05710057347228217,51.01076402875942
matched,2019-07,10433,2115,0.2027221316974983,0.19511771334303254,0.21054539454585217,20117.0,77.0,0.00382760849033156,30550.0,0.06923076923076923,52.96313147218927
matched,2019-08,7285,1819,0.24969114619080301,0.23988535344208214,0.2597607906036329,9758.0,85.0,0.008710801393728223,17043.0,0.1067300357918207,28.664543582704187
matched,2019-09,5713,1401,0.2452301767897777,0.23424756344322523,0.25655519030108,7984.0,61.0,0.007640280561122244,13697.0,0.10228517193546031,32.09701199163255
matched,2019-10,7630,1765,0.23132372214941022,0.22199850310982622,0.24091935465657022,12338.0,52.0,0.004214621494569622,19968.0,0.08839142628205128,54.88600161306583
matched,2019-11,7568,1636,0.21617336152219874,0.2070443935344083,0.22559033036155912,13664.0,63.0,0.004610655737704918,21232.0,0.07705350414468727,46.885600187925775
matched,2019-12,6523,1529,0.23440134907251264,0.22427904239422636,0.2448363104281862,12918.0,56.0,0.004335036383341075,19441.0,0.0786482176842755,54.07136834497711
matched,2020-01,8452,1992,0.23568386180785614,0.22675667835957458,0.24485120984873815,15949.0,81.0,0.005078688319016866,24401.0,0.08163599852465063,46.4064433576975
matched,2020-02,7890,1678,0.2126742712294043,0.2037859527094703,0.22184224839352623,16367.0,86.0,0.0052544754689313865,24257.0,0.06917590798532382,40.47488136292628
matched,2020-03,6831,1760,0.2576489533011272,0.24741589965919497,0.2681544392349793,11103.0,83.0,0.00747545708367108,17934.0,0.09813761570201851,34.46597986147488
matched,2020-04,5491,1724,0.3139683117829175,0.30182630049850484,0.32637044315284985,6717.0,58.0,0.008634807205597736,12208.0,0.141218872870249,36.36077845251478
matched,2020-05,5968,1669,0.2796581769436997,0.26841529622379934,0.29118454312893893,7312.0,77.0,0.010530634573304158,13280.0,0.12567771084337348,26.556631036523793
matched,2020-06,5738,1555,0.27100034855350297,0.25965568578498827,0.2826514374209184,6722.0,64.0,0.009520975900029753,12460.0,0.12479935794542536,28.46350535901011
matched,2020-07,6289,1832,0.29130227381141677,0.2802026940672176,0.30265666155362,8397.0,69.0,0.008217220435869954,14686.0,0.12474465477325344,35.450220191224155
matched,2020-08,9268,2093,0.2258308157099698,0.21743261451269902,0.2344562098175182,17619.0,87.0,0.0049378511833815765,26887.0,0.07784431137724551,45.73463381602251
matched,2020-09,9303,1885,0.20262280984628614,0.19457822998995314,0.21091288742629252,20751.0,85.0,0.004096188135511542,30054.0,0.06272043654754775,49.46618737788569
matched,2020-10,7041,1710,0.24286322965487858,0.23298890633824196,0.25301798982816726,12292.0,74.0,0.006020175724048162,19333.0,0.08844980085863549,40.34155160699686
matched,2020-11,6134,1458,0.237691555265732,0.2272051798657028,0.24850628196152982,10384.0,55.0,0.005296610169491525,16518.0,0.08826734471485652,44.8761656341702
matched,2020-12,7129,1647,0.23102819469771357,0.22139032651947707,0.24095578810614424,13447.0,67.0,0.004982523983044545,20576.0,0.08004471228615863,46.367703494032156
matched,2021-01,8986,2187,0.2433785889160917,0.2346168180405085,0.2523596821905969,14052.0,85.0,0.006048961001992599,23038.0,0.09493011546141158,40.23477566410495
matched,2021-02,7524,2047,0.2720627325890484,0.26212522625188156,0.28223288032676913,14036.0,84.0,0.005984611000284981,21560.0,0.0949443413729128,45.46038707880814
matched,2021-03,8851,1935,0.2186193650434979,0.21013180018020547,0.2273510792425049,18719.0,93.0,0.004968214114001816,27570.0,0.07018498367791078,44.003611766120834
matched,2021-04,6819,1737,0.2547294324681038,0.24452781350361225,0.265207250549465,12407.0,62.0,0.00499717901184815,19226.0,0.09034640590866536,50.97464626825426
matched,2021-05,8617,2105,0.2442845537890217,0.23532776627291815,0.25346924398649784,16685.0,98.0,0.005873539106982319,25302.0,0.0831950043474824,41.59069163234518
matched,2021-06,12497,2488,0.1990877810674562,0.19217959176212887,0.2061809154216435,26013.0,114.0,0.00438242417252912,38510.0,0.06460659568943132,45.4286881483135
matched,2021-07,10659,2502,0.23473121305938643,0.22678147618925143,0.24287209158015066,18214.0,88.0,0.004831448336444493,28873.0,0.08665535275170574,48.584026302996186
matched,2021-08,8096,2057,0.25407608695652173,0.24471116321565356,0.2636742847170567,13582.0,89.0,0.006552790457959063,21678.0,0.09488882738259988,38.773723742061556
matched,2021-09,6671,1652,0.24763903462749212,0.23742806379248133,0.2581404902238417,9378.0,70.0,0.007464278097675411,16049.0,0.10293476229048538,33.17655523909459
matched,2021-10,8362,2132,0.2549629275292992,0.24573516154000372,0.2644157358903279,11027.0,78.0,0.0070735467488890905,19389.0,0.10995925524782094,36.04456669058439
matched,2021-11,10291,2407,0.2338936935186085,0.22581527701276,0.24217070928935075,12627.0,67.0,0.005306090124336739,22918.0,0.10502661663321407,44.08023385163387
matched,2021-12,6617,1559,0.2356052591808977,0.22553516599959156,0.2459821710108574,11809.0,79.0,0.006689812854602422,18426.0,0.0846087050906328,35.21851272996482
matched,2022-01,9617,2185,0.22720183009254447,0.2189369071076594,0.23568460957961251,17307.0,101.0,0.0058357889871150405,26924.0,0.08115436042192839,38.932495776353136
matched,2022-02,11410,2289,0.20061349693251534,0.19336676459719704,0.20806176057175224,15677.0,77.0,0.0049116540154366265,27087.0,0.0845054823346993,40.84438690144212
matched,2022-03,10216,2096,0.20516836335160532,0.19744903617292986,0.21310934273580007,19373.0,82.0,0.004232694987869715,29589.0,0.07083713542194735,48.47227686842256
matched,2022-04,10166,2057,0.20234113712374582,0.1946445892183416,0.21026256292451967,20205.0,82.0,0.004058401385795595,30371.0,0.06772908366533864,49.85734970225957
matched,2022-05,9546,1829,0.19159857531950555,0.1838281961278383,0.19961707483875035,20864.0,91.0,0.004361579754601227,30410.0,0.06014468924695824,43.92871071940839
matched,2022-06,8266,1915,0.23167190902492135,0.2227024852745135,0.24089062635171157,15909.0,79.0,0.004965742661386637,24175.0,0.07921406411582213,46.65403038832245
matched,2022-07,7851,1680,0.21398547955674435,0.20505454417210484,0.22319617955986704,14768.0,57.0,0.0038596966413867824,22619.0,0.07427384057650648,55.441009861298255
matched,2022-08,6552,1843,0.2812881562881563,0.2705314014898129,0.2923012331485836,9738.0,70.0,0.007188334360238242,16290.0,0.11313689379987722,39.131200941915225
matched,2022-09,6026,1598,0.2651842017922337,0.2541907204160176,0.27647688451741886,8857.0,50.0,0.005645252342779722,14883.0,0.10737082577437344,46.974729505476276
matched,2022-10,7026,1626,0.2314261315115286,0.22171281949550306,0.24143297883941248,10617.0,61.0,0.005745502495996986,17643.0,0.09216119707532733,40.27952849603113
matched,2022-11,6733,1398,0.20763404128917273,0.19811342227684314,0.2174880963932707,12498.0,61.0,0.004880780924947992,19231.0,0.0726951276584681,42.54115160708329
matched,2022-12,5500,1383,0.25145454545454543,0.2401646731453308,0.2630913798631715,10774.0,50.0,0.004640801930573603,16274.0,0.08498218016467986,54.18342545454545
matched,2023-01,6955,1600,0.23005032350826743,0.2203097304256942,0.2400889658170828,,,,6955.0,0.23005032350826743,
matched,2023-02,7559,1491,0.19724831326895093,0.18843246521147822,0.20637173113715346,,,,7559.0,0.19724831326895093,
matched,2023-03,11000,2077,0.18881818181818183,0.18161352915486037,0.196240110614,,,,11000.0,0.18881818181818183,
matched,2023-04,7475,1419,0.18983277591973244,0.1811025098959962,0.198881684447684,,,,7475.0,0.18983277591973244,
matched,2023-05,9083,1455,0.16018936474733017,0.1527901673895388,0.1678758822970762,,,,9083.0,0.16018936474733017,
matched,2023-06,5445,1097,0.2014692378328742,0.1910275195543854,0.21233190274924701,,,,5445.0,0.2014692378328742,
matched,2023-07,6755,1458,0.215840118430792,0.2061921220666332,0.225811137190101,,,,6755.0,0.215840118430792,
matched,2023-08,4844,1223,0.25247729149463255,0.2404424624198075,0.26490441195001524,,,,4844.0,0.25247729149463255,
matched,2023-09,5111,1105,0.21620035218156916,0.20512989162642117,0.22769711908687237,,,,5111.0,0.21620035218156916,
matched,2023-10,5211,1139,0.2185760890424103,0.20756439952732836,0.23000240978860564,,,,5211.0,0.2185760890424103,
matched,2023-11,5329,1065,0.19984987802589604,0.18933108444215416,0.21080110774596558,,,,5329.0,0.19984987802589604,
matched,2023-12,6251,1307,0.20908654615261557,0.19918561053249026,0.2193448283518453,,,,6251.0,0.20908654615261557,
