month,subreddit,n_total,n_relevant
2018-01,Basketball,12,0
2018-01,BasketballTips,4,1
2018-01,CollegeBasketball,604,33
2018-01,Fitness,1470,431
2018-01,Gymnastics,23,3
2018-01,Rowing,47,18
2018-01,Swimming,50,26
2018-01,bodybuilding,810,175
2018-01,climbing,84,20
2018-01,crossfit,99,27
2018-01,nba,3094,213
2018-01,running,462,216
2018-01,tennis,467,53
2018-01,trackandfield,4,0
2018-01,triathlon,27,10
2018-01,volleyball,16,1
2018-01,weightroom,181,27
2018-01,xxfitness,1171,485
2018-02,Basketball,8,1
2018-02,BasketballTips,1,0
2018-02,CollegeBasketball,640,45
2018-02,Fitness,1304,367
2018-02,Gymnastics,7,2
2018-02,Rowing,35,11
2018-02,Swimming,42,17
2018-02,bodybuilding,885,215
2018-02,climbing,73,17
2018-02,crossfit,101,38
2018-02,nba,3912,309
2018-02,running,417,192
2018-02,sportspsychology,6,3
2018-02,tennis,123,21
2018-02,trackandfield,5,2
2018-02,triathlon,30,10
2018-02,volleyball,17,1
2018-02,weightroom,170,38
2018-02,xxfitness,1249,497
2018-03,Basketball,7,5
2018-03,BasketballTips,3,0
2018-03,CollegeBasketball,1414,68
2018-03,Fitness,1661,454
2018-03,Gymnastics,6,3
2018-03,Rowing,54,20
2018-03,Swimming,36,20
2018-03,bodybuilding,766,168
2018-03,climbing,128,28
2018-03,crossfit,161,47
2018-03,nba,4557,637
2018-03,running,383,129
2018-03,sportspsychology,2,1
2018-03,tennis,197,37
2018-03,trackandfield,8,5
2018-03,triathlon,23,6
2018-03,volleyball,14,0
2018-03,weightroom,216,62
2018-03,xxfitness,1413,568
2018-04,Basketball,10,1
2018-04,BasketballTips,3,3
2018-04,CollegeBasketball,320,19
2018-04,Fitness,1749,504
2018-04,Gymnastics,3,1
2018-04,Rowing,47,10
2018-04,Swimming,44,12
2018-04,bodybuilding,716,204
2018-04,climbing,100,24
2018-04,crossfit,93,28
2018-04,nba,4112,252
2018-04,running,468,233
2018-04,sportspsychology,3,1
2018-04,tennis,161,29
2018-04,trackandfield,13,4
2018-04,triathlon,43,22
2018-04,volleyball,19,3
2018-04,weightroom,220,53
2018-04,xxfitness,1392,607
2018-05,Basketball,18,3
2018-05,BasketballTips,3,0
2018-05,CollegeBasketball,90,4
2018-05,Fitness,2058,666
2018-05,Gymnastics,2,1
2018-05,Rowing,39,10
2018-05,Swimming,35,14
2018-05,bodybuilding,734,216
2018-05,climbing,149,35
2018-05,crossfit,95,27
2018-05,nba,6474,539
2018-05,running,472,181
2018-05,sportspsychology,4,0
2018-05,tennis,157,17
2018-05,trackandfield,10,4
2018-05,triathlon,48,21
2018-05,volleyball,9,3
2018-05,weightroom,174,47
2018-05,xxfitness,1369,567
2018-06,Basketball,17,3
2018-06,BasketballTips,8,1
2018-06,CollegeBasketball,49,1
2018-06,Fitness,1824,472
2018-06,Gymnastics,2,1
2018-06,Rowing,40,8
2018-06,Swimming,37,16
2018-06,bodybuilding,774,225
2018-06,climbing,89,26
2018-06,crossfit,115,45
2018-06,nba,4880,341
2018-06,running,506,231
2018-06,tennis,245,22
2018-06,trackandfield,8,2
2018-06,triathlon,57,34
2018-06,volleyball,10,0
2018-06,weightroom,156,45
2018-06,xxfitness,1420,674
2018-07,Basketball,19,5
2018-07,BasketballTips,3,0
2018-07,CollegeBasketball,58,1
2018-07,Fitness,1967,544
2018-07,Gymnastics,12,6
2018-07,Rowing,21,6
2018-07,Swimming,64,19
2018-07,bodybuilding,742,186
2018-07,climbing,82,26
2018-07,crossfit,168,41
2018-07,nba,4920,365
2018-07,running,429,159
2018-07,sportspsychology,4,0
2018-07,tennis,370,34
2018-07,trackandfield,6,2
2018-07,triathlon,55,19
2018-07,volleyball,13,0
2018-07,weightroom,174,53
2018-07,xxfitness,1374,683
2018-08,Basketball,32,13
2018-08,BasketballTips,4,0
2018-08,CollegeBasketball,41,4
2018-08,Fitness,1963,609
2018-08,Gymnastics,20,3
2018-08,Rowing,29,4
2018-08,Swimming,63,30
2018-08,bodybuilding,792,217
2018-08,climbing,94,15
2018-08,crossfit,216,46
2018-08,nba,3209,349
2018-08,running,527,251
2018-08,sportspsychology,7,0
2018-08,tennis,249,24
2018-08,trackandfield,1,1
2018-08,triathlon,59,33
2018-08,volleyball,18,4
2018-08,weightroom,185,52
2018-08,xxfitness,1258,555
2018-09,Basketball,16,1
2018-09,BasketballTips,3,0
2018-09,CollegeBasketball,38,4
2018-09,Fitness,1749,507
2018-09,Gymnastics,13,1
2018-09,Rowing,49,19
2018-09,Swimming,40,19
2018-09,bodybuilding,692,167
2018-09,climbing,88,22
2018-09,crossfit,101,28
2018-09,nba,1676,136
2018-09,running,481,230
2018-09,sportspsychology,2,1
2018-09,tennis,385,39
2018-09,trackandfield,4,1
2018-09,triathlon,29,12
2018-09,volleyball,28,7
2018-09,weightroom,202,40
2018-09,xxfitness,1302,566
2018-10,Basketball,22,9
2018-10,BasketballTips,8,1
2018-10,CollegeBasketball,82,2
2018-10,Fitness,1761,505
2018-10,Gymnastics,24,5
2018-10,Rowing,36,16
2018-10,Swimming,43,14
2018-10,bodybuilding,646,185
2018-10,climbing,103,24
2018-10,crossfit,96,24
2018-10,nba,2838,207
2018-10,running,444,198
2018-10,sportspsychology,2,1
2018-10,tennis,169,16
2018-10,trackandfield,4,0
2018-10,triathlon,19,3
2018-10,volleyball,20,4
2018-10,weightroom,209,53
2018-10,xxfitness,1157,451
2018-11,Basketball,31,8
2018-11,BasketballTips,4,0
2018-11,CollegeBasketball,281,17
2018-11,Fitness,1721,553
2018-11,Gymnastics,17,3
2018-11,Rowing,32,7
2018-11,Swimming,46,16
2018-11,bodybuilding,622,164
2018-11,climbing,102,38
2018-11,crossfit,68,16
2018-11,nba,4107,495
2018-11,running,470,219
2018-11,sportspsychology,3,0
2018-11,tennis,151,22
2018-11,trackandfield,3,1
2018-11,triathlon,30,13
2018-11,volleyball,15,3
2018-11,weightroom,179,42
2018-11,xxfitness,1110,453
2018-12,Basketball,34,12
2018-12,BasketballTips,6,1
2018-12,CollegeBasketball,273,13
2018-12,Fitness,1623,470
2018-12,Gymnastics,22,12
2018-12,Rowing,48,11
2018-12,Swimming,33,15
2018-12,bodybuilding,713,203
2018-12,climbing,74,27
2018-12,crossfit,93,37
2018-12,nba,3021,254
2018-12,running,334,145
2018-12,sportspsychology,2,1
2018-12,tennis,49,7
2018-12,trackandfield,17,3
2018-12,triathlon,58,24
2018-12,volleyball,21,6
2018-12,weightroom,196,60
2018-12,xxfitness,1035,467
2019-01,Basketball,16,6
2019-01,BasketballTips,5,0
2019-01,CollegeBasketball,531,29
2019-01,Fitness,1873,530
2019-01,Gymnastics,13,3
2019-01,Rowing,40,15
2019-01,Swimming,71,25
2019-01,bodybuilding,602,145
2019-01,climbing,147,46
2019-01,crossfit,175,69
2019-01,nba,3364,185
2019-01,running,363,137
2019-01,sportspsychology,3,1
2019-01,tennis,470,53
2019-01,trackandfield,6,3
2019-01,triathlon,41,10
2019-01,volleyball,9,2
2019-01,weightroom,211,59
2019-01,xxfitness,1341,546
2019-02,Basketball,24,7
2019-02,BasketballTips,9,4
2019-02,CollegeBasketball,629,32
2019-02,Fitness,1683,472
2019-02,Gymnastics,16,6
2019-02,Rowing,47,8
2019-02,Swimming,55,12
2019-02,bodybuilding,605,158
2019-02,climbing,99,23
2019-02,crossfit,110,35
2019-02,nba,4175,243
2019-02,running,363,152
2019-02,tennis,142,14
2019-02,trackandfield,11,2
2019-02,triathlon,42,11
2019-02,volleyball,16,2
2019-02,weightroom,200,72
2019-02,xxfitness,1335,542
2019-03,Basketball,10,4
2019-03,BasketballTips,5,2
2019-03,CollegeBasketball,1520,111
2019-03,Fitness,1783,542
2019-03,Gymnastics,20,6
2019-03,Rowing,29,4
2019-03,Swimming,49,17
2019-03,bodybuilding,741,202
2019-03,climbing,223,73
2019-03,crossfit,151,42
2019-03,nba,3325,185
2019-03,running,466,209
2019-03,sportspsychology,5,0
2019-03,tennis,209,23
2019-03,trackandfield,14,3
2019-03,triathlon,54,26
2019-03,volleyball,23,7
2019-03,weightroom,199,66
2019-03,xxfitness,1397,570
2019-04,Basketball,20,7
2019-04,BasketballTips,4,0
2019-04,CollegeBasketball,394,34
2019-04,Fitness,1693,455
2019-04,Gymnastics,31,11
2019-04,Rowing,28,6
2019-04,Swimming,60,27
2019-04,bodybuilding,613,175
2019-04,climbing,161,47
2019-04,crossfit,84,24
2019-04,nba,3570,211
2019-04,running,628,298
2019-04,sportspsychology,10,2
2019-04,tennis,110,9
2019-04,trackandfield,29,11
2019-04,triathlon,42,13
2019-04,volleyball,11,4
2019-04,weightroom,168,41
2019-04,xxfitness,1184,534
2019-05,Basketball,25,5
2019-05,BasketballTips,2,0
2019-05,CollegeBasketball,132,4
2019-05,Fitness,1565,376
2019-05,Gymnastics,27,6
2019-05,Rowing,50,13
2019-05,Swimming,51,31
2019-05,bodybuilding,682,154
2019-05,climbing,131,32
2019-05,crossfit,91,33
2019-05,nba,5310,338
2019-05,running,659,305
2019-05,sportspsychology,5,0
2019-05,tennis,267,30
2019-05,trackandfield,45,7
2019-05,triathlon,78,37
2019-05,volleyball,9,2
2019-05,weightroom,170,48
2019-05,xxfitness,1116,480
2019-06,Basketball,27,3
2019-06,BasketballTips,9,1
2019-06,CollegeBasketball,80,3
2019-06,Fitness,1425,384
2019-06,Gymnastics,24,7
2019-06,Rowing,39,9
2019-06,Swimming,44,18
2019-06,bodybuilding,743,174
2019-06,climbing,142,48
2019-06,crossfit,103,28
2019-06,nba,4925,255
2019-06,running,678,353
2019-06,tennis,332,28
2019-06,trackandfield,12,3
2019-06,triathlon,86,44
2019-06,volleyball,22,7
2019-06,weightroom,150,43
2019-06,xxfitness,1029,447
2019-07,Basketball,25,8
2019-07,BasketballTips,8,1
2019-07,CollegeBasketball,74,8
2019-07,Fitness,1581,436
2019-07,Gymnastics,30,5
2019-07,Rowing,41,10
2019-07,Swimming,70,22
2019-07,bodybuilding,748,162
2019-07,climbing,174,69
2019-07,crossfit,161,54
2019-07,nba,4685,306
2019-07,running,741,379
2019-07,sportspsychology,3,0
2019-07,tennis,712,69
2019-07,trackandfield,8,4
2019-07,triathlon,76,33
2019-07,volleyball,12,2
2019-07,weightroom,177,63
2019-07,xxfitness,1107,480
2019-08,Basketball,49,14
2019-08,BasketballTips,13,4
2019-08,CollegeBasketball,71,5
2019-08,Fitness,1488,464
2019-08,Gymnastics,79,17
2019-08,Rowing,35,9
2019-08,Swimming,35,12
2019-08,bodybuilding,660,162
2019-08,climbing,99,19
2019-08,crossfit,145,26
2019-08,nba,2217,158
2019-08,running,708,338
2019-08,sportspsychology,1,0
2019-08,tennis,360,40
2019-08,trackandfield,10,4
2019-08,triathlon,93,51
2019-08,volleyball,18,7
2019-08,weightroom,152,46
2019-08,xxfitness,1052,446
2019-09,Basketball,35,18
2019-09,BasketballTips,13,6
2019-09,CollegeBasketball,46,1
2019-09,Fitness,1102,317
2019-09,Gymnastics,32,13
2019-09,Rowing,30,6
2019-09,Swimming,51,19
2019-09,bodybuilding,529,93
2019-09,climbing,86,22
2019-09,crossfit,94,19
2019-09,nba,1421,99
2019-09,running,662,295
2019-09,tennis,482,47
2019-09,trackandfield,3,0
2019-09,triathlon,44,18
2019-09,volleyball,15,3
2019-09,weightroom,156,47
2019-09,xxfitness,912,385
2019-10,Basketball,30,11
2019-10,BasketballTips,8,1
2019-10,CollegeBasketball,92,10
2019-10,Fitness,1294,389
2019-10,Gymnastics,92,22
2019-10,Rowing,21,6
2019-10,Swimming,75,27
2019-10,bodybuilding,645,138
2019-10,climbing,79,19
2019-10,crossfit,143,52
2019-10,nba,2979,164
2019-10,running,714,336
2019-10,sportspsychology,7,2
2019-10,tennis,159,19
2019-10,trackandfield,9,1
2019-10,triathlon,45,13
2019-10,volleyball,15,5
2019-10,weightroom,209,52
2019-10,xxfitness,1014,484
2019-11,Basketball,30,9
2019-11,BasketballTips,9,2
2019-11,CollegeBasketball,333,25
2019-11,Fitness,1352,436
2019-11,Gymnastics,20,6
2019-11,Rowing,33,10
2019-11,Swimming,50,20
2019-11,bodybuilding,444,99
2019-11,climbing,77,32
2019-11,crossfit,119,26
2019-11,nba,3283,211
2019-11,running,651,319
2019-11,sportspsychology,12,4
2019-11,tennis,213,29
2019-11,trackandfield,10,3
2019-11,triathlon,27,10
2019-11,volleyball,7,1
2019-11,weightroom,146,56
2019-11,xxfitness,752,344
2019-12,Basketball,20,5
2019-12,BasketballTips,7,1
2019-12,CollegeBasketball,298,13
2019-12,Fitness,1118,331
2019-12,Gymnastics,31,11
2019-12,Rowing,40,8
2019-12,Swimming,61,34
2019-12,bodybuilding,506,105
2019-12,climbing,65,18
2019-12,crossfit,99,29
2019-12,nba,2402,114
2019-12,running,682,374
2019-12,sportspsychology,9,3
2019-12,tennis,67,6
2019-12,trackandfield,18,6
2019-12,triathlon,48,15
2019-12,volleyball,11,2
2019-12,weightroom,198,74
2019-12,xxfitness,843,378
2020-01,Basketball,31,13
2020-01,BasketballTips,11,4
2020-01,CollegeBasketball,540,37
2020-01,Fitness,1153,322
2020-01,Gymnastics,46,14
2020-01,Rowing,39,12
2020-01,Swimming,77,33
2020-01,bodybuilding,581,153
2020-01,climbing,73,21
2020-01,crossfit,76,17
2020-01,nba,3199,299
2020-01,running,927,488
2020-01,sportspsychology,7,3
2020-01,tennis,449,49
2020-01,trackandfield,20,8
2020-01,triathlon,44,10
2020-01,volleyball,11,4
2020-01,weightroom,151,47
2020-01,xxfitness,1017,462
2020-02,Basketball,23,5
2020-02,BasketballTips,9,3
2020-02,CollegeBasketball,541,40
2020-02,Fitness,1076,329
2020-02,Gymnastics,69,23
2020-02,Rowing,36,16
2020-02,Swimming,56,26
2020-02,bodybuilding,524,140
2020-02,climbing,66,15
2020-02,crossfit,71,17
2020-02,nba,2968,153
2020-02,running,768,303
2020-02,sportspsychology,2,0
2020-02,tennis,264,28
2020-02,trackandfield,19,5
2020-02,triathlon,50,17
2020-02,volleyball,11,6
2020-02,weightroom,185,55
2020-02,xxfitness,1152,497
2020-03,Basketball,12,2
2020-03,BasketballTips,14,3
2020-03,CollegeBasketball,517,50
2020-03,Fitness,862,286
2020-03,Gymnastics,71,21
2020-03,Rowing,30,10
2020-03,Swimming,45,18
2020-03,bodybuilding,499,145
2020-03,climbing,137,40
2020-03,crossfit,115,31
2020-03,nba,2217,107
2020-03,running,769,370
2020-03,tennis,77,13
2020-03,trackandfield,23,8
2020-03,triathlon,40,17
2020-03,volleyball,16,7
2020-03,weightroom,158,52
2020-03,xxfitness,1229,585
2020-04,Basketball,34,11
2020-04,BasketballTips,6,1
2020-04,CollegeBasketball,138,8
2020-04,Fitness,753,271
2020-04,Gymnastics,98,32
2020-04,Rowing,50,15
2020-04,Swimming,40,17
2020-04,bodybuilding,289,70
2020-04,climbing,120,17
2020-04,crossfit,80,30
2020-04,nba,1521,100
2020-04,running,966,456
2020-04,sportspsychology,1,1
2020-04,tennis,58,7
2020-04,trackandfield,16,3
2020-04,triathlon,42,18
2020-04,volleyball,6,4
2020-04,weightroom,83,24
2020-04,xxfitness,1190,630
2020-05,Basketball,16,3
2020-05,BasketballTips,16,6
2020-05,CollegeBasketball,84,8
2020-05,Fitness,766,259
2020-05,Gymnastics,103,39
2020-05,Rowing,62,27
2020-05,Swimming,27,17
2020-05,bodybuilding,517,141
2020-05,climbing,58,15
2020-05,crossfit,147,60
2020-05,nba,1998,145
2020-05,running,927,407
2020-05,tennis,83,11
2020-05,trackandfield,21,5
2020-05,triathlon,25,6
2020-05,volleyball,10,2
2020-05,weightroom,126,40
2020-05,xxfitness,982,481
2020-06,Basketball,17,3
2020-06,BasketballTips,19,3
2020-06,CollegeBasketball,69,13
2020-06,Fitness,812,244
2020-06,Gymnastics,60,15
2020-06,Rowing,27,8
2020-06,Swimming,66,36
2020-06,bodybuilding,300,73
2020-06,climbing,63,16
2020-06,crossfit,163,36
2020-06,nba,1777,148
2020-06,running,1018,464
2020-06,tennis,175,35
2020-06,trackandfield,12,5
2020-06,triathlon,51,20
2020-06,volleyball,14,4
2020-06,weightroom,121,35
2020-06,xxfitness,974,396
2020-07,Basketball,14,4
2020-07,BasketballTips,21,3
2020-07,CollegeBasketball,54,6
2020-07,Fitness,710,202
2020-07,Gymnastics,52,18
2020-07,Rowing,42,13
2020-07,Swimming,62,28
2020-07,bodybuilding,469,117
2020-07,climbing,71,27
2020-07,crossfit,111,41
2020-07,nba,2006,108
2020-07,running,1283,689
2020-07,tennis,94,14
2020-07,trackandfield,12,4
2020-07,triathlon,30,11
2020-07,volleyball,14,5
2020-07,weightroom,146,40
2020-07,xxfitness,1098,506
2020-08,Basketball,24,5
2020-08,BasketballTips,14,3
2020-08,CollegeBasketball,52,13
2020-08,Fitness,784,245
2020-08,Gymnastics,145,63
2020-08,Rowing,40,11
2020-08,Swimming,67,39
2020-08,bodybuilding,463,109
2020-08,climbing,75,28
2020-08,crossfit,130,41
2020-08,nba,5029,367
2020-08,running,1075,556
2020-08,tennis,143,18
2020-08,trackandfield,9,2
2020-08,triathlon,27,14
2020-08,volleyball,10,5
2020-08,weightroom,117,44
2020-08,xxfitness,1064,527
2020-09,Basketball,17,7
2020-09,BasketballTips,21,7
2020-09,CollegeBasketball,25,2
2020-09,Fitness,731,185
2020-09,Gymnastics,54,22
2020-09,Rowing,30,6
2020-09,Swimming,78,28
2020-09,bodybuilding,431,139
2020-09,climbing,52,19
2020-09,crossfit,67,20
2020-09,nba,5036,309
2020-09,running,879,448
2020-09,tennis,543,69
2020-09,trackandfield,9,2
2020-09,triathlon,39,14
2020-09,volleyball,12,6
2020-09,weightroom,138,42
2020-09,xxfitness,1141,563
2020-10,Basketball,9,3
2020-10,BasketballTips,16,2
2020-10,CollegeBasketball,44,4
2020-10,Fitness,794,260
2020-10,Gymnastics,57,19
2020-10,Rowing,35,9
2020-10,Swimming,57,36
2020-10,bodybuilding,485,125
2020-10,climbing,68,16
2020-10,crossfit,121,41
2020-10,nba,2890,188
2020-10,running,923,485
2020-10,tennis,449,68
2020-10,trackandfield,8,1
2020-10,triathlon,41,14
2020-10,volleyball,18,3
2020-10,weightroom,125,35
2020-10,xxfitness,901,393
2020-11,Basketball,7,2
2020-11,BasketballTips,18,6
2020-11,CollegeBasketball,140,8
2020-11,Fitness,655,195
2020-11,Gymnastics,22,9
2020-11,Rowing,38,11
2020-11,Swimming,45,24
2020-11,bodybuilding,369,107
2020-11,climbing,55,7
2020-11,crossfit,93,31
2020-11,nba,2666,198
2020-11,running,856,436
2020-11,tennis,295,26
2020-11,trackandfield,8,2
2020-11,triathlon,27,13
2020-11,volleyball,15,3
2020-11,weightroom,96,39
2020-11,xxfitness,729,353
2020-12,Basketball,7,1
2020-12,BasketballTips,15,2
2020-12,CollegeBasketball,401,34
2020-12,Fitness,612,187
2020-12,Gymnastics,39,7
2020-12,Rowing,34,7
2020-12,Swimming,32,15
2020-12,bodybuilding,436,104
2020-12,climbing,50,13
2020-12,crossfit,69,22
2020-12,nba,3276,237
2020-12,running,1157,559
2020-12,tennis,61,10
2020-12,trackandfield,7,1
2020-12,triathlon,25,8
2020-12,volleyball,14,2
2020-12,weightroom,133,58
2020-12,xxfitness,761,371
2021-01,Basketball,17,7
2021-01,BasketballTips,10,1
2021-01,CollegeBasketball,451,35
2021-01,Fitness,657,189
2021-01,Gymnastics,62,17
2021-01,Rowing,62,20
2021-01,Swimming,54,29
2021-01,bodybuilding,464,116
2021-01,climbing,65,24
2021-01,crossfit,74,32
2021-01,nba,4189,375
2021-01,running,1444,744
2021-01,sportspsychology,2,1
2021-01,tennis,93,17
2021-01,trackandfield,8,4
2021-01,triathlon,39,13
2021-01,volleyball,37,15
2021-01,weightroom,151,49
2021-01,xxfitness,1107,501
2021-02,Basketball,25,6
2021-02,BasketballTips,15,4
2021-02,CollegeBasketball,562,55
2021-02,Fitness,639,218
2021-02,Gymnastics,97,12
2021-02,Rowing,48,12
2021-02,Swimming,51,23
2021-02,bodybuilding,510,152
2021-02,climbing,74,32
2021-02,crossfit,39,11
2021-02,nba,2353,141
2021-02,running,1179,632
2021-02,sportspsychology,8,3
2021-02,tennis,633,90
2021-02,trackandfield,25,12
2021-02,triathlon,34,15
2021-02,volleyball,17,10
2021-02,weightroom,137,50
2021-02,xxfitness,1078,571
2021-03,Basketball,15,4
2021-03,BasketballTips,28,5
2021-03,CollegeBasketball,1394,106
2021-03,Fitness,735,223
2021-03,Gymnastics,69,22
2021-03,Rowing,51,8
2021-03,Swimming,63,22
2021-03,bodybuilding,532,120
2021-03,climbing,56,11
2021-03,crossfit,87,24
2021-03,nba,3043,170
2021-03,running,1140,563
2021-03,sportspsychology,15,3
2021-03,tennis,227,26
2021-03,trackandfield,27,16
2021-03,triathlon,40,16
2021-03,volleyball,21,7
2021-03,weightroom,188,64
2021-03,xxfitness,1120,525
2021-04,Basketball,24,8
2021-04,BasketballTips,16,6
2021-04,CollegeBasketball,346,19
2021-04,Fitness,829,255
2021-04,Gymnastics,65,19
2021-04,Rowing,45,14
2021-04,Swimming,53,28
2021-04,bodybuilding,420,102
2021-04,climbing,84,24
2021-04,crossfit,88,31
2021-04,nba,2523,168
2021-04,running,1037,528
2021-04,sportspsychology,8,4
2021-04,tennis,199,38
2021-04,trackandfield,19,5
2021-04,triathlon,42,10
2021-04,volleyball,13,3
2021-04,weightroom,140,48
2021-04,xxfitness,868,428
2021-05,Basketball,33,4
2021-05,BasketballTips,15,6
2021-05,CollegeBasketball,88,15
2021-05,Fitness,944,321
2021-05,Gymnastics,98,29
2021-05,Rowing,45,13
2021-05,Swimming,54,29
2021-05,bodybuilding,330,87
2021-05,climbing,96,25
2021-05,crossfit,54,16
2021-05,nba,3324,187
2021-05,running,948,455
2021-05,sportspsychology,7,1
2021-05,tennis,1511,473
2021-05,trackandfield,27,9
2021-05,triathlon,57,36
2021-05,volleyball,16,1
2021-05,weightroom,119,43
2021-05,xxfitness,851,396
2021-06,Basketball,39,9
2021-06,BasketballTips,15,8
2021-06,CollegeBasketball,40,2
2021-06,Fitness,858,261
2021-06,Gymnastics,328,69
2021-06,Rowing,30,9
2021-06,Swimming,62,35
2021-06,bodybuilding,386,118
2021-06,climbing,65,20
2021-06,crossfit,79,19
2021-06,nba,6676,554
2021-06,running,999,466
2021-06,sportspsychology,4,1
2021-06,tennis,1788,370
2021-06,trackandfield,38,16
2021-06,triathlon,48,30
2021-06,volleyball,16,2
2021-06,weightroom,185,65
2021-06,xxfitness,841,398
2021-07,Basketball,28,6
2021-07,BasketballTips,15,0
2021-07,CollegeBasketball,60,0
2021-07,Fitness,997,329
2021-07,Gymnastics,1311,456
2021-07,Rowing,50,17
2021-07,Swimming,93,37
2021-07,bodybuilding,395,97
2021-07,climbing,87,29
2021-07,crossfit,135,52
2021-07,nba,4379,355
2021-07,running,954,442
2021-07,sportspsychology,14,4
2021-07,tennis,1025,184
2021-07,trackandfield,33,8
2021-07,triathlon,43,15
2021-07,volleyball,35,15
2021-07,weightroom,150,58
2021-07,xxfitness,855,393
2021-08,Basketball,14,5
2021-08,BasketballTips,14,4
2021-08,CollegeBasketball,55,5
2021-08,Fitness,893,318
2021-08,Gymnastics,384,131
2021-08,Rowing,55,15
2021-08,Swimming,92,26
2021-08,bodybuilding,467,116
2021-08,climbing,148,19
2021-08,crossfit,142,30
2021-08,nba,2956,215
2021-08,running,1095,550
2021-08,sportspsychology,4,3
2021-08,tennis,637,113
2021-08,trackandfield,37,8
2021-08,triathlon,78,47
2021-08,volleyball,46,10
2021-08,weightroom,150,50
2021-08,xxfitness,829,386
2021-09,Basketball,3,2
2021-09,BasketballTips,21,5
2021-09,CollegeBasketball,50,2
2021-09,Fitness,713,219
2021-09,Gymnastics,80,16
2021-09,Rowing,45,11
2021-09,Swimming,92,42
2021-09,bodybuilding,291,88
2021-09,climbing,76,16
2021-09,crossfit,161,58
2021-09,nba,2040,152
2021-09,running,930,399
2021-09,sportspsychology,6,2
2021-09,tennis,1291,289
2021-09,trackandfield,18,5
2021-09,triathlon,66,31
2021-09,volleyball,29,7
2021-09,weightroom,170,49
2021-09,xxfitness,589,263
2021-10,Basketball,4,1
2021-10,BasketballTips,22,9
2021-10,CollegeBasketball,63,2
2021-10,Fitness,801,286
2021-10,Gymnastics,104,38
2021-10,Rowing,50,16
2021-10,Swimming,66,39
2021-10,bodybuilding,362,98
2021-10,climbing,81,29
2021-10,crossfit,129,48
2021-10,nba,4277,506
2021-10,running,1116,562
2021-10,sportspsychology,9,3
2021-10,tennis,401,84
2021-10,trackandfield,14,5
2021-10,triathlon,58,24
2021-10,volleyball,14,4
2021-10,weightroom,161,62
2021-10,xxfitness,630,311
2021-11,Basketball,22,3
2021-11,BasketballTips,22,3
2021-11,CollegeBasketball,289,20
2021-11,Fitness,735,267
2021-11,Gymnastics,48,13
2021-11,Rowing,50,20
2021-11,Swimming,87,41
2021-11,bodybuilding,370,83
2021-11,climbing,90,32
2021-11,crossfit,119,47
2021-11,nba,6041,781
2021-11,running,1247,676
2021-11,sportspsychology,1,1
2021-11,tennis,338,61
2021-11,trackandfield,10,4
2021-11,triathlon,57,18
2021-11,volleyball,21,4
2021-11,weightroom,147,48
2021-11,xxfitness,597,289
2021-12,Basketball,11,1
2021-12,BasketballTips,12,3
2021-12,CollegeBasketball,385,22
2021-12,Fitness,826,293
2021-12,Gymnastics,60,17
2021-12,Rowing,53,16
2021-12,Swimming,94,32
2021-12,bodybuilding,270,78
2021-12,climbing,66,17
2021-12,crossfit,94,23
2021-12,nba,2759,232
2021-12,running,1028,418
2021-12,sportspsychology,2,2
2021-12,tennis,201,33
2021-12,trackandfield,18,7
2021-12,triathlon,58,23
2021-12,volleyball,32,10
2021-12,weightroom,135,65
2021-12,xxfitness,513,266
2022-01,Basketball,10,4
2022-01,BasketballTips,22,5
2022-01,CollegeBasketball,477,30
2022-01,Fitness,807,293
2022-01,Gymnastics,219,77
2022-01,Rowing,68,26
2022-01,Swimming,74,30
2022-01,bodybuilding,304,79
2022-01,climbing,65,16
2022-01,crossfit,188,73
2022-01,nba,3341,264
2022-01,running,1272,666
2022-01,sportspsychology,4,1
2022-01,tennis,1830,208
2022-01,trackandfield,22,7
2022-01,triathlon,83,41
2022-01,volleyball,18,3
2022-01,weightroom,218,78
2022-01,xxfitness,595,289
2022-02,Basketball,7,0
2022-02,BasketballTips,33,5
2022-02,CollegeBasketball,628,40
2022-02,Fitness,886,292
2022-02,Gymnastics,97,23
2022-02,Rowing,49,17
2022-02,Swimming,102,46
2022-02,bodybuilding,275,72
2022-02,climbing,80,23
2022-02,crossfit,125,52
2022-02,nba,6816,804
2022-02,running,783,417
2022-02,sportspsychology,13,1
2022-02,tennis,584,75
2022-02,trackandfield,14,4
2022-02,triathlon,47,21
2022-02,volleyball,16,3
2022-02,weightroom,144,52
2022-02,xxfitness,711,342
2022-03,Basketball,7,4
2022-03,BasketballTips,36,12
2022-03,CollegeBasketball,1499,120
2022-03,Fitness,885,245
2022-03,Gymnastics,121,26
2022-03,Rowing,47,16
2022-03,Swimming,108,47
2022-03,bodybuilding,266,78
2022-03,climbing,66,17
2022-03,crossfit,110,37
2022-03,nba,4104,408
2022-03,running,805,384
2022-03,sportspsychology,3,1
2022-03,tennis,1123,255
2022-03,trackandfield,35,7
2022-03,triathlon,57,22
2022-03,volleyball,27,9
2022-03,weightroom,135,49
2022-03,xxfitness,782,353
2022-04,Basketball,7,1
2022-04,BasketballTips,37,13
2022-04,CollegeBasketball,340,26
2022-04,Fitness,974,318
2022-04,Gymnastics,120,46
2022-04,Rowing,37,17
2022-04,Swimming,94,41
2022-04,bodybuilding,269,86
2022-04,climbing,70,13
2022-04,crossfit,114,22
2022-04,nba,5841,551
2022-04,running,901,456
2022-04,tennis,485,69
2022-04,trackandfield,30,11
2022-04,triathlon,53,20
2022-04,volleyball,14,5
2022-04,weightroom,118,46
2022-04,xxfitness,662,318
2022-05,Basketball,18,5
2022-05,BasketballTips,42,7
2022-05,CollegeBasketball,66,5
2022-05,Fitness,835,276
2022-05,Gymnastics,67,18
2022-05,Rowing,52,16
2022-05,Swimming,87,44
2022-05,bodybuilding,377,94
2022-05,climbing,102,22
2022-05,crossfit,112,27
2022-05,nba,5041,300
2022-05,running,875,414
2022-05,sportspsychology,3,0
2022-05,tennis,877,147
2022-05,trackandfield,20,5
2022-05,triathlon,62,30
2022-05,volleyball,16,2
2022-05,weightroom,119,46
2022-05,xxfitness,775,369
2022-06,Basketball,5,3
2022-06,BasketballTips,48,13
2022-06,CollegeBasketball,73,9
2022-06,Fitness,902,341
2022-06,Gymnastics,68,18
2022-06,Rowing,49,13
2022-06,Swimming,129,47
2022-06,bodybuilding,289,91
2022-06,climbing,88,33
2022-06,crossfit,149,38
2022-06,nba,3621,216
2022-06,running,988,489
2022-06,sportspsychology,8,4
2022-06,tennis,870,131
2022-06,trackandfield,30,9
2022-06,triathlon,67,37
2022-06,volleyball,18,6
2022-06,weightroom,105,36
2022-06,xxfitness,759,379
2022-07,Basketball,3,0
2022-07,BasketballTips,55,9
2022-07,CollegeBasketball,85,7
2022-07,Fitness,877,283
2022-07,Gymnastics,80,25
2022-07,Rowing,52,15
2022-07,Swimming,75,36
2022-07,bodybuilding,333,90
2022-07,climbing,92,21
2022-07,crossfit,113,29
2022-07,nba,3288,188
2022-07,running,812,463
2022-07,sportspsychology,10,3
2022-07,tennis,1093,133
2022-07,trackandfield,25,5
2022-07,triathlon,96,54
2022-07,volleyball,24,10
2022-07,weightroom,104,38
2022-07,xxfitness,634,276
2022-08,Basketball,14,2
2022-08,BasketballTips,78,21
2022-08,CollegeBasketball,50,2
2022-08,Fitness,953,397
2022-08,Gymnastics,124,31
2022-08,Rowing,41,16
2022-08,Swimming,105,51
2022-08,bodybuilding,228,62
2022-08,climbing,129,35
2022-08,crossfit,215,70
2022-08,nba,2049,135
2022-08,running,1057,531
2022-08,sportspsychology,6,2
2022-08,tennis,720,134
2022-08,trackandfield,29,8
2022-08,triathlon,103,57
2022-08,volleyball,23,5
2022-08,weightroom,85,34
2022-08,xxfitness,543,250
2022-09,Basketball,3,1
2022-09,BasketballTips,52,15
2022-09,CollegeBasketball,51,6
2022-09,Fitness,755,234
2022-09,Gymnastics,64,20
2022-09,Rowing,60,9
2022-09,Swimming,94,48
2022-09,bodybuilding,277,73
2022-09,climbing,104,41
2022-09,crossfit,190,79
2022-09,nba,1937,206
2022-09,running,484,225
2022-09,sportspsychology,1,0
2022-09,tennis,961,144
2022-09,trackandfield,25,8
2022-09,triathlon,95,43
2022-09,volleyball,38,12
2022-09,weightroom,106,38
2022-09,xxfitness,729,407
2022-10,Basketball,7,3
2022-10,BasketballTips,33,9
2022-10,CollegeBasketball,70,5
2022-10,Fitness,871,283
2022-10,Gymnastics,107,42
2022-10,Rowing,55,23
2022-10,Swimming,129,64
2022-10,bodybuilding,210,55
2022-10,climbing,88,21
2022-10,crossfit,127,44
2022-10,nba,3617,324
2022-10,running,528,295
2022-10,sportspsychology,2,0
2022-10,tennis,406,82
2022-10,trackandfield,30,9
2022-10,triathlon,125,55
2022-10,volleyball,29,6
2022-10,weightroom,100,40
2022-10,xxfitness,492,256
2022-11,Basketball,6,2
2022-11,BasketballTips,45,12
2022-11,CollegeBasketball,342,21
2022-11,Fitness,761,306
2022-11,Gymnastics,139,33
2022-11,Rowing,46,15
2022-11,Swimming,109,51
2022-11,bodybuilding,222,45
2022-11,climbing,55,14
2022-11,crossfit,100,41
2022-11,nba,3306,239
2022-11,running,473,218
2022-11,sportspsychology,10,3
2022-11,tennis,411,71
2022-11,trackandfield,23,7
2022-11,triathlon,80,43
2022-11,volleyball,24,8
2022-11,weightroom,100,38
2022-11,xxfitness,481,239
2022-12,Basketball,26,3
2022-12,BasketballTips,25,11
2022-12,CollegeBasketball,443,33
2022-12,Fitness,689,244
2022-12,Gymnastics,36,16
2022-12,Rowing,42,18
2022-12,Swimming,97,44
2022-12,bodybuilding,223,69
2022-12,climbing,67,24
2022-12,crossfit,109,30
2022-12,nba,2148,153
2022-12,running,441,242
2022-12,sportspsychology,10,5
2022-12,tennis,275,30
2022-12,trackandfield,31,9
2022-12,triathlon,69,35
2022-12,volleyball,21,8
2022-12,weightroom,106,53
2022-12,xxfitness,642,342
2023-01,Basketball,46,6
2023-01,BasketballTips,39,14
2023-01,CollegeBasketball,675,70
2023-01,Fitness,823,294
2023-01,Gymnastics,124,32
2023-01,Rowing,46,16
2023-01,Swimming,144,70
2023-01,bodybuilding,294,86
2023-01,climbing,119,45
2023-01,crossfit,123,40
2023-01,nba,2187,157
2023-01,running,380,154
2023-01,sportspsychology,9,4
2023-01,tennis,827,104
2023-01,trackandfield,37,8
2023-01,triathlon,98,28
2023-01,volleyball,20,10
2023-01,weightroom,183,88
2023-01,xxfitness,781,382
2023-02,Basketball,21,3
2023-02,BasketballTips,26,2
2023-02,CollegeBasketball,694,53
2023-02,Fitness,790,279
2023-02,Gymnastics,95,28
2023-02,Rowing,49,14
2023-02,Swimming,107,53
2023-02,bodybuilding,191,46
2023-02,climbing,87,30
2023-02,crossfit,194,80
2023-02,nba,3761,322
2023-02,running,335,158
2023-02,sportspsychology,5,4
2023-02,tennis,334,55
2023-02,trackandfield,45,8
2023-02,triathlon,110,46
2023-02,volleyball,16,6
2023-02,weightroom,116,48
2023-02,xxfitness,583,255
2023-03,Basketball,29,6
2023-03,BasketballTips,42,15
2023-03,CollegeBasketball,1453,122
2023-03,Fitness,988,336
2023-03,Gymnastics,104,30
2023-03,Rowing,76,29
2023-03,Swimming,182,93
2023-03,bodybuilding,264,84
2023-03,climbing,92,24
2023-03,crossfit,186,45
2023-03,nba,5621,504
2023-03,running,530,284
2023-03,sportspsychology,9,2
2023-03,tennis,422,72
2023-03,trackandfield,69,33
2023-03,triathlon,116,43
2023-03,volleyball,20,7
2023-03,weightroom,145,52
2023-03,xxfitness,652,294
2023-04,Basketball,78,32
2023-04,BasketballTips,51,22
2023-04,CollegeBasketball,295,20
2023-04,Fitness,662,226
2023-04,Gymnastics,114,31
2023-04,Rowing,61,22
2023-04,Swimming,75,31
2023-04,bodybuilding,203,58
2023-04,climbing,85,18
2023-04,crossfit,146,57
2023-04,nba,4124,278
2023-04,running,322,139
2023-04,sportspsychology,5,2
2023-04,tennis,394,61
2023-04,trackandfield,56,17
2023-04,triathlon,109,43
2023-04,volleyball,25,7
2023-04,weightroom,110,46
2023-04,xxfitness,560,305
2023-05,Basketball,57,11
2023-05,BasketballTips,48,4
2023-05,CollegeBasketball,107,6
2023-05,Fitness,750,233
2023-05,Gymnastics,39,12
2023-05,Rowing,63,16
2023-05,Swimming,122,69
2023-05,bodybuilding,175,45
2023-05,climbing,76,19
2023-05,crossfit,204,69
2023-05,nba,5911,398
2023-05,running,349,147
2023-05,sportspsychology,10,1
2023-05,tennis,389,77
2023-05,trackandfield,46,15
2023-05,triathlon,150,74
2023-05,volleyball,7,1
2023-05,weightroom,88,35
2023-05,xxfitness,492,225
2023-06,Basketball,98,29
2023-06,BasketballTips,77,21
2023-06,CollegeBasketball,94,2
2023-06,Fitness,495,171
2023-06,Gymnastics,34,15
2023-06,Rowing,58,12
2023-06,Swimming,38,15
2023-06,bodybuilding,172,44
2023-06,climbing,71,26
2023-06,crossfit,143,55
2023-06,nba,2395,153
2023-06,running,201,99
2023-06,sportspsychology,2,0
2023-06,tennis,849,137
2023-06,trackandfield,60,19
2023-06,triathlon,130,64
2023-06,volleyball,13,4
2023-06,weightroom,69,30
2023-06,xxfitness,446,198
2023-07,Basketball,80,20
2023-07,BasketballTips,46,11
2023-07,CollegeBasketball,135,9
2023-07,Fitness,672,215
2023-07,Gymnastics,78,35
2023-07,Rowing,73,25
2023-07,Swimming,104,54
2023-07,bodybuilding,172,40
2023-07,climbing,56,21
2023-07,crossfit,193,83
2023-07,nba,2889,210
2023-07,running,316,163
2023-07,sportspsychology,13,11
2023-07,tennis,1030,147
2023-07,trackandfield,37,16
2023-07,triathlon,135,69
2023-07,volleyball,21,4
2023-07,weightroom,59,24
2023-07,xxfitness,646,305
2023-08,Basketball,99,25
2023-08,BasketballTips,50,17
2023-08,CollegeBasketball,96,4
2023-08,Fitness,648,193
2023-08,Gymnastics,177,57
2023-08,Rowing,59,19
2023-08,Swimming,134,78
2023-08,bodybuilding,167,62
2023-08,climbing,39,14
2023-08,crossfit,202,60
2023-08,nba,1455,95
2023-08,running,309,142
2023-08,sportspsychology,12,5
2023-08,tennis,629,86
2023-08,trackandfield,40,12
2023-08,triathlon,185,99
2023-08,volleyball,20,2
2023-08,weightroom,58,25
2023-08,xxfitness,465,224
2023-09,Basketball,80,15
2023-09,BasketballTips,54,13
2023-09,CollegeBasketball,71,4
2023-09,Fitness,481,119
2023-09,Gymnastics,103,36
2023-09,Rowing,45,24
2023-09,Swimming,141,69
2023-09,bodybuilding,166,55
2023-09,climbing,57,21
2023-09,crossfit,150,38
2023-09,nba,1759,107
2023-09,running,306,136
2023-09,sportspsychology,12,5
2023-09,tennis,986,151
2023-09,trackandfield,33,14
2023-09,triathlon,146,58
2023-09,volleyball,27,8
2023-09,weightroom,36,11
2023-09,xxfitness,458,220
2023-10,Basketball,83,19
2023-10,BasketballTips,46,5
2023-10,CollegeBasketball,164,23
2023-10,Fitness,412,131
2023-10,Gymnastics,327,70
2023-10,Rowing,40,5
2023-10,Swimming,180,95
2023-10,bodybuilding,159,56
2023-10,climbing,70,24
2023-10,crossfit,165,60
2023-10,nba,2287,165
2023-10,running,290,147
2023-10,sportspsychology,7,2
2023-10,tennis,358,46
2023-10,trackandfield,38,22
2023-10,triathlon,133,68
2023-10,volleyball,29,11
2023-10,weightroom,25,9
2023-10,xxfitness,398,181
2023-11,Basketball,64,22
2023-11,BasketballTips,39,16
2023-11,CollegeBasketball,461,48
2023-11,Fitness,299,108
2023-11,Gymnastics,67,27
2023-11,Rowing,58,19
2023-11,Swimming,153,83
2023-11,bodybuilding,154,47
2023-11,climbing,66,19
2023-11,crossfit,145,49
2023-11,nba,2439,148
2023-11,running,404,213
2023-11,sportspsychology,13,2
2023-11,tennis,401,49
2023-11,trackandfield,25,9
2023-11,triathlon,101,34
2023-11,volleyball,26,8
2023-11,weightroom,17,8
2023-11,xxfitness,397,171
2023-12,Basketball,74,29
2023-12,BasketballTips,53,12
2023-12,CollegeBasketball,386,27
2023-12,Fitness,323,117
2023-12,Gymnastics,53,12
2023-12,Rowing,28,8
2023-12,Swimming,173,79
2023-12,bodybuilding,78,19
2023-12,climbing,60,13
2023-12,crossfit,175,69
2023-12,nba,3553,304
2023-12,running,397,248
2023-12,sportspsychology,6,1
2023-12,tennis,193,26
2023-12,trackandfield,28,8
2023-12,triathlon,93,46
2023-12,volleyball,40,14
2023-12,weightroom,17,8
2023-12,xxfitness,521,249
