month,prop,baseline,resid,robust_z,spike
2018-01,0.20092753623188406,0.20503768724358362,-0.004110151011699564,-0.16495346758883375,False
2018-02,0.1975623268698061,0.205107313166547,-0.007544986296740913,-0.30280436144924305,False
2018-03,0.20517693908951037,0.20517693908951037,0.0,0.0,False
2018-04,0.20954182429592266,0.2073593816927165,0.0021824426032061583,0.08758838159174957,False
2018-05,0.19765494137353434,0.20954182429592266,-0.01188688292238832,-0.4770585195748444,False
2018-06,0.2106085767314643,0.2100752005136935,0.0005333762177708035,0.021406088584158843,False
2018-07,0.20503768724358362,0.20954182429592266,-0.004504137052339041,-0.18076538384205276,False
2018-08,0.25242386221056234,0.20954182429592266,0.04288203791463968,1.720992934605271,False
2018-09,0.26036532328211076,0.20954182429592266,0.0508234989861881,2.039709093146601,False
2018-10,0.22322009631654302,0.2106085767314643,0.012611519585078723,0.5061404997533185,False
2018-11,0.23009341637010677,0.2106085767314643,0.019484839638642476,0.7819887528846281,False
2018-12,0.23065865133298485,0.2106085767314643,0.020050074601520557,0.804673434509168,False
2019-01,0.20137916172826203,0.20649515797711043,-0.005115996248848398,-0.20532124464936694,False
2019-02,0.18659136073632465,0.2150452488687783,-0.028453888132453642,-1.141945271712093,False
2019-03,0.20649515797711043,0.2150452488687783,-0.00855009089166786,-0.3431424141754647,False
2019-04,0.2150452488687783,0.2150452488687783,0.0,0.0,False
2019-05,0.1830052808449352,0.2150452488687783,-0.032039968023843096,-1.2858660939523143,False
2019-06,0.18763931104356638,0.2150452488687783,-0.027405937825211918,-1.0998876839134328,False
2019-07,0.2027221316974983,0.2150452488687783,-0.012323117171279985,-0.4945659911569981,False
2019-08,0.24969114619080301,0.2150452488687783,0.03464589732202472,1.3904503471349359,False
2019-09,0.2452301767897777,0.21617336152219874,0.029056815267578973,1.1661426604112493,False
2019-10,0.23132372214941022,0.23132372214941022,0.0,0.0,False
2019-11,0.21617336152219874,0.23440134907251264,-0.018227987550313907,-0.7315472704121054,False
2019-12,0.23440134907251264,0.23568386180785614,-0.001282512735343494,-0.05147132607039436,False
2020-01,0.23568386180785614,0.2452301767897777,-0.009546314981921572,-0.3831240639287494,False
2020-02,0.2126742712294043,0.2452301767897777,-0.03255590556037341,-1.306572312645414,False
2020-03,0.2576489533011272,0.23568386180785614,0.021965091493271055,0.88152916946544,False
2020-04,0.3139683117829175,0.23568386180785614,0.07828444997506137,3.1418046307576577,True
2020-05,0.2796581769436997,0.237691555265732,0.04196662167796772,1.684254361716748,False
2020-06,0.27100034855350297,0.237691555265732,0.03330879328777098,1.3367880981447287,False
2020-07,0.29130227381141677,0.24286322965487858,0.048439044156538186,1.944013316679971,False
2020-08,0.2258308157099698,0.2433785889160917,-0.017547773206121914,-0.7042480995400997,False
2020-09,0.20262280984628614,0.2433785889160917,-0.04075577906980557,-1.6356593864099738,False
2020-10,0.24286322965487858,0.2433785889160917,-0.0005153592612131275,-0.020683010660470312,False
2020-11,0.237691555265732,0.2433785889160917,-0.0056870336503597185,-0.22823879664054295,False
2020-12,0.23102819469771357,0.24286322965487858,-0.011835034957165008,-0.47497769538452494,False
2021-01,0.2433785889160917,0.237691555265732,0.0056870336503597185,0.22823879664054295,False
2021-02,0.2720627325890484,0.237691555265732,0.034371177323316404,1.3794249574901407,False
2021-03,0.2186193650434979,0.24286322965487858,-0.024243864611380672,-0.972983601823381,False
2021-04,0.2547294324681038,0.2433785889160917,0.011350843552012102,0.4555455501836955,False
2021-05,0.2442845537890217,0.2433785889160917,0.0009059648729299874,0.03635925952065777,False
2021-06,0.1990877810674562,0.2433785889160917,-0.04429080784863551,-1.7775313646984792,False
2021-07,0.23473121305938643,0.2433785889160917,-0.008647375856705275,-0.3470467700693237,False
2021-08,0.25407608695652173,0.2356052591808977,0.018470827775624032,0.7412932230841449,False
2021-09,0.24763903462749212,0.23473121305938643,0.012907821568105687,0.5180320432549124,False
2021-10,0.2549629275292992,0.23473121305938643,0.020231714469912787,0.8119632216869117,False
2021-11,0.2338936935186085,0.2338936935186085,0.0,0.0,False
2021-12,0.2356052591808977,0.23167190902492135,0.003933350155976345,0.15785788542136522,False
2022-01,0.22720183009254447,0.23167190902492135,-0.004470078932376886,-0.17939852287482252,False
2022-02,0.20061349693251534,0.23167190902492135,-0.031058412092406007,-1.2464731241898763,False
2022-03,0.20516836335160532,0.23167190902492135,-0.02650354567331603,-1.0636718090814703,False
2022-04,0.20234113712374582,0.2314261315115286,-0.02908499438778278,-1.1672735783697354,False
2022-05,0.19159857531950555,0.22720183009254447,-0.03560325477303891,-1.428872154707767,False
2022-06,0.23167190902492135,0.22720183009254447,0.004470078932376886,0.17939852287482252,False
2022-07,0.21398547955674435,0.22720183009254447,-0.013216350535800114,-0.5304142946437135,False
2022-08,0.2812881562881563,0.21398547955674435,0.06730267673141194,2.7010710490333225,True
2022-09,0.2651842017922337,0.21398547955674435,0.051198722235489325,2.0547679987478804,False
2022-10,0.2314261315115286,0.21398547955674435,0.017440651954784253,0.6999489821085737,False
2022-11,0.20763404128917273,0.21398547955674435,-0.0063514382675716186,-0.2549034727507806,False
2022-12,0.25145454545454543,0.21398547955674435,0.03746906589780108,1.5037531053149993,False
2023-01,0.23005032350826743,0.21398547955674435,0.016064843951523078,0.6447334194130906,False
2023-02,0.19724831326895093,0.215840118430792,-0.018591805161841085,-0.7461484313963292,False
2023-03,0.18881818181818183,0.215840118430792,-0.02702193661261018,-1.084476490651514,False
2023-04,0.18983277591973244,0.215840118430792,-0.026007342511059572,-1.0437575937619454,False
2023-05,0.16018936474733017,0.20763404128917273,-0.04744467654184256,-1.9041061732112312,False
2023-06,0.2014692378328742,0.20908654615261557,-0.007617308319741362,-0.305706874871014,False
2023-07,0.215840118430792,0.20527789199274488,0.010562226438047134,0.42389583045852436,False
2023-08,0.25247729149463255,0.2014692378328742,0.05100805366175834,2.0471158608318727,False
2023-09,0.21620035218156916,0.20527789199274488,0.010922460188824284,0.43835315968172767,False
2023-10,0.2185760890424103,0.20908654615261557,0.009489542889794728,0.38084561882248963,False
2023-11,0.19984987802589604,0.21246333229170378,-0.012613454265807733,-0.5062181446607731,False
2023-12,0.20908654615261557,0.215840118430792,-0.00675357227817644,-0.2710423930230168,False
