month,crude,standardized,weight_covered,n_total,n_relevant
2018-01,0.2016231884057971,0.19803301324376715,0.9884624214865555,8625.0,1739.0
2018-02,0.19789473684210526,0.2058911796711107,0.9770773295320205,9025.0,1786.0
2018-03,0.20436238573626572,0.22059649054828018,0.9770773295320205,11049.0,2258.0
2018-04,0.2112232030264817,0.2079450423338875,0.9770773295320205,9516.0,2010.0
2018-05,0.1972361809045226,0.2063538098691643,0.9770773295320205,11940.0,2355.0
2018-06,0.20972941291393962,0.2069178933944734,0.9770773295320205,10237.0,2147.0
2018-07,0.20503768724358362,0.19917049213133367,0.9770773295320205,10481.0,2149.0
2018-08,0.25208166989848296,0.22647020729694428,0.9917263191800678,8767.0,2210.0
2018-09,0.2609452015076834,0.21095572257085127,0.9793869012332566,6898.0,1800.0
2018-10,0.22361056878823377,0.19605258096203132,0.9860551898543326,7683.0,1718.0
2018-11,0.23020462633451957,0.22977509763514906,0.9803412272255327,8992.0,2070.0
2018-12,0.23105070569785677,0.22100755305188247,0.9940358908813038,7652.0,1768.0
2019-01,0.20084042667815968,0.18626945008851256,0.9770773295320205,9281.0,1864.0
2019-02,0.18774186800543877,0.18843599618795792,0.9803412272255327,9561.0,1795.0
2019-03,0.20463660373667222,0.19939401875506835,0.9907719931877915,10223.0,2092.0
2019-04,0.2159502262443439,0.20252992910074716,0.9943374373348777,8840.0,1909.0
2019-05,0.18252520403264522,0.19547048815460782,0.9943374373348777,10415.0,1901.0
2019-06,0.1879432624113475,0.1976765799639143,0.9940358908813038,9870.0,1855.0
2019-07,0.20233873286686477,0.20644754186412487,0.9917263191800678,10433.0,2111.0
2019-08,0.2501029512697323,0.20665740180003242,0.9917263191800678,7285.0,1822.0
2019-09,0.24645545247680728,0.1960313689408093,0.9917263191800678,5713.0,1408.0
2019-10,0.22948885976408911,0.20503241680825404,0.9917263191800678,7630.0,1751.0
2019-11,0.21696617336152219,0.21515910328451526,0.9917263191800678,7568.0,1642.0
2019-12,0.23409474168327457,0.20407061709522073,0.9917263191800678,6523.0,1527.0
2020-01,0.23615712257453858,0.2228681674846486,0.9943374373348777,8452.0,1996.0
2020-02,0.2126742712294043,0.19477742063018608,0.9917263191800678,7890.0,1678.0
2020-03,0.2583809105548236,0.21633666428718334,0.9910735396413654,6831.0,1765.0
2020-04,0.31232926607175376,0.22543747284217325,0.9917263191800678,5491.0,1715.0
2020-05,0.2801608579088472,0.2258868520522395,0.9910735396413654,5968.0,1672.0
2020-06,0.2708260718020216,0.21849654870608737,0.9884624214865555,5738.0,1554.0
2020-07,0.2919383049769439,0.21441516885830947,0.9912106062111716,6289.0,1836.0
2020-08,0.22550712127751402,0.2362709581658972,0.9917263191800678,9268.0,2090.0
2020-09,0.20294528646673116,0.21527371620030852,0.9912106062111716,9303.0,1888.0
2020-10,0.24172702741087915,0.2202210526262623,0.9884624214865555,7041.0,1702.0
2020-11,0.2396478643625693,0.22321187560594463,0.9884624214865555,6134.0,1470.0
2020-12,0.22976574554635995,0.22089559514264812,0.9884624214865555,7129.0,1638.0
2021-01,0.24360115735588694,0.23031568234367936,0.9907719931877915,8986.0,2189.0
2021-02,0.27232854864433814,0.23328911930251808,0.9943374373348777,7524.0,2049.0
2021-03,0.2186193650434979,0.2073360119551192,0.9961312960672175,8851.0,1935.0
2021-04,0.25487608153688224,0.22351078942802047,0.9917263191800678,6819.0,1738.0
2021-05,0.24904259022861785,0.23241263741778223,0.9943374373348777,8617.0,2146.0
2021-06,0.19620708970152836,0.22969193207781974,0.9943374373348777,12497.0,2452.0
2021-07,0.23426212590299278,0.22462452003173206,0.9966470090361137,10659.0,2497.0
2021-08,0.2533349802371542,0.22626166656263358,0.9933831113426014,8096.0,2051.0
2021-09,0.24823864488082747,0.21707095568611212,0.9935201779124077,6671.0,1656.0
2021-10,0.25436498445348005,0.2585923619058468,0.9912106062111716,8362.0,2127.0
2021-11,0.2342823826644641,0.25915000309978703,0.9967840756059199,10291.0,2411.0
2021-12,0.2354541332930331,0.23180749241669418,0.9907719931877915,6617.0,1558.0
2022-01,0.22772174274721846,0.23559013812584118,0.9938217243659815,9617.0,2190.0
2022-02,0.20061349693251534,0.24843373560913223,0.9912106062111716,11410.0,2289.0
2022-03,0.20458104933437746,0.23162505430111832,0.9961312960672175,10216.0,2090.0
2022-04,0.2025378713358253,0.23830424822434043,0.9938217243659815,10166.0,2059.0
2022-05,0.19138906348208673,0.21751333941447848,0.9938217243659815,9546.0,1827.0
2022-06,0.23142995402855068,0.2333711854090844,0.9938217243659815,8266.0,1913.0
2022-07,0.2146223411030442,0.21931529368715574,0.9961312960672175,7851.0,1685.0
2022-08,0.2812881562881563,0.23628481844731153,0.9961312960672175,6552.0,1843.0
2022-09,0.2670096249585131,0.24925366464421952,0.9961312960672175,6026.0,1609.0
2022-10,0.2300028465698833,0.24879136862909765,0.9961312960672175,7026.0,1616.0
2022-11,0.2088222189217288,0.23417093773905787,0.9961312960672175,6733.0,1406.0
2022-12,0.2489090909090909,0.24569541406087653,0.9993951937607297,5500.0,1369.0
2023-01,0.23120057512580877,0.2267085447847433,0.9993951937607297,6955.0,1608.0
2023-02,0.1971160206376505,0.23008948760679196,0.9970856220594937,7559.0,1490.0
2023-03,0.18863636363636363,0.2398851376505601,0.9993951937607297,11000.0,2075.0
2023-04,0.18929765886287625,0.23043860341442746,0.9993951937607297,7475.0,1415.0
2023-05,0.16040955631399317,0.2158225829449501,0.9970856220594937,9083.0,1457.0
2023-06,0.20091827364554637,0.22316221191479096,0.9970856220594937,5445.0,1094.0
2023-07,0.2164322723908216,0.230697566031639,0.9993951937607297,6755.0,1462.0
2023-08,0.25165152766308835,0.22422058163663144,0.9993951937607297,4844.0,1219.0
2023-09,0.21600469575425552,0.21066457653688514,0.9993951937607297,5111.0,1104.0
2023-10,0.2185760890424103,0.230591597861918,0.9993951937607297,5211.0,1139.0
2023-11,0.20266466504034528,0.22511613281226345,0.9819654660777373,5329.0,1080.0
2023-12,0.20620700687889937,0.24386294339466225,0.9819654660777373,6251.0,1289.0
