subreddit,n,pct,cum_pct
xxfitness,29532,22.745967928277647,22.745967928277647
running,24805,19.105165056918835,41.85113298519648
Fitness,23314,17.956775574964958,59.80790856016144
nba,19391,14.93522497958932,74.74313353975076
bodybuilding,8306,6.397399756612289,81.14053329636305
tennis,5304,4.085216507232312,85.22574980359536
weightroom,3333,2.5671241739451918,87.79287397754055
crossfit,2866,2.2074341081688926,90.00030808570945
Swimming,2520,1.9409399694995149,91.94124805520896
triathlon,2058,1.5851009750912703,93.52634903030022
Gymnastics,2035,1.5673860467982192,95.09373507709846
climbing,1816,1.398709120877428,96.49244419797589
CollegeBasketball,1684,1.2970408367607869,97.78948503473667
Rowing,970,0.747107845402591,98.53659288013925
Basketball,518,0.3989709937304558,98.93556387386971
trackandfield,487,0.3750943512485173,99.31065822511823
BasketballTips,410,0.3157878521804766,99.62644607729871
volleyball,374,0.28806013833048355,99.91450621562919
sportspsychology,111,0.08549378437081195,100.0
