month,n,xxfitness,running,Fitness,nba,bodybuilding,tennis,weightroom,crossfit,hhi,effective_subs
2017-12,6,0.5,0.0,0.3333333333333333,0.16666666666666666,0.0,0.0,0.0,0.0,0.3888888888888889,2.571428571428571
2018-01,1739,0.27889591719378953,0.1242093156986774,0.24784358826912017,0.12248418631397355,0.10063254744105808,0.030477285796434734,0.015526164462334674,0.015526164462334674,0.18203735895488307,5.49337787441667
2018-02,1786,0.2782754759238522,0.10750279955207166,0.20548712206047032,0.17301231802911535,0.12038073908174692,0.011758118701007838,0.02127659574468085,0.02127659574468085,0.17757875425262307,5.63130428642045
2018-03,2258,0.25155004428697963,0.05713020372010629,0.20106288751107174,0.2821080602302923,0.07440212577502214,0.016386182462356066,0.02745792736935341,0.020814880425155006,0.19478033422744126,5.133988520793476
2018-04,2010,0.30199004975124377,0.11592039800995024,0.2507462686567164,0.1253731343283582,0.10149253731343283,0.014427860696517412,0.0263681592039801,0.013930348258706468,0.19504715229821046,5.126965393840179
2018-05,2355,0.24076433121019108,0.07685774946921443,0.28280254777070063,0.2288747346072187,0.09171974522292993,0.007218683651804671,0.019957537154989383,0.011464968152866241,0.20559283450759777,4.863982747234532
2018-06,2147,0.31392640894271073,0.10759198882161156,0.21984163949697252,0.15882626921285514,0.1047973917093619,0.010246856078248719,0.02095947834187238,0.02095947834187238,0.19611836925865078,5.09896142712236
2018-07,2149,0.3178222429036761,0.07398790134946487,0.2531409958120056,0.1698464402047464,0.08655188459748721,0.01582131223825035,0.024662633783154957,0.01907864122847836,0.20845194914643173,4.797268646778293
2018-08,2210,0.251131221719457,0.11357466063348416,0.2755656108597285,0.1579185520361991,0.09819004524886878,0.01085972850678733,0.023529411764705882,0.02081447963800905,0.18808664851252022,5.316698489278647
2018-09,1800,0.31444444444444447,0.12777777777777777,0.2816666666666667,0.07555555555555556,0.09277777777777778,0.021666666666666667,0.022222222222222223,0.015555555555555555,0.21049814814814818,4.750635617450667
2018-10,1718,0.26251455180442373,0.11525029103608847,0.2939464493597206,0.12048894062863795,0.10768335273573923,0.009313154831199068,0.030849825378346914,0.013969732246798603,0.19634263519456388,5.0931373056547775
2018-11,2070,0.21884057971014492,0.10579710144927536,0.26714975845410627,0.2391304347826087,0.07922705314009662,0.010628019323671498,0.020289855072463767,0.007729468599033816,0.19503232280800017,5.127355228109811
2018-12,1768,0.2641402714932127,0.08201357466063348,0.2658371040723982,0.1436651583710407,0.11481900452488687,0.003959276018099547,0.033936651583710405,0.02092760180995475,0.1832835118036076,5.456028150920211
2019-01,1864,0.2929184549356223,0.07349785407725322,0.2843347639484979,0.0992489270386266,0.07778969957081545,0.028433476394849784,0.03165236051502146,0.03701716738197425,0.19227306636703567,5.200936454048487
2019-02,1795,0.30194986072423396,0.08467966573816156,0.26295264623955433,0.13537604456824512,0.08802228412256267,0.007799442896935933,0.04011142061281337,0.019498607242339833,0.19623094172143296,5.096036288811108
2019-03,2092,0.27246653919694075,0.09990439770554493,0.25908221797323133,0.08843212237093691,0.0965583173996176,0.010994263862332695,0.03154875717017208,0.020076481835564052,0.17428864946678416,5.737608289807648
2019-04,1909,0.27972760607647984,0.15610267155578836,0.23834468308014667,0.1105290728129911,0.09167103195390257,0.004714510214772132,0.021477213200628602,0.012572027239392353,0.1819505685758041,5.495998214390744
2019-05,1901,0.2524986849026828,0.1604418726985797,0.19779063650710152,0.17780115728563914,0.08100999473961074,0.015781167806417674,0.02524986849026828,0.017359284587059442,0.16899297996762966,5.917405564370475
2019-06,1855,0.24097035040431267,0.1902964959568733,0.20700808625336928,0.13746630727762804,0.09380053908355795,0.01509433962264151,0.023180592991913745,0.01509433962264151,0.16720686423376757,5.980615715643863
2019-07,2111,0.2273803884414969,0.17953576504026528,0.20653718616769304,0.14495499763145428,0.07674088109900522,0.03268593083846518,0.02984367598294647,0.025580293699668404,0.15758985943786363,6.3455859632535025
2019-08,1822,0.24478594950603733,0.18551042810098792,0.25466520307354557,0.0867178924259056,0.0889132821075741,0.021953896816684963,0.025246981339187707,0.014270032930845226,0.17707528788884724,5.647315398564901
2019-09,1408,0.2734375,0.20951704545454544,0.22514204545454544,0.0703125,0.06605113636363637,0.033380681818181816,0.033380681818181816,0.013494318181818182,0.18195134943181818,5.495974627958039
2019-10,1751,0.2764134780125643,0.19189034837235866,0.22215876641918902,0.09366076527698458,0.07881210736721873,0.010850942318675044,0.029697315819531698,0.029697315819531698,0.18010855182369478,5.552207209899079
2019-11,1642,0.2095006090133983,0.19427527405602923,0.26552984165651644,0.1285018270401949,0.06029232643118149,0.01766138855054811,0.0341047503045067,0.015834348355663823,0.1749018234795806,5.717493277688713
2019-12,1527,0.2475442043222004,0.24492468893254749,0.21676489849377864,0.07465618860510806,0.068762278978389,0.003929273084479371,0.04846103470857891,0.01899148657498363,0.18219484339732447,5.488629542710126
2020-01,1996,0.23146292585170342,0.24448897795591182,0.16132264529058116,0.1497995991983968,0.07665330661322645,0.024549098196392786,0.023547094188376753,0.008517034068136272,0.16982712920831647,5.8883407183628576
2020-02,1678,0.2961859356376639,0.18057210965435042,0.19606674612634087,0.09117997616209773,0.08343265792610251,0.0166865315852205,0.032777115613825986,0.010131108462455305,0.17680819296483552,5.655846503667875
2020-03,1765,0.3314447592067989,0.2096317280453258,0.16203966005665724,0.06062322946175638,0.0821529745042493,0.0073654390934844195,0.029461756373937678,0.017563739376770537,0.1934399601954915,5.169562684925051
2020-04,1715,0.3673469387755102,0.26588921282798833,0.15801749271137025,0.05830903790087463,0.04081632653061224,0.004081632653061225,0.013994169096209912,0.01749271137026239,0.23699818952987273,4.21944151549712
2020-05,1672,0.2876794258373206,0.24342105263157895,0.15490430622009568,0.0867224880382775,0.08433014354066985,0.006578947368421052,0.023923444976076555,0.03588516746411483,0.18359527025480185,5.44676340851349
2020-06,1554,0.2548262548262548,0.2985842985842986,0.15701415701415702,0.09523809523809523,0.046975546975546977,0.02252252252252252,0.02252252252252252,0.023166023166023165,0.192593034291876,5.192295784096187
2020-07,1836,0.275599128540305,0.3752723311546841,0.11002178649237472,0.058823529411764705,0.06372549019607843,0.007625272331154684,0.02178649237472767,0.022331154684095862,0.2381028664188987,4.1998654406817675
2020-08,2090,0.2521531100478469,0.2660287081339713,0.11722488038277512,0.17559808612440192,0.05215311004784689,0.00861244019138756,0.021052631578947368,0.019617224880382776,0.18411300107598266,5.431446960050932
2020-09,1888,0.2981991525423729,0.23728813559322035,0.09798728813559322,0.16366525423728814,0.0736228813559322,0.036546610169491525,0.022245762711864406,0.01059322033898305,0.189541214808963,5.275897387319648
2020-10,1702,0.2309048178613396,0.28495887191539365,0.15276145710928318,0.11045828437132785,0.07344300822561692,0.0399529964747356,0.020564042303172738,0.02408930669800235,0.1788184495740823,5.592264122532346
2020-11,1470,0.24013605442176872,0.2965986394557823,0.1326530612244898,0.1346938775510204,0.0727891156462585,0.017687074829931974,0.026530612244897958,0.02108843537414966,0.18865009949558056,5.300818831656257
2020-12,1638,0.2264957264957265,0.3412698412698413,0.11416361416361416,0.1446886446886447,0.06349206349206349,0.006105006105006105,0.03540903540903541,0.013431013431013432,0.20787806685242582,4.810512312056026
2021-01,2189,0.22887163088168114,0.33988122430333484,0.08634079488350845,0.17131110095934216,0.05299223389675651,0.0077661032434901784,0.022384650525354044,0.014618547281863865,0.20907832488577693,4.782896555854449
2021-02,2049,0.27867252318204,0.3084431429965837,0.1063933626159102,0.06881405563689605,0.0741825280624695,0.043923865300146414,0.02440214738897023,0.005368472425573451,0.19819235942445704,5.04560318522854
2021-03,1935,0.2713178294573643,0.2909560723514212,0.11524547803617571,0.08785529715762273,0.06201550387596899,0.013436692506459949,0.03307493540051679,0.012403100775193798,0.1880151433207139,5.318720515475779
2021-04,1738,0.24626006904487918,0.3037974683544304,0.14672036823935558,0.09666283084004602,0.05868814729574223,0.02186421173762946,0.02761795166858458,0.017836593785960874,0.18964763805334228,5.272936748723069
2021-05,2146,0.18452935694315004,0.212022367194781,0.14958061509785647,0.08713886300093196,0.04054054054054054,0.22041006523765144,0.020037278657968314,0.007455731593662628,0.16055054636858793,6.228568028066532
2021-06,2452,0.16231647634584012,0.1900489396411093,0.1064437194127243,0.22593800978792822,0.04812398042414356,0.15089722675367048,0.026508972267536703,0.007748776508972268,0.15198566140368155,6.579568037960829
2021-07,2497,0.15738886663996796,0.17701241489787745,0.131758109731678,0.1421706047256708,0.03884661593912695,0.0736884261113336,0.023227873448137766,0.020824989987985584,0.13543091918552164,7.383838240292368
2021-08,2051,0.18820087762067284,0.2681618722574354,0.15504631886884446,0.10482691370063384,0.056557776694295465,0.05509507557289127,0.02437835202340322,0.01462701121404193,0.15436239377112304,6.478261806970452
2021-09,1656,0.15881642512077296,0.24094202898550723,0.1322463768115942,0.09178743961352658,0.05314009661835749,0.17451690821256038,0.029589371980676328,0.035024154589371984,0.14583697985950664,6.856971400281046
2021-10,2127,0.1462153267512929,0.2642219087917254,0.13446168312176776,0.23789374706158908,0.0460742830277386,0.039492242595204514,0.02914903620122238,0.022566995768688293,0.1719621611143272,5.815232801913677
2021-11,2411,0.11986727498963086,0.28038158440481126,0.11074243052675238,0.3239319784321858,0.03442554956449606,0.025300705101617586,0.019908751555371217,0.019493985897967647,0.21347597877211819,4.684367795158265
2021-12,1558,0.17073170731707318,0.2682926829268293,0.18806161745827984,0.14890885750962773,0.05006418485237484,0.021181001283697046,0.0417201540436457,0.014762516046213094,0.16483477550132575,6.066680995916163
2022-01,2190,0.1319634703196347,0.3041095890410959,0.13378995433789953,0.12054794520547946,0.036073059360730596,0.09497716894977169,0.03561643835616438,0.03333333333333333,0.15720731427618276,6.361027186325402
2022-02,2289,0.14941022280471822,0.182175622542595,0.12756662297946703,0.35124508519003933,0.03145478374836173,0.0327653997378768,0.022717343818261248,0.022717343818261248,0.19931306697692408,5.017232513489832
2022-03,2090,0.16889952153110047,0.18373205741626794,0.11722488038277512,0.19521531100478468,0.03732057416267943,0.12200956937799043,0.023444976076555026,0.01770334928229665,0.135536732217669,7.378073704728414
2022-04,2059,0.1544439048081593,0.2214667314230209,0.1544439048081593,0.2676056338028169,0.04176784847013113,0.03351141330743079,0.022340942204953862,0.010684798445847498,0.17317898110641372,5.774372811360563
2022-05,1827,0.2019704433497537,0.22660098522167488,0.1510673234811166,0.16420361247947454,0.051450465243568694,0.08045977011494253,0.025177887246852763,0.014778325123152709,0.1531042152184783,6.53149881322999
2022-06,1913,0.19811813904861475,0.25561944589649765,0.17825405122843702,0.11291165708311553,0.04756926293779404,0.06847882906429692,0.01881860951385259,0.01986408782017773,0.15833367262647596,6.315775939582315
2022-07,1685,0.16379821958456972,0.2747774480712166,0.1679525222551929,0.11157270029673591,0.05341246290801187,0.07893175074183977,0.022551928783382788,0.017210682492581602,0.15490811753207304,6.455439624027155
2022-08,1843,0.13564839934888767,0.28811720021703746,0.21540965816603364,0.07325013564839934,0.033640803038524146,0.0727075420510038,0.018448182311448725,0.03798155181768855,0.16398073513041825,6.098277332423674
2022-09,1609,0.25295214418893724,0.13983840894965818,0.1454319453076445,0.12802983219390926,0.045369794903666875,0.08949658172778123,0.023617153511497825,0.049098819142324425,0.13673900036347753,7.313202505077668
2022-10,1616,0.15841584158415842,0.18254950495049505,0.1751237623762376,0.2004950495049505,0.03403465346534654,0.050742574257425746,0.024752475247524754,0.027227722772277228,0.13823629423585923,7.233990216012277
2022-11,1406,0.16998577524893316,0.155049786628734,0.21763869132290184,0.16998577524893316,0.032005689900426744,0.050497866287339974,0.02702702702702703,0.029160739687055477,0.13772715591986384,7.26073223048218
2022-12,1369,0.2498173849525201,0.17677136596055515,0.17823228634039445,0.11176040905770636,0.050401753104455806,0.02191380569758948,0.03871439006574142,0.02191380569758948,0.14595811138957648,6.851280757743584
2023-01,1608,0.23756218905472637,0.09577114427860696,0.1828358208955224,0.09763681592039801,0.053482587064676616,0.06467661691542288,0.05472636815920398,0.024875621890547265,0.12475789584416228,8.015524734796113
2023-02,1490,0.17114093959731544,0.10604026845637583,0.187248322147651,0.21610738255033557,0.03087248322147651,0.03691275167785235,0.032214765100671144,0.053691275167785234,0.13292284131345433,7.5231614831482005
2023-03,2075,0.1416867469879518,0.13686746987951806,0.16192771084337348,0.24289156626506025,0.04048192771084337,0.03469879518072289,0.02506024096385542,0.021686746987951807,0.13472492379155174,7.422531569193639
2023-04,1415,0.21554770318021202,0.09823321554770319,0.15971731448763252,0.19646643109540637,0.04098939929328622,0.0431095406360424,0.03250883392226148,0.040282685512367494,0.1298480440509933,7.701309690943707
2023-05,1457,0.15442690459849004,0.10089224433768017,0.15991763898421413,0.2731640356897735,0.03088538091969801,0.05284831846259437,0.024021962937542895,0.04735758407687028,0.1461550020750416,6.842051149823539
2023-06,1094,0.1809872029250457,0.09049360146252285,0.1563071297989031,0.13985374771480805,0.04021937842778794,0.12522851919561243,0.027422303473491772,0.050274223034734916,0.11138869485877764,8.977571747903447
2023-07,1462,0.20861833105335156,0.11149110807113544,0.14705882352941177,0.1436388508891929,0.027359781121751026,0.10054719562243503,0.016415868673050615,0.05677154582763338,0.11769010088685365,8.4968913482485
2023-08,1219,0.1837571780147662,0.11648892534864644,0.1583264971287941,0.07793273174733388,0.05086136177194422,0.07054963084495489,0.020508613617719443,0.04922067268252666,0.10287820474426988,9.720231826418006
2023-09,1104,0.19927536231884058,0.12318840579710146,0.10778985507246377,0.09692028985507246,0.049818840579710144,0.13677536231884058,0.009963768115942028,0.034420289855072464,0.10750597300987189,9.301808746088682
2023-10,1139,0.15891132572431957,0.12906057945566285,0.11501316944688324,0.14486391571553994,0.04916593503072871,0.04038630377524144,0.007901668129938543,0.05267778753292362,0.09894467136506693,10.106658460771406
2023-11,1080,0.15833333333333333,0.19722222222222222,0.1,0.13703703703703704,0.04351851851851852,0.04537037037037037,0.007407407407407408,0.04537037037037037,0.10968964334705074,9.116630973409828
2023-12,1289,0.19317300232738557,0.19239720713731576,0.09076803723816912,0.23584173778122575,0.01474010861132661,0.02017067494181536,0.0062063615205585725,0.05352986811481769,0.14816604785615112,6.74918454308009
