month,subreddit,n,depression,anxiety,stress_pressure,burnout_motivation,performance_psych,body_image_eating,injury_distress,self_harm_suicide,help_seeking,exercise_coping,substance_use,loneliness_isolation,sleep,trauma_ptsd,adhd_neurodivergence,exercise_dependence
2017-12,Fitness,2,0,2,1,0,0,0,0,0,0,1,0,0,0,0,0,0
2017-12,nba,1,0,0,1,0,0,0,0,0,0,0,0,0,0,0,0,0
2017-12,xxfitness,3,1,2,0,0,0,1,0,0,1,2,0,0,0,0,0,0
2018-01,BasketballTips,1,0,1,0,0,1,0,0,0,0,0,0,0,0,0,0,0
2018-01,CollegeBasketball,33,5,13,1,1,5,0,1,2,1,0,0,3,0,1,0,0
2018-01,Fitness,431,114,123,24,52,16,76,23,5,43,153,8,5,27,0,5,15
2018-01,Gymnastics,3,0,0,0,0,1,0,0,0,2,0,0,1,0,1,0,0
2018-01,Rowing,18,3,5,2,8,5,2,0,1,3,3,0,0,0,0,0,0
2018-01,Swimming,26,12,9,3,2,8,1,0,0,0,6,1,1,0,0,1,2
2018-01,bodybuilding,175,50,43,11,12,4,35,9,8,20,33,4,7,8,1,9,12
2018-01,climbing,20,7,8,1,0,0,0,0,1,4,15,0,1,0,0,3,1
2018-01,crossfit,27,3,17,0,0,6,3,0,0,3,6,0,0,0,1,1,0
2018-01,nba,213,38,37,8,7,66,4,11,14,27,8,3,5,1,3,4,1
2018-01,running,216,68,85,14,29,34,10,19,4,19,85,6,1,7,1,1,7
2018-01,tennis,53,14,9,5,4,12,1,3,0,7,3,0,0,1,0,0,0
2018-01,triathlon,10,0,5,0,4,2,1,0,0,0,1,1,0,0,0,0,1
2018-01,volleyball,1,0,0,0,0,0,0,0,0,1,0,0,0,0,0,0,0
2018-01,weightroom,27,8,4,0,1,0,4,5,1,4,5,0,1,0,0,0,0
2018-01,xxfitness,485,101,175,44,47,9,138,15,8,76,157,8,5,9,4,5,40
2018-02,Basketball,1,1,0,0,0,0,0,0,0,0,0,0,0,0,0,0,0
2018-02,CollegeBasketball,45,19,9,1,0,11,0,0,2,5,1,2,2,1,1,0,0
2018-02,Fitness,367,82,94,26,42,16,85,11,9,33,93,1,6,17,4,1,20
2018-02,Gymnastics,2,0,0,1,0,0,0,0,0,0,0,0,0,0,1,0,0
2018-02,Rowing,11,3,3,0,3,3,0,0,0,0,0,0,0,0,0,0,0
2018-02,Swimming,17,4,8,3,0,3,2,1,2,2,4,0,0,0,0,0,1
2018-02,bodybuilding,215,54,55,12,19,10,45,10,2,28,50,2,6,6,1,6,12
2018-02,climbing,17,2,8,2,3,1,0,3,0,3,3,1,0,0,1,1,2
2018-02,crossfit,38,7,12,4,7,7,5,0,0,4,9,0,0,3,0,1,4
2018-02,nba,309,140,71,14,2,53,1,21,15,36,18,4,6,1,5,3,1
2018-02,running,192,81,59,12,27,10,7,13,2,19,107,4,4,1,2,2,13
2018-02,sportspsychology,3,0,0,1,1,0,0,0,0,2,0,0,0,0,0,0,0
2018-02,tennis,21,4,4,0,1,7,0,0,0,2,1,0,0,0,1,0,0
2018-02,trackandfield,2,0,1,0,0,2,0,0,0,1,0,0,0,0,0,0,0
2018-02,triathlon,10,1,4,1,2,3,0,0,0,0,1,1,0,0,0,1,1
2018-02,volleyball,1,0,0,0,1,0,0,0,0,0,0,0,0,0,0,0,0
2018-02,weightroom,38,12,10,2,4,3,4,4,3,2,5,0,0,1,0,0,1
2018-02,xxfitness,497,73,196,54,28,21,146,13,1,53,138,4,7,17,5,12,53
2018-03,Basketball,5,1,3,2,0,3,0,0,0,0,1,0,0,0,0,0,0
2018-03,CollegeBasketball,68,21,24,0,1,19,0,1,2,4,2,0,0,1,0,0,0
2018-03,Fitness,454,87,125,27,47,20,122,18,5,51,109,7,8,16,1,16,31
2018-03,Gymnastics,3,1,1,0,0,0,0,0,2,0,0,0,1,0,0,0,0
2018-03,Rowing,20,6,9,6,3,5,0,0,0,7,5,0,0,0,0,2,1
2018-03,Swimming,20,6,11,1,0,3,1,1,0,6,11,0,2,0,0,0,0
2018-03,bodybuilding,168,45,31,11,14,5,27,9,3,17,31,6,9,6,3,6,5
2018-03,climbing,28,11,10,3,2,3,0,4,0,5,13,1,0,0,1,0,0
2018-03,crossfit,47,7,19,9,7,11,0,0,3,6,17,0,2,2,0,1,1
2018-03,nba,637,173,267,53,8,63,6,32,12,91,37,6,12,4,10,13,6
2018-03,running,129,24,54,8,18,19,13,11,1,10,36,3,3,2,1,1,7
2018-03,sportspsychology,1,0,0,0,0,1,0,0,0,0,0,0,0,0,0,0,0
2018-03,tennis,37,11,8,0,4,8,1,5,1,3,0,0,2,0,2,0,0
2018-03,trackandfield,5,0,3,0,1,2,1,0,0,0,0,0,0,0,0,0,0
2018-03,triathlon,6,1,1,0,2,0,0,0,0,2,2,1,0,0,0,0,1
2018-03,weightroom,62,14,18,2,5,8,1,4,2,12,12,2,0,3,0,4,2
2018-03,xxfitness,568,84,180,54,39,19,232,27,4,89,124,7,15,10,7,12,49
2018-04,Basketball,1,0,0,0,0,1,0,0,0,0,0,0,0,0,0,0,0
2018-04,BasketballTips,3,0,1,0,1,2,0,0,0,0,0,0,0,0,0,0,0
2018-04,CollegeBasketball,19,2,11,0,0,4,1,0,0,3,0,0,0,0,1,0,0
2018-04,Fitness,504,132,132,36,51,22,125,25,10,38,146,9,5,18,4,12,51
2018-04,Gymnastics,1,0,0,0,0,0,0,1,0,0,0,0,1,0,0,0,0
2018-04,Rowing,10,0,3,1,4,2,1,0,0,1,0,0,0,0,0,0,0
2018-04,Swimming,12,4,3,0,3,4,0,2,0,2,3,0,1,0,0,0,0
2018-04,bodybuilding,204,74,39,14,18,8,46,5,5,32,57,5,10,6,1,5,13
2018-04,climbing,24,3,13,2,1,4,1,2,1,4,3,2,0,0,1,0,3
2018-04,crossfit,28,2,11,2,4,1,9,2,3,0,7,1,0,1,1,0,4
2018-04,nba,252,70,65,13,8,48,3,16,16,23,14,8,3,3,1,9,1
2018-04,running,233,89,73,17,34,20,18,29,7,30,111,1,6,2,2,4,17
2018-04,sportspsychology,1,0,1,0,0,1,0,0,0,1,0,0,0,0,0,0,0
2018-04,tennis,29,10,8,3,3,9,0,1,1,2,0,0,2,0,1,2,2
2018-04,trackandfield,4,0,1,2,0,3,1,0,0,0,0,0,0,0,0,0,0
2018-04,triathlon,22,5,9,3,3,3,1,5,0,3,7,1,0,0,2,1,1
2018-04,volleyball,3,0,0,0,0,1,0,0,0,0,0,0,0,0,0,0,0
2018-04,weightroom,53,16,14,3,4,8,3,4,0,3,15,0,0,3,0,3,1
2018-04,xxfitness,607,123,169,77,54,15,194,30,5,114,226,3,10,12,5,14,58
2018-05,Basketball,3,2,1,0,1,0,0,1,0,0,1,0,0,0,0,0,0
2018-05,CollegeBasketball,4,2,1,0,0,1,0,0,1,0,0,0,0,0,0,0,0
2018-05,Fitness,666,162,252,40,70,23,116,19,6,56,185,10,13,20,2,13,36
2018-05,Gymnastics,1,0,0,1,0,0,0,0,0,0,0,0,0,0,0,0,0
2018-05,Rowing,10,3,1,0,4,2,1,1,0,1,3,0,0,0,1,0,1
2018-05,Swimming,14,0,5,0,3,2,1,0,0,2,2,0,0,0,0,0,0
2018-05,bodybuilding,216,54,60,13,13,10,44,13,9,23,47,11,6,3,2,6,19
2018-05,climbing,35,1,15,2,0,2,10,1,3,3,7,1,1,0,1,0,4
2018-05,crossfit,27,5,14,3,7,2,1,1,0,3,8,0,2,1,0,0,3
2018-05,nba,539,167,197,28,11,129,4,19,17,73,41,7,5,6,8,8,8
2018-05,running,181,40,65,7,29,20,13,12,1,15,65,3,2,3,2,1,9
2018-05,tennis,17,2,4,0,2,6,0,0,0,2,0,0,0,0,0,1,1
2018-05,trackandfield,4,0,3,0,1,1,0,0,0,0,0,1,0,0,0,0,0
2018-05,triathlon,21,3,9,2,1,7,2,2,0,2,2,0,0,0,1,0,1
2018-05,volleyball,3,0,0,0,1,0,0,0,0,0,0,0,0,0,0,0,0
2018-05,weightroom,47,9,8,5,4,1,7,4,1,2,4,0,1,4,1,2,2
2018-05,xxfitness,567,87,199,61,31,22,172,17,5,97,148,10,15,8,4,9,44
2018-06,Basketball,3,0,1,0,0,2,0,0,0,1,0,0,0,0,0,0,0
2018-06,BasketballTips,1,0,0,0,0,0,0,0,0,0,0,0,0,0,0,0,0
2018-06,CollegeBasketball,1,0,1,0,0,0,0,0,0,0,0,0,0,0,0,0,0
2018-06,Fitness,472,108,87,29,61,18,115,14,8,54,128,13,6,10,1,11,68
2018-06,Gymnastics,1,1,0,0,0,0,0,1,1,0,0,0,0,0,0,0,0
2018-06,Rowing,8,1,3,0,2,4,0,0,0,1,1,0,0,0,0,0,0
2018-06,Swimming,16,1,5,2,5,5,0,0,0,3,1,0,0,0,0,2,1
2018-06,bodybuilding,225,80,41,6,21,5,44,7,13,29,55,10,9,11,1,2,5
2018-06,climbing,26,3,17,0,1,5,0,3,0,2,0,1,0,0,0,1,1
2018-06,crossfit,45,7,24,5,3,2,3,0,0,4,22,2,1,0,1,2,6
2018-06,nba,341,66,105,14,7,114,2,9,8,40,20,5,5,4,1,5,8
2018-06,running,231,57,68,14,32,28,17,29,5,30,107,6,1,4,2,2,29
2018-06,tennis,22,6,5,1,1,8,0,2,1,3,0,0,1,1,0,1,0
2018-06,trackandfield,2,1,0,0,1,0,0,0,0,1,1,0,0,0,0,0,0
2018-06,triathlon,34,3,17,0,7,9,0,1,1,4,4,0,0,0,0,0,0
2018-06,weightroom,45,11,11,2,7,5,5,3,1,0,9,0,0,6,0,2,1
2018-06,xxfitness,674,120,262,78,52,24,196,20,8,113,204,6,18,15,5,30,53
2018-07,Basketball,5,0,3,0,0,3,0,0,0,0,0,0,0,0,0,1,0
2018-07,CollegeBasketball,1,0,0,0,0,0,0,0,0,0,0,0,0,0,0,0,0
2018-07,Fitness,544,120,143,38,72,14,124,18,12,46,155,20,6,19,3,15,55
2018-07,Gymnastics,6,0,2,1,0,2,0,1,1,0,0,0,0,0,2,1,0
2018-07,Rowing,6,0,2,0,3,2,0,0,0,0,0,0,0,0,0,0,0
2018-07,Swimming,19,2,9,0,2,5,1,2,1,1,2,0,0,0,0,0,0
2018-07,bodybuilding,186,52,39,13,19,10,41,3,11,15,45,5,10,3,2,5,15
2018-07,climbing,26,5,16,1,1,2,0,2,0,4,7,1,1,1,0,5,2
2018-07,crossfit,41,5,14,1,6,4,3,3,0,9,12,1,0,1,0,5,2
2018-07,nba,365,112,89,17,10,58,3,11,13,48,17,7,5,2,9,6,8
2018-07,running,159,23,56,8,26,14,16,14,2,15,49,2,1,4,0,2,15
2018-07,tennis,34,2,11,3,3,10,0,0,1,0,1,0,1,1,0,0,0
2018-07,trackandfield,2,0,0,0,1,0,0,0,0,0,0,0,0,0,0,0,0
2018-07,triathlon,19,0,14,0,1,9,0,1,0,0,4,0,0,0,0,0,0
2018-07,weightroom,53,13,8,3,9,4,11,5,1,6,6,1,1,4,0,5,4
2018-07,xxfitness,683,146,267,56,47,26,195,31,8,75,221,6,8,17,7,5,48
2018-08,Basketball,13,2,7,0,1,8,0,0,1,0,1,0,0,0,0,0,0
2018-08,CollegeBasketball,4,1,1,0,0,2,0,0,0,1,0,0,0,0,0,0,0
2018-08,Fitness,609,170,166,27,77,17,101,18,9,67,212,13,8,25,2,10,46
2018-08,Gymnastics,3,1,0,0,0,0,0,0,0,1,0,0,0,0,0,0,0
2018-08,Rowing,4,1,0,0,2,1,0,0,0,0,1,0,0,0,0,0,0
2018-08,Swimming,30,13,10,6,5,3,2,1,0,2,16,0,0,0,1,0,1
2018-08,bodybuilding,217,52,50,9,20,5,59,14,8,19,44,8,16,3,3,4,15
2018-08,climbing,15,3,7,1,0,1,0,1,1,3,2,0,1,0,0,1,0
2018-08,crossfit,46,6,22,3,8,3,2,0,1,8,8,1,0,0,0,0,2
2018-08,nba,349,102,99,19,6,40,0,11,7,71,27,7,7,4,1,8,8
2018-08,running,251,67,102,20,32,20,13,19,6,30,114,4,4,4,3,6,17
2018-08,tennis,24,3,9,2,3,12,0,0,0,3,1,0,0,0,0,2,2
2018-08,trackandfield,1,0,0,0,0,1,0,0,0,0,0,0,0,0,0,0,0
2018-08,triathlon,33,7,15,2,5,14,0,2,0,2,6,1,0,0,0,0,0
2018-08,volleyball,4,2,1,0,1,0,0,3,0,0,0,0,0,0,0,0,0
2018-08,weightroom,52,15,15,3,5,6,6,2,2,7,18,1,0,0,0,4,4
2018-08,xxfitness,555,117,196,51,47,16,140,29,1,95,209,12,8,25,8,13,63
2018-09,Basketball,1,1,0,0,0,0,0,0,0,1,1,0,0,0,0,0,0
2018-09,CollegeBasketball,4,3,2,1,0,2,0,0,0,0,0,0,1,0,0,0,0
2018-09,Fitness,507,136,134,28,74,11,114,18,9,51,137,7,7,17,3,8,22
2018-09,Gymnastics,1,0,0,0,0,0,0,0,0,0,0,0,0,0,0,0,0
2018-09,Rowing,19,5,9,5,3,6,1,1,2,0,7,0,0,1,1,1,0
2018-09,Swimming,19,8,9,6,0,2,0,1,0,1,12,0,1,1,0,0,0
2018-09,bodybuilding,167,57,34,8,26,2,41,8,8,11,38,7,9,0,0,4,9
2018-09,climbing,22,6,8,0,0,2,3,4,0,0,4,0,0,0,0,1,5
2018-09,crossfit,28,6,6,2,6,1,2,2,1,4,6,1,3,0,2,1,1
2018-09,nba,136,24,42,10,4,25,3,6,9,9,8,0,3,3,3,0,4
2018-09,running,230,48,97,15,29,40,16,12,1,20,93,7,2,3,3,0,11
2018-09,sportspsychology,1,0,0,0,0,1,0,0,0,0,0,0,0,0,0,0,0
2018-09,tennis,39,7,13,4,2,19,1,1,0,3,0,0,4,1,1,1,0
2018-09,trackandfield,1,1,0,0,0,0,1,0,0,0,0,0,0,0,0,0,0
2018-09,triathlon,12,0,8,1,3,2,0,0,0,0,1,1,0,0,0,0,1
2018-09,volleyball,7,2,3,1,0,2,0,2,0,1,2,0,0,0,1,0,0
2018-09,weightroom,40,4,12,3,7,5,4,2,0,0,3,0,2,2,0,2,2
2018-09,xxfitness,566,96,201,46,41,6,179,21,4,83,151,4,16,20,5,21,40
2018-10,Basketball,9,3,2,0,0,3,0,2,1,1,5,0,0,0,0,0,0
2018-10,BasketballTips,1,0,0,0,1,0,0,0,0,0,0,0,0,0,0,0,0
2018-10,CollegeBasketball,2,1,0,0,0,0,0,0,0,0,1,0,0,0,0,0,0
2018-10,Fitness,505,116,122,36,50,28,128,34,7,66,128,9,8,30,3,12,37
2018-10,Gymnastics,5,0,0,0,2,0,0,0,0,0,0,0,0,0,0,1,0
2018-10,Rowing,16,8,4,1,3,2,0,0,0,4,7,0,0,1,0,0,0
2018-10,Swimming,14,3,3,0,1,0,1,0,0,7,5,0,0,1,0,0,1
2018-10,bodybuilding,185,56,43,14,24,10,55,10,6,19,52,6,7,5,1,3,14
2018-10,climbing,24,5,13,2,0,6,1,1,0,1,7,0,1,0,0,0,0
2018-10,crossfit,24,5,13,1,1,3,1,1,0,5,9,3,0,0,0,1,4
2018-10,nba,207,62,41,11,5,62,0,9,3,21,9,3,6,0,7,3,0
2018-10,running,198,41,100,23,20,35,12,17,4,24,79,8,1,7,2,2,12
2018-10,sportspsychology,1,0,1,0,0,1,0,0,0,0,0,0,0,0,0,0,0
2018-10,tennis,16,1,3,2,4,3,0,1,1,2,0,0,0,1,0,0,0
2018-10,triathlon,3,0,0,1,0,1,0,0,0,0,0,0,0,0,0,0,0
2018-10,volleyball,4,0,3,3,0,3,0,0,0,0,0,0,0,0,0,0,0
2018-10,weightroom,53,15,16,2,7,11,6,9,0,3,13,0,1,4,0,0,0
2018-10,xxfitness,451,63,141,37,49,16,132,20,3,55,149,6,12,17,3,10,39
2018-11,Basketball,8,4,1,0,0,3,0,0,0,0,3,0,0,0,0,0,0
2018-11,CollegeBasketball,17,6,4,1,0,2,0,0,1,3,0,0,0,1,0,0,0
2018-11,Fitness,553,120,151,38,67,27,122,37,8,75,186,8,4,33,4,5,36
2018-11,Gymnastics,3,0,2,0,0,0,0,0,0,1,0,0,0,0,0,0,0
2018-11,Rowing,7,0,2,0,1,2,1,0,0,0,1,0,0,0,0,0,0
2018-11,Swimming,16,1,8,4,1,6,0,0,0,5,7,1,0,1,0,0,0
2018-11,bodybuilding,164,49,38,8,14,9,44,7,8,17,33,3,6,4,3,2,9
2018-11,climbing,38,1,25,0,1,4,3,1,0,3,5,0,5,0,0,3,4
2018-11,crossfit,16,2,5,3,1,2,3,0,0,2,2,0,1,0,0,0,1
2018-11,nba,495,69,112,19,3,252,1,12,9,66,15,1,6,1,4,5,0
2018-11,running,219,55,110,12,18,15,12,15,4,30,121,4,4,3,1,5,23
2018-11,tennis,22,5,2,3,3,5,0,0,1,6,0,0,0,0,0,0,0
2018-11,trackandfield,1,0,1,0,0,1,0,0,0,0,1,0,0,0,0,0,0
2018-11,triathlon,13,2,4,0,4,3,0,2,0,2,3,0,0,0,0,1,2
2018-11,volleyball,3,0,1,0,1,1,0,0,0,0,0,0,0,0,0,0,0
2018-11,weightroom,42,5,11,2,3,4,2,1,1,5,4,1,1,5,0,0,0
2018-11,xxfitness,453,81,168,37,53,12,114,41,2,49,152,9,8,7,3,8,46
2018-12,Basketball,12,4,5,0,1,6,0,2,0,0,0,0,1,0,0,0,0
2018-12,BasketballTips,1,0,0,0,1,0,0,0,0,0,0,0,0,0,0,0,0
2018-12,CollegeBasketball,13,3,7,0,0,4,0,0,1,0,0,0,0,0,0,0,0
2018-12,Fitness,470,116,110,30,73,14,91,25,9,44,146,5,3,15,3,11,29
2018-12,Gymnastics,12,1,1,0,1,0,1,1,0,3,1,1,0,0,2,2,0
2018-12,Rowing,11,0,3,0,1,1,7,1,0,0,0,0,0,0,0,1,3
2018-12,Swimming,15,4,4,2,4,2,0,1,0,3,5,0,0,0,0,0,0
2018-12,bodybuilding,203,49,41,12,10,10,63,9,5,32,50,10,9,5,3,8,17
2018-12,climbing,27,4,14,2,0,3,0,3,1,2,5,0,0,0,0,0,1
2018-12,crossfit,37,15,16,2,5,3,0,1,0,6,15,0,3,1,3,0,2
2018-12,nba,254,52,63,12,3,112,2,13,3,31,4,1,0,1,0,2,3
2018-12,running,145,35,39,11,33,13,6,18,3,10,49,5,2,6,1,2,9
2018-12,sportspsychology,1,0,0,0,0,1,0,0,0,0,0,0,0,0,0,0,0
2018-12,tennis,7,0,2,0,2,2,0,0,0,0,0,0,0,0,0,0,1
2018-12,trackandfield,3,0,2,0,0,1,0,0,0,0,1,0,0,2,0,0,0
2018-12,triathlon,24,1,18,1,1,9,0,1,0,1,3,0,1,0,0,0,0
2018-12,volleyball,6,0,3,1,1,3,1,1,0,0,0,0,1,0,0,0,0
2018-12,weightroom,60,10,13,5,10,5,2,5,1,5,14,1,1,5,0,2,3
2018-12,xxfitness,467,73,147,61,40,14,124,22,4,73,154,4,6,14,7,6,44
2019-01,Basketball,6,0,2,1,0,5,0,0,0,1,0,0,0,0,0,0,0
2019-01,CollegeBasketball,29,3,14,1,0,6,0,1,0,4,0,0,1,0,0,1,0
2019-01,Fitness,530,124,135,33,69,10,121,17,6,73,159,4,11,16,1,8,50
2019-01,Gymnastics,3,0,0,0,0,0,1,1,0,0,0,0,0,0,0,0,1
2019-01,Rowing,15,1,5,4,6,3,1,0,0,4,2,1,0,0,0,0,1
2019-01,Swimming,25,4,11,1,5,2,0,0,0,2,5,0,0,1,0,1,1
2019-01,bodybuilding,145,39,27,6,4,1,44,4,3,13,23,6,9,7,2,3,9
2019-01,climbing,46,9,13,3,6,4,0,7,2,4,13,1,0,0,0,1,4
2019-01,crossfit,69,26,27,4,10,3,1,2,1,10,24,1,1,2,2,2,6
2019-01,nba,185,41,37,7,7,38,2,6,13,32,7,3,4,1,3,4,2
2019-01,running,137,27,43,8,22,15,5,18,1,12,52,0,0,3,0,0,4
2019-01,sportspsychology,1,0,0,0,0,1,0,0,0,1,0,0,0,0,0,0,0
2019-01,tennis,53,7,18,5,3,22,0,2,0,2,1,0,4,1,1,0,0
2019-01,trackandfield,3,0,1,0,1,1,0,0,0,1,0,0,0,0,0,0,0
2019-01,triathlon,10,1,4,2,2,5,2,0,0,1,2,0,1,0,0,0,1
2019-01,volleyball,2,0,1,0,0,2,0,0,0,0,0,0,0,0,0,0,0
2019-01,weightroom,59,11,20,8,8,7,5,4,0,6,9,1,0,4,0,1,3
2019-01,xxfitness,546,97,210,63,39,19,123,21,2,68,192,22,9,18,9,17,38
2019-02,Basketball,7,0,2,0,1,4,0,0,0,2,0,0,0,0,0,0,0
2019-02,BasketballTips,4,0,2,0,0,3,0,1,0,1,0,0,0,0,0,0,0
2019-02,CollegeBasketball,32,9,12,2,0,10,0,0,0,5,1,0,0,0,0,1,0
2019-02,Fitness,472,88,136,36,56,24,96,20,5,74,136,14,6,16,0,6,42
2019-02,Gymnastics,6,0,1,2,1,4,0,0,0,3,0,0,0,0,0,0,0
2019-02,Rowing,8,0,3,0,3,3,0,0,0,0,0,0,0,0,0,0,0
2019-02,Swimming,12,2,4,2,5,1,0,1,0,2,4,0,0,0,0,1,0
2019-02,bodybuilding,158,49,21,4,11,1,32,7,8,16,44,5,5,3,1,1,10
2019-02,climbing,23,2,10,2,1,1,1,6,1,4,4,0,0,0,2,0,1
2019-02,crossfit,35,10,11,3,4,3,3,4,1,5,10,1,1,1,0,0,1
2019-02,nba,243,63,63,5,11,52,3,14,6,22,7,4,8,1,1,1,2
2019-02,running,152,39,58,9,17,18,9,22,2,14,64,3,0,1,0,1,13
2019-02,tennis,14,0,0,2,2,6,3,0,1,1,0,0,0,0,0,1,0
2019-02,trackandfield,2,1,0,0,0,0,0,1,0,0,0,0,1,0,0,0,0
2019-02,triathlon,11,1,8,2,0,1,0,0,0,0,0,0,0,0,1,0,2
2019-02,volleyball,2,0,0,0,0,1,0,0,0,1,0,0,0,0,0,0,0
2019-02,weightroom,72,14,14,6,18,9,4,6,0,2,6,0,1,4,0,0,6
2019-02,xxfitness,542,120,185,71,50,16,165,24,3,69,188,8,9,10,7,6,40
2019-03,Basketball,4,0,2,0,1,1,0,0,0,0,0,0,0,0,0,0,0
2019-03,BasketballTips,2,0,0,0,0,1,0,1,0,0,0,0,0,0,0,0,0
2019-03,CollegeBasketball,111,19,53,4,2,37,1,0,3,4,2,2,1,0,0,2,1
2019-03,Fitness,542,127,136,45,64,17,109,35,8,85,152,9,15,18,6,10,35
2019-03,Gymnastics,6,1,0,0,1,1,1,0,0,0,0,0,0,0,1,0,0
2019-03,Rowing,4,0,2,0,0,2,0,0,0,0,2,0,0,0,0,0,0
2019-03,Swimming,17,2,14,0,0,3,0,0,0,2,5,0,0,0,0,1,1
2019-03,bodybuilding,202,61,46,16,15,5,40,12,5,14,43,4,13,4,3,4,13
2019-03,climbing,73,21,33,4,3,5,3,3,7,5,18,0,0,1,2,1,1
2019-03,crossfit,42,10,17,3,3,11,6,2,0,2,9,1,0,0,1,0,2
2019-03,nba,185,55,36,8,15,23,0,13,5,25,8,2,5,3,4,0,5
2019-03,running,209,34,82,21,24,34,18,19,3,19,74,1,5,4,1,7,13
2019-03,tennis,23,3,12,1,4,13,0,2,0,2,0,0,2,1,0,0,1
2019-03,trackandfield,3,0,3,0,0,3,0,0,0,0,0,0,0,0,0,0,0
2019-03,triathlon,26,7,8,3,2,3,2,6,0,7,7,0,2,0,0,0,4
2019-03,volleyball,7,1,2,1,3,4,0,0,0,0,0,0,0,0,0,0,0
2019-03,weightroom,66,9,21,5,7,6,10,2,1,6,12,1,0,4,0,2,5
2019-03,xxfitness,570,105,166,53,50,11,167,33,4,81,192,11,14,19,8,9,38
2019-04,Basketball,7,2,0,1,1,1,1,1,1,0,1,0,2,0,0,0,0
2019-04,CollegeBasketball,34,4,14,2,1,12,0,1,0,5,0,1,0,0,0,0,0
2019-04,Fitness,455,89,117,34,56,21,123,31,9,66,118,3,7,13,2,9,35
2019-04,Gymnastics,11,0,2,0,1,3,2,1,1,2,0,0,2,0,2,0,0
2019-04,Rowing,6,1,1,0,0,1,1,0,0,0,0,0,0,0,0,0,0
2019-04,Swimming,27,5,14,4,4,2,2,0,0,3,4,1,0,0,0,0,0
2019-04,bodybuilding,175,41,40,14,17,7,52,10,11,20,35,4,7,7,3,5,11
2019-04,climbing,47,7,26,0,3,2,9,4,1,4,11,0,0,0,2,1,4
2019-04,crossfit,24,4,6,0,4,1,1,0,1,1,6,0,0,1,1,1,5
2019-04,nba,211,47,50,9,7,49,0,5,12,31,4,1,5,4,2,1,1
2019-04,running,298,58,142,15,45,34,25,25,3,38,128,4,6,7,4,3,15
2019-04,sportspsychology,2,0,0,0,0,2,0,0,0,1,0,0,0,0,0,0,0
2019-04,tennis,9,2,2,1,1,5,0,0,0,1,0,0,0,0,0,0,0
2019-04,trackandfield,11,0,8,0,0,7,0,0,0,1,0,0,0,0,0,0,0
2019-04,triathlon,13,3,8,2,4,4,0,1,0,2,2,0,0,0,0,0,0
2019-04,volleyball,4,1,0,0,2,0,0,0,0,1,0,0,0,0,0,0,0
2019-04,weightroom,41,9,12,3,1,7,3,2,0,2,7,2,1,2,0,3,0
2019-04,xxfitness,534,92,167,46,62,10,145,35,5,59,165,6,5,12,5,4,54
2019-05,Basketball,5,0,0,0,2,1,0,0,0,2,0,0,0,0,0,0,0
2019-05,CollegeBasketball,4,0,1,0,1,1,0,0,0,0,0,0,0,0,0,0,0
2019-05,Fitness,376,66,94,28,46,22,87,15,6,41,101,4,4,26,2,9,30
2019-05,Gymnastics,6,0,0,0,1,0,2,0,1,2,1,1,0,0,1,0,0
2019-05,Rowing,13,3,3,0,4,3,0,3,0,1,2,0,0,1,0,0,0
2019-05,Swimming,31,1,20,4,5,4,0,2,0,1,6,0,0,0,0,0,0
2019-05,bodybuilding,154,42,39,8,15,6,41,11,7,14,25,6,7,8,0,2,6
2019-05,climbing,32,6,13,4,1,3,1,4,1,7,6,0,0,1,4,1,5
2019-05,crossfit,33,3,12,3,4,3,3,0,0,2,4,0,2,0,1,0,2
2019-05,nba,338,63,126,13,5,83,3,5,9,42,10,8,3,7,3,6,7
2019-05,running,305,83,118,21,35,34,9,33,6,39,147,4,2,12,2,4,13
2019-05,tennis,30,5,6,2,3,12,0,0,0,9,0,0,3,0,0,1,0
2019-05,trackandfield,7,1,2,0,1,1,0,0,0,1,1,0,0,0,0,0,0
2019-05,triathlon,37,1,26,0,3,9,1,1,0,2,4,1,1,0,0,0,0
2019-05,volleyball,2,0,0,1,1,0,0,0,0,1,0,0,0,0,0,0,0
2019-05,weightroom,48,8,4,3,6,4,6,5,3,4,11,0,3,1,0,0,1
2019-05,xxfitness,480,96,135,54,45,10,147,18,5,73,152,5,5,11,7,4,33
2019-06,Basketball,3,2,1,0,0,1,0,2,0,0,0,0,0,0,0,0,0
2019-06,BasketballTips,1,1,0,0,0,1,0,0,0,0,0,0,0,0,0,0,0
2019-06,CollegeBasketball,3,0,0,0,0,0,0,0,0,0,0,0,0,0,0,0,0
2019-06,Fitness,384,70,78,28,68,12,95,20,6,49,103,5,5,13,3,6,23
2019-06,Gymnastics,7,1,2,1,0,0,2,2,0,2,1,0,0,0,0,0,0
2019-06,Rowing,9,0,2,3,2,1,3,1,0,2,0,0,0,0,0,0,0
2019-06,Swimming,18,0,12,3,1,4,0,0,0,1,4,0,0,0,0,0,0
2019-06,bodybuilding,174,38,27,4,17,5,45,10,7,18,28,5,6,6,2,4,11
2019-06,climbing,48,9,21,3,2,7,1,9,0,4,13,5,0,0,0,1,4
2019-06,crossfit,28,4,7,2,3,3,2,0,0,1,5,2,0,0,0,1,1
2019-06,nba,255,63,78,10,8,33,2,13,6,32,8,5,5,1,4,4,7
2019-06,running,353,84,156,27,43,34,20,32,5,34,173,24,1,11,4,8,24
2019-06,tennis,28,3,8,4,4,9,1,0,0,3,1,0,0,0,0,0,1
2019-06,trackandfield,3,0,2,0,1,2,0,0,0,0,0,0,0,0,0,0,0
2019-06,triathlon,44,5,26,0,1,15,1,0,0,3,5,0,1,0,0,1,3
2019-06,volleyball,7,3,3,0,1,1,0,1,0,1,1,0,0,0,0,0,0
2019-06,weightroom,43,8,15,7,9,8,6,1,1,0,11,0,0,5,0,0,2
2019-06,xxfitness,447,51,159,47,51,23,141,14,3,58,112,9,4,6,6,4,32
2019-07,Basketball,8,0,3,0,2,3,0,0,0,2,0,0,0,0,0,0,1
2019-07,BasketballTips,1,0,0,0,0,0,0,0,0,0,1,0,0,0,0,0,0
2019-07,CollegeBasketball,8,3,2,0,2,2,0,0,1,1,0,0,0,0,0,0,0
2019-07,Fitness,436,84,114,30,67,17,110,28,4,54,112,10,3,11,2,14,32
2019-07,Gymnastics,5,0,1,0,0,0,3,0,0,0,0,0,0,0,0,0,0
2019-07,Rowing,10,2,0,0,7,0,0,0,0,0,2,0,0,0,0,0,0
2019-07,Swimming,22,1,13,0,5,6,1,0,0,1,1,0,0,0,0,2,0
2019-07,bodybuilding,162,41,40,10,20,8,41,7,6,25,28,2,7,6,2,5,5
2019-07,climbing,69,25,21,1,2,6,14,3,3,3,30,2,1,0,2,2,15
2019-07,crossfit,54,7,21,6,6,7,5,1,2,4,13,1,1,1,3,0,4
2019-07,nba,306,70,54,21,20,40,6,11,15,40,13,6,11,4,2,2,5
2019-07,running,379,112,147,35,49,37,23,44,9,50,192,11,3,13,7,6,21
2019-07,tennis,69,13,20,7,11,22,0,1,0,10,2,0,1,0,1,1,0
2019-07,trackandfield,4,2,2,0,1,1,0,0,0,0,0,0,0,0,0,0,0
2019-07,triathlon,33,0,24,0,0,15,0,1,0,3,3,0,0,0,0,0,0
2019-07,volleyball,2,0,1,0,0,1,0,0,0,0,0,0,0,0,0,0,0
2019-07,weightroom,63,8,23,8,7,9,5,7,0,3,8,0,2,7,0,2,3
2019-07,xxfitness,480,49,189,67,35,19,132,23,3,75,117,2,11,14,5,4,41
2019-08,Basketball,14,1,8,1,2,10,0,1,0,2,2,0,0,0,0,0,0
2019-08,BasketballTips,4,0,0,0,0,2,0,0,0,2,0,0,0,0,0,0,0
2019-08,CollegeBasketball,5,1,2,1,0,1,0,0,0,2,0,0,0,0,0,0,0
2019-08,Fitness,464,114,124,37,69,11,95,29,6,59,155,4,7,8,1,8,33
2019-08,Gymnastics,17,2,2,0,4,4,2,0,0,5,0,0,0,0,1,0,0
2019-08,Rowing,9,1,2,0,2,1,1,0,1,2,0,0,0,0,0,0,0
2019-08,Swimming,12,2,7,0,1,0,0,0,0,1,2,0,0,0,0,1,0
2019-08,bodybuilding,162,29,34,4,9,4,51,8,1,15,29,8,8,4,1,8,7
2019-08,climbing,19,4,7,1,2,2,0,3,0,1,3,0,1,0,0,1,1
2019-08,crossfit,26,4,6,1,2,4,4,0,1,0,3,0,1,1,1,1,3
2019-08,nba,158,30,35,14,9,19,1,8,6,25,4,3,1,2,6,1,3
2019-08,running,338,77,111,28,43,37,17,27,2,44,141,11,2,9,3,10,48
2019-08,tennis,40,6,5,4,8,14,0,3,1,7,3,1,0,1,0,3,0
2019-08,trackandfield,4,0,2,0,1,2,0,0,0,0,0,0,0,0,0,0,0
2019-08,triathlon,51,9,24,6,7,15,2,4,0,1,13,0,2,1,0,1,3
2019-08,volleyball,7,0,2,1,1,6,0,0,0,1,0,0,0,0,0,0,0
2019-08,weightroom,46,3,8,3,7,4,11,1,1,5,2,0,0,1,0,4,3
2019-08,xxfitness,446,55,161,57,28,22,119,19,1,91,150,4,5,15,13,12,28
2019-09,Basketball,18,7,4,1,0,5,1,4,3,3,4,0,0,0,0,1,0
2019-09,BasketballTips,6,0,2,0,0,5,0,0,0,0,0,0,0,0,0,0,0
2019-09,CollegeBasketball,1,0,0,0,1,0,0,0,0,0,0,0,0,0,0,0,0
2019-09,Fitness,317,62,82,26,43,11,68,16,2,34,74,1,4,17,3,9,21
2019-09,Gymnastics,13,1,5,1,2,1,4,0,0,1,1,0,0,1,1,0,0
2019-09,Rowing,6,0,1,0,2,2,0,1,0,1,2,0,0,0,0,0,0
2019-09,Swimming,19,0,10,2,4,5,0,0,0,3,4,0,1,0,0,1,0
2019-09,bodybuilding,93,21,22,6,8,4,29,4,1,8,15,3,4,3,0,6,5
2019-09,climbing,22,1,15,1,1,3,1,4,1,1,2,0,0,0,0,0,1
2019-09,crossfit,19,2,8,3,3,3,3,0,0,0,5,0,0,1,0,0,0
2019-09,nba,99,22,11,2,2,17,0,4,4,25,2,3,2,1,2,3,1
2019-09,running,295,52,114,18,21,44,21,25,3,48,105,4,3,14,7,5,18
2019-09,tennis,47,10,8,3,3,21,0,0,0,11,1,0,1,0,0,1,0
2019-09,triathlon,18,3,12,0,2,4,0,0,1,2,2,2,0,0,1,0,1
2019-09,volleyball,3,0,1,0,0,3,0,0,0,1,0,0,0,0,0,0,0
2019-09,weightroom,47,8,11,8,12,4,7,5,0,5,10,0,0,2,1,2,2
2019-09,xxfitness,385,58,126,49,35,19,107,11,5,67,129,16,4,7,5,5,49
2019-10,Basketball,11,4,2,0,0,5,0,1,1,1,0,0,2,0,0,0,0
2019-10,BasketballTips,1,0,0,0,0,1,0,0,0,0,0,0,0,0,0,0,0
2019-10,CollegeBasketball,10,2,0,0,0,1,0,1,1,2,0,1,0,0,0,0,2
2019-10,Fitness,389,82,100,34,71,12,82,22,2,54,111,3,2,19,1,9,21
2019-10,Gymnastics,22,1,4,5,7,0,0,2,0,1,0,0,1,0,0,2,0
2019-10,Rowing,6,0,1,0,4,0,1,0,0,0,2,0,0,0,0,0,0
2019-10,Swimming,27,1,21,1,0,5,0,1,0,3,4,0,0,0,0,0,0
2019-10,bodybuilding,138,33,29,8,13,8,32,9,3,13,19,1,6,2,1,7,8
2019-10,climbing,19,1,9,0,2,5,0,2,2,1,0,0,0,0,1,0,1
2019-10,crossfit,52,10,17,2,9,6,5,0,0,5,14,1,3,0,1,1,0
2019-10,nba,164,25,23,8,5,23,4,3,6,33,7,6,4,7,2,3,2
2019-10,running,336,57,168,36,35,47,12,27,5,30,171,10,3,8,1,5,21
2019-10,sportspsychology,2,0,0,0,0,1,0,0,0,1,0,0,0,0,0,0,0
2019-10,tennis,19,3,0,2,5,1,0,1,0,4,0,0,0,0,0,0,0
2019-10,trackandfield,1,0,1,0,0,0,0,0,0,0,0,0,0,0,0,0,0
2019-10,triathlon,13,2,8,0,1,1,0,0,0,0,3,1,0,0,1,0,2
2019-10,volleyball,5,2,2,1,0,3,0,0,0,0,0,0,0,0,0,1,0
2019-10,weightroom,52,9,7,1,12,3,6,3,2,4,8,0,0,1,0,1,1
2019-10,xxfitness,484,63,162,56,43,13,130,21,1,66,167,17,10,13,5,7,56
2019-11,Basketball,9,0,6,0,0,7,0,0,0,2,0,0,0,0,0,0,0
2019-11,BasketballTips,2,0,0,0,1,0,0,0,0,0,0,0,0,0,0,0,0
2019-11,CollegeBasketball,25,7,9,0,2,5,0,1,2,1,0,1,1,0,0,0,0
2019-11,Fitness,436,107,100,30,46,18,96,11,4,59,155,5,7,8,1,11,32
2019-11,Gymnastics,6,1,0,0,1,0,4,0,0,2,0,0,0,0,2,0,1
2019-11,Rowing,10,0,2,0,1,3,0,0,1,2,0,0,0,0,0,3,0
2019-11,Swimming,20,0,7,0,4,5,0,2,0,3,2,0,0,1,0,6,0
2019-11,bodybuilding,99,24,31,4,4,2,16,4,2,9,22,11,4,2,2,4,14
2019-11,climbing,32,8,16,0,0,4,0,6,1,2,13,0,2,0,1,0,0
2019-11,crossfit,26,12,8,1,3,2,4,0,1,5,12,2,0,0,0,1,1
2019-11,nba,211,42,53,9,11,39,3,6,3,19,6,2,5,3,0,3,1
2019-11,running,319,57,124,26,32,47,38,25,6,32,119,5,8,7,6,6,25
2019-11,sportspsychology,4,0,1,0,0,2,0,2,0,3,0,0,0,0,2,0,0
2019-11,tennis,29,8,4,2,3,5,0,0,3,1,1,0,1,0,0,0,0
2019-11,trackandfield,3,0,0,0,2,0,0,0,0,0,0,0,0,0,0,0,0
2019-11,triathlon,10,0,5,1,2,1,0,1,0,0,1,0,0,0,0,0,0
2019-11,volleyball,1,0,0,0,0,1,0,0,0,0,0,0,0,0,0,0,0
2019-11,weightroom,56,8,14,5,8,8,15,2,0,8,12,2,0,3,0,3,5
2019-11,xxfitness,344,55,87,28,32,15,109,23,3,57,111,0,6,8,5,8,29
2019-12,Basketball,5,1,1,0,2,1,0,0,0,0,0,0,0,0,0,0,0
2019-12,BasketballTips,1,0,1,0,0,1,0,0,0,0,1,0,0,0,0,0,0
2019-12,CollegeBasketball,13,1,5,2,0,7,0,0,2,0,1,0,0,0,0,0,0
2019-12,Fitness,331,54,103,37,47,14,69,22,6,41,93,6,3,11,1,5,28
2019-12,Gymnastics,11,0,1,1,5,1,2,0,1,0,0,0,0,0,2,1,0
2019-12,Rowing,8,0,2,1,2,1,1,0,0,0,2,0,0,0,0,0,0
2019-12,Swimming,34,5,17,4,6,7,0,0,1,3,18,0,0,0,0,1,1
2019-12,bodybuilding,105,28,17,3,11,2,25,4,1,11,20,1,0,3,0,2,5
2019-12,climbing,18,2,13,0,0,5,0,1,0,3,5,0,0,0,0,0,0
2019-12,crossfit,29,7,15,1,3,1,1,1,1,9,12,2,1,0,1,0,1
2019-12,nba,114,35,25,6,3,18,3,4,7,12,2,4,3,0,2,2,3
2019-12,running,374,104,140,27,43,18,33,35,8,54,224,7,7,6,6,5,29
2019-12,sportspsychology,3,0,0,0,0,3,0,0,0,1,0,0,0,0,0,0,0
2019-12,tennis,6,1,1,0,2,2,0,1,0,4,0,0,0,0,0,0,0
2019-12,trackandfield,6,3,0,0,4,0,0,1,1,0,3,0,0,0,0,0,0
2019-12,triathlon,15,4,8,0,2,4,0,0,1,0,4,1,0,0,1,1,0
2019-12,volleyball,2,0,1,0,1,1,0,0,0,0,0,0,0,0,0,0,0
2019-12,weightroom,74,17,20,10,3,11,4,4,1,9,15,2,0,5,0,0,3
2019-12,xxfitness,378,51,121,27,28,15,127,28,3,58,112,6,7,9,6,5,38
2020-01,Basketball,13,0,5,2,0,7,0,1,0,2,0,0,1,0,0,0,0
2020-01,BasketballTips,4,0,3,1,0,4,0,0,0,0,0,0,0,0,0,0,0
2020-01,CollegeBasketball,37,9,12,3,0,10,0,1,1,5,0,0,0,0,0,1,0
2020-01,Fitness,322,58,109,23,25,19,70,14,2,40,98,5,4,7,0,4,21
2020-01,Gymnastics,14,0,0,1,1,1,5,3,0,0,0,0,0,0,2,0,0
2020-01,Rowing,12,1,3,0,0,3,3,0,0,2,0,0,0,0,0,0,2
2020-01,Swimming,33,3,13,1,8,8,0,0,0,2,3,0,0,0,0,0,1
2020-01,bodybuilding,153,43,34,6,17,5,21,7,5,14,44,6,8,1,2,4,6
2020-01,climbing,21,3,13,2,0,3,0,3,2,1,1,2,4,0,0,0,1
2020-01,crossfit,17,3,3,2,2,0,4,1,0,0,4,0,1,1,0,1,1
2020-01,nba,299,68,49,10,9,29,3,4,13,42,8,9,9,8,4,2,3
2020-01,running,488,104,227,46,42,28,35,39,11,78,285,17,5,17,9,8,55
2020-01,sportspsychology,3,0,0,0,0,3,0,0,0,1,0,0,0,0,0,0,0
2020-01,tennis,49,7,12,5,2,17,0,0,0,6,1,0,1,2,0,2,1
2020-01,trackandfield,8,0,5,0,1,4,0,2,0,0,1,1,0,0,0,0,0
2020-01,triathlon,10,0,1,1,4,1,1,0,0,2,1,0,0,0,0,1,2
2020-01,volleyball,4,1,1,0,0,1,0,0,0,1,0,0,0,0,0,0,0
2020-01,weightroom,47,5,15,4,6,0,6,3,1,3,9,3,3,3,0,2,4
2020-01,xxfitness,462,60,164,48,32,23,177,12,2,48,118,10,3,8,3,6,54
2020-02,Basketball,5,0,2,0,0,3,0,0,0,0,1,0,0,0,0,0,1
2020-02,BasketballTips,3,1,0,0,1,1,0,0,0,0,1,0,0,0,0,0,0
2020-02,CollegeBasketball,40,4,9,2,0,8,0,0,2,5,3,0,2,0,0,2,0
2020-02,Fitness,329,66,86,20,40,10,75,14,4,41,97,1,4,10,3,11,22
2020-02,Gymnastics,23,3,3,2,0,1,4,1,4,7,2,0,0,0,1,0,0
2020-02,Rowing,16,0,9,0,3,7,1,0,0,1,0,0,0,0,0,0,0
2020-02,Swimming,26,5,11,2,3,7,0,0,1,5,4,0,1,0,0,0,1
2020-02,bodybuilding,140,31,26,8,12,5,40,5,6,16,26,2,8,5,0,1,9
2020-02,climbing,15,2,8,2,1,2,0,1,0,2,4,0,1,1,0,0,1
2020-02,crossfit,17,3,4,2,4,0,4,3,0,4,4,0,0,0,0,0,1
2020-02,nba,153,39,34,7,3,23,3,2,5,25,6,1,1,2,3,4,2
2020-02,running,303,68,119,20,33,33,17,24,2,51,132,7,2,4,9,1,28
2020-02,tennis,28,7,6,4,0,7,0,0,0,2,2,1,3,0,1,0,0
2020-02,trackandfield,5,0,2,0,0,3,0,1,0,0,1,0,0,0,0,0,0
2020-02,triathlon,17,0,6,1,3,4,0,1,0,3,2,0,0,0,0,1,0
2020-02,volleyball,6,2,2,1,1,1,0,0,0,0,3,0,0,0,0,0,2
2020-02,weightroom,55,8,12,0,4,3,7,1,1,4,5,0,1,5,0,1,2
2020-02,xxfitness,497,77,145,50,49,23,165,30,8,102,148,6,12,7,13,19,44
2020-03,Basketball,2,0,1,0,0,0,0,1,0,0,0,0,0,0,0,0,0
2020-03,BasketballTips,3,0,0,1,1,2,0,0,0,1,0,0,0,0,0,0,0
2020-03,CollegeBasketball,50,18,12,3,3,8,1,0,2,5,4,0,0,0,1,1,0
2020-03,Fitness,286,64,64,15,29,8,63,9,6,35,93,7,3,10,1,5,20
2020-03,Gymnastics,21,3,4,0,3,1,6,3,0,2,0,0,0,0,0,1,0
2020-03,Rowing,10,3,2,2,3,1,0,1,0,2,4,0,0,0,0,0,0
2020-03,Swimming,18,2,7,2,0,1,0,3,0,2,6,0,2,1,0,4,1
2020-03,bodybuilding,145,45,35,11,13,6,22,3,8,11,38,0,13,5,0,3,6
2020-03,climbing,40,7,7,6,3,1,4,2,1,2,16,0,10,0,0,1,3
2020-03,crossfit,31,3,16,2,3,2,1,1,0,3,8,0,2,0,0,0,2
2020-03,nba,107,32,26,7,4,12,0,8,6,7,6,2,4,0,1,1,2
2020-03,running,370,82,128,40,44,39,23,29,6,47,162,13,6,8,2,3,31
2020-03,tennis,13,2,3,0,0,2,0,1,1,0,1,0,0,0,1,0,0
2020-03,trackandfield,8,1,4,0,0,4,0,0,0,0,0,0,0,0,0,1,1
2020-03,triathlon,17,3,6,2,7,4,0,1,0,0,6,0,0,0,0,0,1
2020-03,volleyball,7,1,2,0,3,0,0,0,0,0,1,0,0,0,0,0,0
2020-03,weightroom,52,6,19,3,3,2,6,2,1,3,12,0,2,1,0,1,2
2020-03,xxfitness,585,80,199,66,53,10,146,17,1,79,215,10,30,15,23,14,59
2020-04,Basketball,11,1,8,1,1,6,0,0,0,1,2,0,0,0,0,0,0
2020-04,BasketballTips,1,0,0,0,0,1,0,0,0,0,0,0,0,0,0,0,0
2020-04,CollegeBasketball,8,3,0,2,0,0,0,0,0,3,1,0,0,0,0,0,0
2020-04,Fitness,271,84,49,23,39,5,54,15,9,41,116,11,11,6,2,7,18
2020-04,Gymnastics,32,1,8,2,2,7,5,2,2,4,2,0,2,0,4,1,2
2020-04,Rowing,15,1,6,0,7,5,0,1,0,0,1,0,1,0,0,1,1
2020-04,Swimming,17,5,5,2,1,1,1,1,1,1,10,0,0,0,0,0,0
2020-04,bodybuilding,70,14,10,0,6,3,24,3,0,8,13,3,1,0,0,3,4
2020-04,climbing,17,0,3,5,0,0,0,1,0,0,0,0,3,1,0,0,1
2020-04,crossfit,30,3,7,2,7,0,0,1,0,2,6,0,3,0,0,0,1
2020-04,nba,100,23,28,5,7,14,1,4,4,14,4,6,1,2,0,3,1
2020-04,running,456,73,171,41,66,40,44,26,8,35,197,12,9,8,1,5,32
2020-04,sportspsychology,1,0,1,0,0,1,0,0,0,0,0,0,0,0,0,0,0
2020-04,tennis,7,1,2,0,0,0,1,1,2,2,0,0,0,0,0,0,0
2020-04,trackandfield,3,0,0,0,1,1,0,0,0,0,1,0,0,0,0,0,1
2020-04,triathlon,18,7,4,4,4,1,2,1,1,1,7,0,0,0,0,0,0
2020-04,volleyball,4,1,0,1,0,2,0,0,0,0,0,0,0,0,0,0,0
2020-04,weightroom,24,4,6,1,8,1,1,0,0,2,6,1,1,0,0,1,1
2020-04,xxfitness,630,95,191,81,70,5,171,23,3,69,252,8,18,16,9,15,56
2020-05,Basketball,3,0,1,0,0,2,0,0,0,1,0,0,0,0,0,0,0
2020-05,BasketballTips,6,1,3,0,0,4,0,1,0,1,0,0,0,0,0,0,0
2020-05,CollegeBasketball,8,0,4,0,0,1,0,0,1,0,0,0,0,0,0,0,0
2020-05,Fitness,259,64,66,20,49,9,45,9,2,25,103,3,6,4,3,4,14
2020-05,Gymnastics,39,3,5,2,1,5,12,2,0,14,0,0,0,0,12,0,2
2020-05,Rowing,27,2,8,3,8,6,1,2,0,2,7,0,0,0,0,0,1
2020-05,Swimming,17,2,11,0,2,4,1,1,1,1,3,0,0,0,0,0,1
2020-05,bodybuilding,141,37,22,4,11,3,20,2,18,15,35,2,5,1,1,4,7
2020-05,climbing,15,2,4,2,1,1,2,0,0,0,1,0,1,0,1,0,1
2020-05,crossfit,60,9,15,5,4,6,10,3,1,6,19,1,2,0,3,0,8
2020-05,nba,145,33,29,9,11,13,4,1,2,22,5,6,4,1,2,11,5
2020-05,running,407,74,146,24,52,16,42,43,10,30,186,14,3,1,7,6,29
2020-05,tennis,11,2,0,0,4,0,0,0,0,1,2,1,1,0,0,0,0
2020-05,trackandfield,5,1,0,0,1,0,0,0,0,3,1,0,0,0,0,0,0
2020-05,triathlon,6,0,1,0,3,1,0,0,0,1,0,0,0,0,0,0,0
2020-05,volleyball,2,0,2,0,0,1,0,0,0,0,0,0,0,0,0,0,0
2020-05,weightroom,40,6,9,2,9,2,2,1,2,2,15,0,0,2,0,0,5
2020-05,xxfitness,481,71,152,56,57,6,112,19,7,55,207,3,8,15,7,8,58
2020-06,Basketball,3,0,1,0,0,1,0,0,0,1,0,0,0,0,0,0,0
2020-06,BasketballTips,3,0,1,0,0,0,0,2,0,1,0,0,0,0,0,0,0
2020-06,CollegeBasketball,13,0,2,1,0,4,0,0,0,0,0,0,1,0,0,0,0
2020-06,Fitness,244,55,72,19,32,8,56,15,3,34,88,4,1,6,4,1,19
2020-06,Gymnastics,15,0,3,1,1,2,3,0,0,3,0,0,0,0,3,0,0
2020-06,Rowing,8,1,3,0,2,1,1,0,0,0,2,0,1,0,0,1,0
2020-06,Swimming,36,0,28,3,2,7,0,0,0,9,14,0,1,0,0,0,4
2020-06,bodybuilding,73,25,10,2,4,0,21,4,2,8,24,1,4,0,0,0,3
2020-06,climbing,16,5,8,0,1,0,0,2,0,1,6,0,0,0,0,1,1
2020-06,crossfit,36,2,5,4,4,3,3,1,0,2,5,0,2,1,0,1,3
2020-06,nba,148,36,43,8,5,19,2,3,2,16,9,3,7,2,2,2,1
2020-06,running,464,96,151,31,64,23,39,37,3,49,250,9,9,7,2,17,31
2020-06,tennis,35,4,8,1,3,9,0,1,1,1,1,2,0,1,0,0,0
2020-06,trackandfield,5,0,5,0,0,2,0,0,0,1,0,0,0,0,0,0,0
2020-06,triathlon,20,4,6,0,5,1,0,1,0,1,2,0,0,0,0,0,1
2020-06,volleyball,4,0,1,0,0,1,0,0,1,0,0,0,0,0,0,0,0
2020-06,weightroom,35,5,8,2,4,3,1,0,0,2,7,0,0,0,0,0,2
2020-06,xxfitness,396,41,101,43,32,9,151,14,2,51,117,2,3,9,2,7,45
2020-07,Basketball,4,0,2,0,1,0,0,0,0,2,0,2,0,0,0,0,0
2020-07,BasketballTips,3,0,0,1,2,0,0,0,0,1,0,0,0,0,0,0,0
2020-07,CollegeBasketball,6,1,1,0,1,1,0,0,0,2,0,0,0,0,0,0,0
2020-07,Fitness,202,36,43,17,30,5,57,8,0,32,52,1,0,7,0,5,21
2020-07,Gymnastics,18,1,1,0,1,1,6,0,0,4,0,1,0,0,4,1,2
2020-07,Rowing,13,4,0,0,4,0,0,0,1,1,5,0,0,0,0,2,0
2020-07,Swimming,28,5,11,1,8,1,3,0,0,2,7,1,1,0,0,0,1
2020-07,bodybuilding,117,29,26,3,6,6,34,4,2,6,19,1,6,3,0,0,5
2020-07,climbing,27,5,11,5,0,0,0,2,0,2,7,1,2,0,1,0,2
2020-07,crossfit,41,4,12,2,8,4,7,0,2,5,9,1,2,2,2,0,3
2020-07,nba,108,16,17,7,7,17,0,5,2,13,4,1,6,2,1,4,2
2020-07,running,689,175,247,68,76,20,38,51,17,143,404,28,8,21,20,11,43
2020-07,tennis,14,2,3,0,1,4,1,1,1,1,0,0,1,0,0,1,1
2020-07,trackandfield,4,0,2,0,0,2,0,0,0,0,0,0,0,0,0,0,0
2020-07,triathlon,11,0,4,1,3,2,0,1,0,0,0,0,0,0,0,0,2
2020-07,volleyball,5,0,4,0,0,2,0,0,0,0,0,0,1,0,0,0,0
2020-07,weightroom,40,8,9,2,6,1,9,2,0,1,8,0,0,4,0,2,3
2020-07,xxfitness,506,80,150,42,54,7,122,39,2,64,182,5,14,11,16,24,46
2020-08,Basketball,5,0,4,1,0,4,0,0,0,1,0,0,0,0,0,0,0
2020-08,BasketballTips,3,0,1,1,1,1,0,0,0,0,0,0,0,0,0,0,0
2020-08,CollegeBasketball,13,9,2,1,1,0,0,0,0,3,1,0,2,1,2,0,2
2020-08,Fitness,245,48,52,12,46,12,54,6,1,39,74,4,1,10,0,6,17
2020-08,Gymnastics,63,7,11,3,6,10,16,4,1,12,2,2,3,1,9,2,6
2020-08,Rowing,11,4,0,1,2,1,0,1,1,1,2,0,0,0,0,0,2
2020-08,Swimming,39,4,21,9,4,9,1,2,3,9,15,0,0,0,1,1,3
2020-08,bodybuilding,109,24,14,8,13,3,25,3,5,15,13,4,2,0,2,2,4
2020-08,climbing,28,1,10,2,2,4,4,0,1,1,1,0,1,1,0,1,0
2020-08,crossfit,41,7,12,6,0,3,7,4,0,8,13,0,0,2,1,0,1
2020-08,nba,367,126,89,19,6,59,2,7,8,53,26,3,16,2,2,4,0
2020-08,running,556,144,202,40,58,21,31,37,11,82,302,27,11,11,8,9,35
2020-08,tennis,18,1,3,2,3,6,1,1,0,5,0,0,0,1,1,1,1
2020-08,trackandfield,2,0,1,0,0,1,0,0,0,0,1,0,0,0,0,0,0
2020-08,triathlon,14,4,3,0,4,4,0,0,1,0,2,1,0,0,0,0,0
2020-08,volleyball,5,0,2,0,0,2,0,0,0,0,0,0,0,0,0,0,0
2020-08,weightroom,44,4,18,2,3,4,3,1,1,2,7,1,0,0,0,0,2
2020-08,xxfitness,527,71,144,45,63,15,149,29,1,62,160,8,5,6,5,13,45
2020-09,Basketball,7,0,3,0,0,3,0,0,0,1,0,0,0,0,0,0,0
2020-09,BasketballTips,7,0,3,0,1,6,0,0,0,0,0,0,0,0,0,0,0
2020-09,CollegeBasketball,2,1,0,1,0,0,0,0,0,0,0,0,0,0,0,0,0
2020-09,Fitness,185,36,27,10,32,2,51,9,0,36,46,3,1,2,2,4,18
2020-09,Gymnastics,22,1,3,4,5,2,4,1,3,2,1,0,0,0,3,1,2
2020-09,Rowing,6,0,2,1,3,1,0,1,0,1,0,0,0,0,1,0,0
2020-09,Swimming,28,2,14,2,8,6,0,1,0,1,9,0,1,0,0,0,0
2020-09,bodybuilding,139,27,30,5,11,5,36,1,3,16,24,8,1,4,1,4,15
2020-09,climbing,19,1,11,0,1,4,2,1,0,2,1,0,1,0,1,0,1
2020-09,crossfit,20,0,10,2,1,6,1,3,0,1,1,0,1,0,0,0,1
2020-09,nba,309,81,68,17,5,63,7,4,11,34,18,8,12,3,1,6,7
2020-09,running,448,78,151,37,47,28,42,38,5,70,200,13,7,4,3,12,35
2020-09,tennis,69,11,20,9,6,27,5,2,0,11,0,0,0,0,2,1,1
2020-09,trackandfield,2,0,1,0,1,1,0,0,0,0,0,0,0,0,0,0,0
2020-09,triathlon,14,0,5,1,4,4,0,1,0,1,2,0,0,0,0,0,0
2020-09,volleyball,6,0,2,0,0,2,0,0,0,0,1,0,0,0,0,1,0
2020-09,weightroom,42,3,14,2,4,7,3,1,1,2,5,1,0,4,0,4,2
2020-09,xxfitness,563,82,196,59,70,14,101,33,1,62,195,26,13,11,6,28,55
2020-10,Basketball,3,1,0,1,2,0,0,0,1,0,1,0,0,0,0,0,0
2020-10,BasketballTips,2,0,1,0,0,1,0,0,0,1,1,0,0,0,0,0,0
2020-10,CollegeBasketball,4,0,0,0,1,1,0,0,0,1,0,0,0,0,0,0,0
2020-10,Fitness,260,48,76,21,27,16,48,9,5,26,75,4,4,12,2,10,13
2020-10,Gymnastics,19,5,2,1,3,2,5,1,0,3,0,0,1,0,1,0,0
2020-10,Rowing,9,3,0,1,5,2,0,0,0,0,2,0,0,0,0,0,0
2020-10,Swimming,36,5,16,6,3,8,3,1,0,4,12,0,1,0,0,1,2
2020-10,bodybuilding,125,35,18,6,6,1,26,8,7,18,26,5,6,5,0,2,8
2020-10,climbing,16,4,5,1,2,1,3,1,0,1,7,0,0,0,0,1,1
2020-10,crossfit,41,2,22,0,3,5,4,3,0,5,2,0,0,0,2,0,3
2020-10,nba,188,36,52,11,15,31,4,11,5,28,8,2,4,7,5,0,6
2020-10,running,485,120,171,34,58,18,36,35,7,67,249,7,7,8,7,9,27
2020-10,tennis,68,10,25,3,7,27,1,1,1,10,2,0,1,0,1,1,0
2020-10,trackandfield,1,0,0,0,0,0,0,0,0,0,0,0,0,0,0,0,0
2020-10,triathlon,14,4,6,3,3,3,0,1,0,0,4,2,1,0,0,0,1
2020-10,volleyball,3,0,0,0,1,0,0,0,0,0,0,0,0,0,0,0,0
2020-10,weightroom,35,11,4,3,7,2,2,1,1,4,12,0,0,3,0,3,0
2020-10,xxfitness,393,50,113,42,54,13,67,24,0,59,122,6,12,4,5,11,30
2020-11,Basketball,2,1,2,0,0,1,0,0,0,0,1,0,0,0,0,0,0
2020-11,BasketballTips,6,0,3,2,0,4,0,0,0,0,2,0,0,0,0,0,0
2020-11,CollegeBasketball,8,0,5,0,0,2,0,0,0,0,1,0,1,0,0,0,0
2020-11,Fitness,195,43,30,19,28,1,39,8,6,30,61,3,3,7,0,2,9
2020-11,Gymnastics,9,1,0,0,2,1,2,0,0,1,0,0,1,0,2,0,1
2020-11,Rowing,11,0,3,0,1,3,1,1,0,0,1,0,0,0,0,0,0
2020-11,Swimming,24,4,7,1,6,1,1,0,0,1,9,0,0,0,0,1,1
2020-11,bodybuilding,107,28,23,5,12,5,24,6,1,12,25,5,4,3,0,2,4
2020-11,climbing,7,1,1,0,1,0,0,3,0,1,2,0,0,0,0,0,0
2020-11,crossfit,31,7,11,2,1,1,1,3,0,3,11,1,1,1,1,0,1
2020-11,nba,198,68,34,10,6,13,2,13,16,37,19,6,3,5,4,4,3
2020-11,running,436,107,149,38,50,18,25,35,4,63,257,13,7,1,6,14,39
2020-11,tennis,26,9,4,1,1,4,0,0,0,2,0,0,2,1,1,0,1
2020-11,trackandfield,2,1,0,1,0,0,0,0,0,0,1,0,0,0,0,0,0
2020-11,triathlon,13,1,3,0,4,1,0,1,0,1,1,1,0,1,0,1,3
2020-11,volleyball,3,1,2,0,0,3,0,0,0,0,0,0,0,0,0,0,0
2020-11,weightroom,39,3,9,4,4,2,3,3,0,3,8,2,0,0,0,1,2
2020-11,xxfitness,353,61,100,39,52,11,83,24,1,44,110,5,5,11,4,11,41
2020-12,Basketball,1,1,0,0,0,1,0,0,0,0,0,0,0,0,0,0,0
2020-12,BasketballTips,2,0,0,0,2,0,0,0,0,0,0,0,0,0,0,0,0
2020-12,CollegeBasketball,34,9,9,1,0,8,1,0,1,1,2,0,0,0,0,0,0
2020-12,Fitness,187,35,38,12,27,10,46,4,1,20,57,2,1,8,0,5,13
2020-12,Gymnastics,7,0,1,1,1,1,4,1,0,1,0,0,0,0,0,0,0
2020-12,Rowing,7,0,1,2,4,0,1,0,0,0,3,0,0,0,0,0,0
2020-12,Swimming,15,1,3,1,6,0,2,0,0,0,3,0,0,0,0,0,0
2020-12,bodybuilding,104,20,19,8,12,3,32,4,4,18,25,1,2,3,1,9,6
2020-12,climbing,13,1,6,2,0,0,1,5,0,1,3,0,0,0,0,0,1
2020-12,crossfit,22,1,7,3,4,1,4,0,0,2,5,0,0,0,0,1,2
2020-12,nba,237,68,38,9,7,34,1,8,4,39,10,2,10,3,3,3,3
2020-12,running,559,113,166,38,82,18,46,32,11,67,289,15,16,15,24,11,48
2020-12,tennis,10,1,1,2,1,2,0,0,0,1,3,0,0,0,0,0,0
2020-12,trackandfield,1,0,1,0,0,1,0,0,0,0,0,0,0,0,0,0,0
2020-12,triathlon,8,0,3,0,3,3,0,1,1,0,3,0,0,0,0,0,0
2020-12,volleyball,2,0,2,0,0,1,0,0,0,0,0,0,0,0,0,0,0
2020-12,weightroom,58,6,16,8,9,9,2,4,3,5,7,0,3,1,1,1,5
2020-12,xxfitness,371,82,112,34,54,6,70,17,7,65,134,2,4,10,3,27,31
2021-01,Basketball,7,1,0,1,1,2,1,0,0,2,0,0,0,0,0,2,0
2021-01,BasketballTips,1,0,1,0,0,0,0,0,0,0,0,0,0,0,0,0,0
2021-01,CollegeBasketball,35,6,6,2,2,11,0,0,0,5,0,0,4,1,0,0,0
2021-01,Fitness,189,27,61,17,18,7,50,5,1,21,56,0,2,7,0,7,8
2021-01,Gymnastics,17,2,10,4,4,5,0,4,0,5,2,0,0,0,2,0,3
2021-01,Rowing,20,1,1,2,4,1,0,2,1,3,7,0,0,0,0,1,4
2021-01,Swimming,29,2,13,0,2,10,5,0,0,4,5,1,1,0,2,1,1
2021-01,bodybuilding,116,31,22,3,9,5,25,4,6,20,33,0,4,1,0,6,8
2021-01,climbing,24,2,14,2,2,3,0,1,2,2,8,0,3,0,2,0,2
2021-01,crossfit,32,9,13,3,4,4,3,2,0,1,11,1,3,1,1,0,2
2021-01,nba,375,83,70,11,11,47,4,11,19,75,18,3,22,0,7,5,5
2021-01,running,744,199,264,65,74,21,45,50,19,134,482,12,9,17,26,35,45
2021-01,sportspsychology,1,0,0,0,0,1,0,0,0,1,0,0,0,0,0,0,0
2021-01,tennis,17,0,3,2,1,9,0,1,0,4,0,1,1,0,0,0,0
2021-01,trackandfield,4,1,2,0,0,3,0,0,0,0,0,0,0,0,0,0,0
2021-01,triathlon,13,2,3,0,3,4,0,1,0,0,0,0,2,0,0,0,1
2021-01,volleyball,15,0,5,4,1,4,1,1,0,5,2,0,0,0,2,0,0
2021-01,weightroom,49,10,15,7,5,5,6,4,0,2,4,0,1,1,0,1,2
2021-01,xxfitness,501,75,125,56,65,9,118,18,2,72,209,11,7,16,10,24,51
2021-02,Basketball,6,0,2,0,0,1,0,0,0,0,0,0,0,0,0,0,0
2021-02,BasketballTips,4,0,1,1,1,2,0,0,0,0,1,0,0,0,0,0,0
2021-02,CollegeBasketball,55,15,7,3,0,12,0,1,3,10,5,0,3,0,0,1,0
2021-02,Fitness,218,40,49,14,35,16,54,7,1,19,69,5,1,10,1,4,15
2021-02,Gymnastics,12,1,3,1,1,2,3,0,0,2,1,0,0,0,3,0,0
2021-02,Rowing,12,0,4,1,6,2,1,0,0,1,3,0,0,0,0,0,1
2021-02,Swimming,23,1,16,3,7,3,0,0,0,0,6,0,0,0,1,0,2
2021-02,bodybuilding,152,37,30,5,7,3,51,4,4,22,44,4,4,3,1,7,8
2021-02,climbing,32,6,10,1,2,2,9,2,1,3,3,0,2,1,2,2,2
2021-02,crossfit,11,0,2,1,4,1,1,0,0,0,4,0,0,0,1,1,0
2021-02,nba,141,36,32,8,2,25,2,4,7,13,4,1,5,1,2,4,4
2021-02,running,632,168,317,61,46,31,32,30,10,83,447,16,4,9,13,10,34
2021-02,sportspsychology,3,0,0,0,0,1,0,0,0,1,0,0,0,0,0,0,0
2021-02,tennis,90,11,22,7,4,27,2,1,1,17,4,0,1,2,2,4,1
2021-02,trackandfield,12,0,2,3,6,0,1,2,2,1,2,0,1,0,0,1,1
2021-02,triathlon,15,0,6,1,6,3,0,1,0,0,3,0,0,1,0,0,1
2021-02,volleyball,10,0,3,0,3,4,0,0,0,0,0,0,0,0,0,1,0
2021-02,weightroom,50,3,14,3,5,4,8,2,1,5,11,2,0,1,0,4,4
2021-02,xxfitness,571,85,159,59,55,9,140,22,0,61,234,3,6,4,5,17,53
2021-03,Basketball,4,0,1,0,0,3,0,0,0,1,0,0,0,0,0,0,0
2021-03,BasketballTips,5,2,2,0,0,3,0,0,0,0,0,0,0,0,0,0,0
2021-03,CollegeBasketball,106,15,43,2,2,36,0,0,0,8,6,2,3,1,0,1,0
2021-03,Fitness,223,45,61,23,25,10,55,18,1,24,53,1,4,9,0,10,12
2021-03,Gymnastics,22,1,6,4,1,4,3,1,1,1,1,1,1,0,4,0,1
2021-03,Rowing,8,2,3,1,0,1,0,1,1,1,4,0,0,0,0,2,0
2021-03,Swimming,22,2,8,3,5,6,3,0,0,1,3,0,1,0,0,0,1
2021-03,bodybuilding,120,24,22,6,3,4,39,1,3,17,24,3,7,6,0,4,7
2021-03,climbing,11,0,7,0,1,0,0,1,1,0,1,0,0,0,0,0,0
2021-03,crossfit,24,3,9,7,4,2,1,3,0,5,8,1,1,1,0,0,1
2021-03,nba,170,38,36,9,4,24,3,6,9,22,6,5,9,1,3,2,1
2021-03,running,563,128,164,44,55,30,59,46,10,95,305,12,5,15,11,20,74
2021-03,sportspsychology,3,0,0,0,0,2,0,0,0,2,0,0,1,0,0,0,0
2021-03,tennis,26,3,4,3,4,11,1,1,0,3,0,0,2,0,0,1,0
2021-03,trackandfield,16,0,10,2,5,9,0,0,0,1,3,0,0,0,0,0,0
2021-03,triathlon,16,4,2,0,8,2,0,0,0,2,4,0,1,0,0,0,1
2021-03,volleyball,7,1,5,1,0,5,0,0,0,0,0,0,0,0,0,0,0
2021-03,weightroom,64,5,20,5,8,5,9,3,2,7,10,1,0,4,0,1,4
2021-03,xxfitness,525,58,166,47,40,16,139,20,1,44,157,5,14,14,1,15,40
2021-04,Basketball,8,0,6,0,0,6,0,0,0,0,0,0,0,0,0,0,0
2021-04,BasketballTips,6,0,4,0,1,3,0,0,0,0,2,0,0,0,0,0,0
2021-04,CollegeBasketball,19,1,7,2,1,4,0,0,1,2,0,1,0,0,0,1,0
2021-04,Fitness,255,44,63,17,31,7,66,11,1,37,58,3,4,7,2,8,21
2021-04,Gymnastics,19,2,2,4,3,4,0,1,0,4,1,0,0,0,2,1,1
2021-04,Rowing,14,2,2,1,0,0,5,1,1,2,4,1,1,0,0,0,1
2021-04,Swimming,28,4,11,5,4,6,0,0,0,5,5,1,0,1,0,1,0
2021-04,bodybuilding,102,22,23,8,10,4,20,7,3,16,24,2,3,5,1,4,9
2021-04,climbing,24,0,5,1,0,1,4,1,3,2,3,0,1,1,1,0,1
2021-04,crossfit,31,3,8,2,4,1,1,2,0,4,11,3,0,0,0,0,3
2021-04,nba,168,28,48,11,5,26,2,5,5,21,4,1,3,4,3,3,3
2021-04,running,528,119,160,43,62,32,30,48,6,78,284,2,7,12,6,12,28
2021-04,sportspsychology,4,0,0,0,1,2,0,1,0,3,0,0,0,0,0,0,0
2021-04,tennis,38,8,3,2,6,9,5,3,0,7,0,0,0,0,3,1,0
2021-04,trackandfield,5,0,0,0,1,0,0,0,0,2,3,0,0,0,0,0,0
2021-04,triathlon,10,1,6,0,2,0,0,0,0,0,1,0,0,0,0,0,0
2021-04,volleyball,3,0,0,0,0,0,0,0,1,3,0,0,0,0,0,0,0
2021-04,weightroom,48,6,13,1,14,5,4,4,1,3,8,0,1,0,0,4,0
2021-04,xxfitness,428,55,163,40,32,21,87,14,0,58,139,7,5,11,2,29,22
2021-05,Basketball,4,0,1,0,1,2,0,0,0,0,0,0,0,0,0,0,0
2021-05,BasketballTips,6,0,6,2,0,5,0,0,0,1,1,0,0,0,1,1,0
2021-05,CollegeBasketball,15,1,0,0,0,1,0,0,0,10,0,0,1,0,0,0,0
2021-05,Fitness,321,62,72,29,36,12,76,14,2,55,109,5,3,13,2,9,24
2021-05,Gymnastics,29,2,2,8,9,1,7,1,0,6,0,0,3,0,7,0,0
2021-05,Rowing,13,3,2,1,3,0,1,2,0,1,3,0,0,0,0,2,0
2021-05,Swimming,29,2,11,2,13,6,3,2,0,2,5,1,2,0,0,0,2
2021-05,bodybuilding,87,18,16,5,9,1,26,2,2,9,20,1,2,2,0,3,2
2021-05,climbing,25,4,11,3,2,2,0,2,0,4,3,0,3,0,2,1,1
2021-05,crossfit,16,1,4,1,2,1,2,0,1,2,4,2,0,0,0,0,3
2021-05,nba,187,34,53,9,7,50,5,6,2,15,5,7,3,0,3,3,2
2021-05,running,455,104,139,52,65,15,42,39,3,62,232,10,7,4,13,10,31
2021-05,sportspsychology,1,0,0,0,0,1,0,0,0,0,0,0,0,0,0,0,0
2021-05,tennis,473,73,114,41,20,118,3,7,7,72,18,2,3,1,4,4,1
2021-05,trackandfield,9,0,4,0,4,3,1,0,0,1,0,0,0,0,0,0,0
2021-05,triathlon,36,2,22,1,6,10,0,0,0,0,4,0,0,0,0,0,0
2021-05,volleyball,1,0,0,1,0,1,0,0,0,0,0,0,0,0,0,0,0
2021-05,weightroom,43,4,9,3,8,13,5,1,0,3,3,0,0,0,1,0,1
2021-05,xxfitness,396,54,138,44,47,10,83,15,2,62,102,0,5,10,0,21,25
2021-06,Basketball,9,2,2,0,2,4,0,0,0,0,0,0,0,0,0,0,0
2021-06,BasketballTips,8,1,4,0,0,5,0,0,0,0,1,0,0,0,0,1,0
2021-06,CollegeBasketball,2,1,0,0,0,0,0,0,0,0,0,0,0,0,0,0,0
2021-06,Fitness,261,34,71,20,45,8,58,13,3,26,64,2,2,10,3,10,11
2021-06,Gymnastics,69,7,21,6,4,18,9,2,0,17,2,0,1,0,3,2,1
2021-06,Rowing,9,1,3,0,3,1,0,0,0,2,3,0,0,0,0,0,1
2021-06,Swimming,35,1,20,4,7,5,1,1,0,1,9,0,0,2,1,0,0
2021-06,bodybuilding,118,16,14,8,15,5,43,3,1,14,17,1,2,1,1,1,9
2021-06,climbing,20,0,12,1,1,2,5,1,2,2,0,0,0,0,1,0,0
2021-06,crossfit,19,1,8,3,2,3,1,0,0,2,4,0,0,0,0,1,0
2021-06,nba,554,98,137,25,19,198,3,20,8,114,10,3,4,6,5,1,4
2021-06,running,466,77,138,28,45,26,85,37,7,100,216,12,3,7,6,13,53
2021-06,sportspsychology,1,0,1,0,0,1,0,0,0,0,0,0,0,0,0,0,0
2021-06,tennis,370,79,125,26,19,119,0,4,6,50,13,2,2,0,1,2,3
2021-06,trackandfield,16,2,10,0,2,6,1,0,0,1,0,0,0,0,0,0,0
2021-06,triathlon,30,1,16,0,2,5,0,1,0,1,7,1,0,0,0,1,0
2021-06,volleyball,2,0,0,1,0,0,0,0,0,0,0,0,0,0,0,0,0
2021-06,weightroom,65,8,11,3,10,3,7,4,0,3,11,1,0,3,1,1,3
2021-06,xxfitness,398,43,142,29,45,18,78,21,0,47,98,5,12,13,3,10,16
2021-07,Basketball,6,0,3,1,0,4,0,0,0,0,0,0,0,0,0,0,1
2021-07,Fitness,329,51,103,30,35,13,102,14,3,55,78,2,1,12,1,4,22
2021-07,Gymnastics,456,21,149,51,10,140,10,17,6,57,12,1,6,5,15,16,1
2021-07,Rowing,17,2,5,2,5,4,0,0,0,2,5,0,0,0,0,0,1
2021-07,Swimming,37,2,20,2,3,12,2,1,0,2,3,0,0,0,0,3,1
2021-07,bodybuilding,97,15,30,4,10,3,22,3,1,16,21,4,2,2,2,3,7
2021-07,climbing,29,5,18,0,0,1,1,5,0,1,4,1,0,0,2,0,0
2021-07,crossfit,52,2,30,2,3,8,5,1,0,7,8,1,1,1,2,0,5
2021-07,nba,355,58,80,23,12,87,3,19,11,39,13,7,1,2,8,5,2
2021-07,running,442,59,152,32,46,36,26,25,14,76,195,16,5,11,15,13,22
2021-07,sportspsychology,4,1,0,0,0,2,0,0,0,0,0,0,0,0,0,0,0
2021-07,tennis,184,24,81,22,11,59,2,4,0,16,1,0,1,3,2,1,0
2021-07,trackandfield,8,0,4,1,2,2,0,0,0,0,2,0,1,0,0,0,0
2021-07,triathlon,15,0,8,2,3,4,2,1,0,2,3,0,0,0,0,0,2
2021-07,volleyball,15,1,5,3,4,4,0,2,0,7,1,0,0,0,0,0,0
2021-07,weightroom,58,7,11,9,12,3,7,1,1,6,10,2,0,4,0,0,2
2021-07,xxfitness,393,45,125,43,52,11,73,17,0,41,113,3,4,15,3,21,26
2021-08,Basketball,5,0,1,0,3,3,0,0,0,0,0,0,0,0,0,0,0
2021-08,BasketballTips,4,1,0,1,1,1,0,0,0,0,2,0,0,0,0,0,0
2021-08,CollegeBasketball,5,2,0,0,0,0,0,0,0,0,1,0,1,0,0,0,0
2021-08,Fitness,318,40,82,17,46,9,74,12,1,37,79,6,4,18,4,6,15
2021-08,Gymnastics,131,13,33,24,8,31,8,3,4,13,5,0,2,3,7,3,1
2021-08,Rowing,15,2,3,2,5,3,0,1,0,4,3,0,0,0,0,0,0
2021-08,Swimming,26,3,8,2,9,4,1,0,0,1,4,0,0,1,0,1,2
2021-08,bodybuilding,116,26,24,5,16,3,30,1,2,20,34,1,0,3,0,3,9
2021-08,climbing,19,2,2,0,1,4,3,2,0,4,1,0,0,1,0,0,1
2021-08,crossfit,30,1,12,1,6,2,3,0,0,4,6,0,1,0,0,1,2
2021-08,nba,215,42,39,7,12,33,4,3,7,38,10,5,1,4,3,6,1
2021-08,running,550,142,163,40,71,32,28,48,5,77,299,27,5,5,7,10,49
2021-08,sportspsychology,3,0,2,0,0,2,0,0,0,1,0,0,0,0,0,0,0
2021-08,tennis,113,9,24,7,10,29,1,5,0,21,3,0,1,2,2,1,2
2021-08,trackandfield,8,2,2,2,1,5,0,0,0,6,0,0,0,0,0,0,0
2021-08,triathlon,47,7,18,4,13,10,2,2,2,0,12,2,0,1,1,1,2
2021-08,volleyball,10,3,3,0,1,6,0,0,0,0,0,0,0,0,0,0,0
2021-08,weightroom,50,7,19,1,2,8,6,2,4,4,11,1,0,2,0,0,3
2021-08,xxfitness,386,57,108,49,46,15,77,33,2,47,116,8,11,6,1,18,22
2021-09,Basketball,2,0,0,0,1,0,0,0,0,0,0,0,0,0,0,0,0
2021-09,BasketballTips,5,0,2,1,1,2,0,0,0,0,0,0,0,0,0,0,1
2021-09,CollegeBasketball,2,2,0,0,0,0,0,0,0,0,0,0,0,0,0,0,0
2021-09,Fitness,219,30,58,18,28,8,47,13,2,17,56,2,4,15,1,2,12
2021-09,Gymnastics,16,1,1,1,1,2,0,0,0,4,0,0,1,1,1,0,0
2021-09,Rowing,11,1,5,1,0,2,4,0,2,0,0,0,0,1,0,0,0
2021-09,Swimming,42,2,25,6,6,15,1,0,0,5,9,0,1,0,1,0,1
2021-09,bodybuilding,88,21,26,7,6,4,17,1,5,18,21,1,0,1,1,3,4
2021-09,climbing,16,4,6,1,2,2,1,0,1,1,4,0,0,0,0,1,1
2021-09,crossfit,58,4,21,3,8,8,11,0,1,9,13,0,1,3,1,2,6
2021-09,nba,152,20,32,4,3,33,1,4,4,35,2,9,1,3,2,12,6
2021-09,running,399,45,127,34,49,40,23,26,9,57,162,6,8,12,7,14,28
2021-09,sportspsychology,2,0,0,1,0,1,0,0,0,0,0,0,0,0,0,0,0
2021-09,tennis,289,51,117,31,26,91,4,3,3,31,10,0,6,1,0,1,3
2021-09,trackandfield,5,2,1,0,2,2,0,0,0,0,1,0,0,0,0,0,0
2021-09,triathlon,31,4,20,0,3,12,0,1,0,1,4,0,1,0,0,0,0
2021-09,volleyball,7,1,1,1,0,2,0,0,0,2,1,0,0,0,1,1,0
2021-09,weightroom,49,4,16,3,4,7,3,2,2,6,10,1,1,3,1,2,1
2021-09,xxfitness,263,31,87,31,21,12,46,10,1,47,77,4,7,7,1,16,16
2021-10,Basketball,1,0,0,0,0,0,0,0,0,1,0,0,0,0,0,0,0
2021-10,BasketballTips,9,1,3,1,1,6,1,0,0,2,0,0,0,0,0,0,0
2021-10,CollegeBasketball,2,0,1,0,0,1,0,0,0,0,0,0,0,0,0,1,0
2021-10,Fitness,286,42,72,16,35,13,67,16,4,28,80,0,2,12,3,7,14
2021-10,Gymnastics,38,0,15,12,4,9,2,0,0,6,1,0,2,1,3,0,0
2021-10,Rowing,16,0,11,1,2,10,1,0,0,4,1,0,0,0,0,1,0
2021-10,Swimming,39,2,13,4,8,6,4,0,0,7,8,0,2,2,1,2,1
2021-10,bodybuilding,98,16,15,4,2,2,25,2,3,13,17,4,5,1,2,5,4
2021-10,climbing,29,2,9,2,0,1,5,1,1,8,1,0,1,0,1,1,2
2021-10,crossfit,48,8,21,5,7,6,6,1,0,5,15,0,1,1,0,5,3
2021-10,nba,506,67,108,30,10,102,9,12,14,102,6,4,10,5,9,3,6
2021-10,running,562,121,203,47,67,59,27,31,5,74,273,17,4,16,6,23,36
2021-10,sportspsychology,3,0,0,1,0,2,0,0,0,2,0,0,0,0,0,0,0
2021-10,tennis,84,11,17,10,8,27,1,1,4,16,2,0,0,1,2,1,0
2021-10,trackandfield,5,1,1,0,2,3,0,0,0,0,0,0,0,0,0,0,1
2021-10,triathlon,24,3,12,0,4,6,0,0,0,10,8,3,0,2,1,1,1
2021-10,volleyball,4,1,0,1,0,3,0,1,0,0,0,0,0,0,0,0,0
2021-10,weightroom,62,11,16,4,11,6,4,1,0,11,15,1,0,5,0,2,1
2021-10,xxfitness,311,41,110,38,36,20,45,16,1,39,111,2,4,8,5,33,17
2021-11,Basketball,3,0,2,0,0,2,0,0,0,1,0,0,0,0,0,0,0
2021-11,BasketballTips,3,1,1,0,0,2,0,0,0,0,0,0,0,0,0,0,0
2021-11,CollegeBasketball,20,3,8,1,0,9,0,0,0,1,2,0,0,0,0,0,0
2021-11,Fitness,267,41,69,19,38,9,72,13,0,40,63,2,6,9,0,11,18
2021-11,Gymnastics,13,0,3,3,3,5,1,0,1,0,0,0,1,0,1,0,0
2021-11,Rowing,20,3,9,2,3,9,1,0,2,6,2,0,0,0,0,0,1
2021-11,Swimming,41,0,22,1,3,11,2,0,0,8,14,0,1,0,0,1,1
2021-11,bodybuilding,83,12,16,4,2,3,27,5,3,7,17,5,3,6,0,2,9
2021-11,climbing,32,7,16,1,1,3,0,4,0,7,10,0,0,0,0,0,2
2021-11,crossfit,47,18,8,4,6,0,8,2,0,13,21,1,3,1,1,1,6
2021-11,nba,781,98,123,35,11,98,11,22,13,230,17,1,6,2,13,7,7
2021-11,running,676,161,235,57,71,24,32,61,21,94,416,17,10,19,7,27,51
2021-11,sportspsychology,1,0,0,0,0,1,0,0,0,0,0,0,0,0,0,0,0
2021-11,tennis,61,7,9,6,2,20,1,0,1,18,0,0,2,1,0,0,0
2021-11,trackandfield,4,1,0,0,1,1,1,0,0,0,0,0,0,0,0,0,0
2021-11,triathlon,18,2,5,1,7,2,0,1,0,0,5,2,0,0,0,0,2
2021-11,volleyball,4,0,0,1,1,2,0,0,0,0,1,0,0,0,0,0,0
2021-11,weightroom,48,5,9,1,10,4,8,0,2,4,8,0,0,0,0,1,1
2021-11,xxfitness,289,53,80,29,34,9,52,18,0,36,109,0,5,7,4,24,16
2021-12,Basketball,1,0,1,0,0,1,0,0,0,0,0,0,0,0,0,0,0
2021-12,BasketballTips,3,1,0,0,0,0,0,1,0,0,0,0,0,0,0,0,0
2021-12,CollegeBasketball,22,3,5,0,0,6,0,1,1,0,2,0,1,0,0,0,0
2021-12,Fitness,293,44,92,13,28,14,49,15,5,48,93,5,12,8,1,6,19
2021-12,Gymnastics,17,0,5,2,1,3,1,1,0,1,1,0,0,0,4,0,0
2021-12,Rowing,16,1,5,0,4,3,2,0,0,5,2,0,0,0,1,1,1
2021-12,Swimming,32,0,9,1,3,6,2,1,1,5,6,0,0,0,0,2,1
2021-12,bodybuilding,78,9,21,9,9,0,19,3,2,6,16,3,0,0,0,1,4
2021-12,climbing,17,3,7,1,0,1,1,0,0,1,4,0,0,0,0,1,2
2021-12,crossfit,23,4,8,4,4,2,3,0,0,2,7,1,0,0,0,0,2
2021-12,nba,232,48,32,14,13,32,21,12,3,33,7,4,2,1,3,5,8
2021-12,running,418,65,138,35,51,19,29,33,4,56,211,10,9,10,4,22,25
2021-12,sportspsychology,2,0,0,0,0,1,0,0,0,1,0,0,0,0,0,0,0
2021-12,tennis,33,5,13,2,4,9,0,2,0,4,2,0,0,0,0,0,0
2021-12,trackandfield,7,0,1,0,1,0,1,1,0,2,0,0,1,0,0,0,0
2021-12,triathlon,23,1,5,1,6,1,2,0,0,4,5,0,0,0,0,2,1
2021-12,volleyball,10,5,1,0,2,3,0,1,0,1,3,0,0,0,0,0,0
2021-12,weightroom,65,11,18,1,10,6,10,2,1,9,14,4,0,4,1,4,1
2021-12,xxfitness,266,38,91,40,22,15,33,14,1,26,62,2,9,13,6,23,12
2022-01,Basketball,4,0,3,0,0,2,0,0,0,0,0,0,0,0,0,0,0
2022-01,BasketballTips,5,2,0,1,1,1,0,0,1,1,2,0,0,0,0,0,0
2022-01,CollegeBasketball,30,4,9,0,0,11,0,0,1,3,0,0,1,0,0,0,0
2022-01,Fitness,293,47,89,20,34,19,72,13,2,32,76,1,8,12,1,6,18
2022-01,Gymnastics,77,1,14,6,3,11,6,0,13,18,1,0,1,2,4,1,2
2022-01,Rowing,26,7,5,3,5,3,0,1,2,4,8,1,0,0,0,1,2
2022-01,Swimming,30,3,10,0,3,4,6,2,0,3,8,0,0,1,0,0,0
2022-01,bodybuilding,79,12,17,4,8,3,14,5,1,10,17,6,4,3,0,0,7
2022-01,climbing,16,3,7,0,0,1,2,3,0,0,3,1,1,0,0,1,1
2022-01,crossfit,73,10,24,5,12,6,4,14,3,8,20,2,1,2,0,1,7
2022-01,nba,264,41,41,9,13,55,7,10,4,35,4,3,1,1,6,0,1
2022-01,running,666,154,169,58,79,32,43,46,17,98,376,25,5,16,16,32,50
2022-01,sportspsychology,1,0,0,0,0,0,0,0,0,0,0,0,0,0,0,0,0
2022-01,tennis,208,21,76,17,8,65,2,3,5,22,7,1,2,1,2,5,1
2022-01,trackandfield,7,0,3,1,1,4,0,0,1,0,1,0,1,0,0,0,1
2022-01,triathlon,41,6,12,3,17,9,0,2,0,2,7,0,2,0,0,0,0
2022-01,volleyball,3,0,0,1,0,0,0,0,0,0,0,0,0,0,0,0,0
2022-01,weightroom,78,15,12,4,15,3,8,3,2,3,15,1,0,4,1,1,3
2022-01,xxfitness,289,33,103,28,21,20,42,9,0,34,102,1,5,15,3,17,14
2022-02,BasketballTips,5,0,2,1,1,5,0,0,0,0,0,0,0,0,0,1,0
2022-02,CollegeBasketball,40,4,11,3,1,13,0,0,0,6,0,0,0,1,0,0,0
2022-02,Fitness,292,46,74,22,35,15,68,18,2,41,74,1,2,19,2,11,8
2022-02,Gymnastics,23,2,3,1,3,4,5,0,3,5,0,0,0,0,1,0,0
2022-02,Rowing,17,0,4,1,3,3,5,1,0,3,1,0,0,0,1,2,0
2022-02,Swimming,46,3,21,8,12,6,2,1,1,6,9,0,1,1,0,0,1
2022-02,bodybuilding,72,11,13,1,8,3,16,4,4,7,9,5,0,5,1,3,4
2022-02,climbing,23,0,18,0,1,2,0,2,1,2,4,0,0,0,1,0,1
2022-02,crossfit,52,4,20,4,5,4,10,1,2,11,7,1,2,0,1,5,4
2022-02,nba,804,146,133,32,16,114,12,28,14,149,25,7,7,1,15,8,5
2022-02,running,417,73,128,22,74,32,27,28,6,61,199,8,4,11,10,14,27
2022-02,sportspsychology,1,0,0,0,0,0,0,0,0,0,0,0,0,0,0,0,0
2022-02,tennis,75,10,11,8,6,20,1,1,5,12,1,1,1,0,3,3,2
2022-02,trackandfield,4,1,0,0,0,1,1,0,0,1,0,0,0,0,0,2,0
2022-02,triathlon,21,0,8,1,4,4,2,1,0,1,1,0,0,1,0,0,2
2022-02,volleyball,3,1,0,0,1,0,0,0,0,1,0,0,0,0,0,0,0
2022-02,weightroom,52,2,13,6,5,4,7,0,2,9,11,1,0,2,0,1,1
2022-02,xxfitness,342,41,91,38,45,16,84,19,4,58,105,3,8,7,4,11,38
2022-03,Basketball,4,0,1,2,0,2,0,0,0,2,2,0,0,0,0,0,0
2022-03,BasketballTips,12,0,3,1,0,7,1,0,0,1,1,0,0,0,0,1,1
2022-03,CollegeBasketball,120,18,48,4,2,40,0,0,0,11,7,0,0,2,0,0,0
2022-03,Fitness,245,45,61,20,28,9,57,10,1,31,69,4,8,3,1,9,9
2022-03,Gymnastics,26,2,11,2,0,8,1,0,1,5,0,0,0,0,2,2,0
2022-03,Rowing,16,2,7,2,4,5,0,0,1,3,3,0,0,0,2,0,1
2022-03,Swimming,47,4,24,5,7,5,1,1,3,4,9,0,2,1,3,1,2
2022-03,bodybuilding,78,27,21,5,7,3,13,6,1,15,26,2,3,1,2,1,7
2022-03,climbing,17,2,6,1,0,0,2,1,1,4,4,1,0,0,2,0,2
2022-03,crossfit,37,7,10,3,7,3,4,3,0,1,9,0,1,1,0,0,4
2022-03,nba,408,56,72,14,11,65,2,16,11,87,14,2,4,3,6,6,2
2022-03,running,384,81,141,44,58,31,27,37,2,43,194,5,5,7,5,14,31
2022-03,sportspsychology,1,0,0,0,0,1,0,0,0,1,0,0,0,0,0,0,0
2022-03,tennis,255,33,34,22,22,48,0,4,11,69,7,1,4,1,3,1,3
2022-03,trackandfield,7,1,1,1,1,3,2,0,0,1,0,0,0,0,0,0,0
2022-03,triathlon,22,3,8,2,5,4,1,1,0,2,8,1,0,0,0,0,1
2022-03,volleyball,9,0,2,1,1,5,0,0,0,1,0,0,0,0,0,1,0
2022-03,weightroom,49,4,10,5,8,3,4,5,1,2,4,2,1,3,0,3,3
2022-03,xxfitness,353,44,100,33,31,6,72,22,0,36,126,4,6,13,0,10,28
2022-04,Basketball,1,0,1,1,0,0,0,0,0,0,1,0,0,0,0,0,0
2022-04,BasketballTips,13,2,4,0,1,5,0,1,1,2,3,0,0,0,0,0,1
2022-04,CollegeBasketball,26,2,15,1,0,10,0,0,0,1,0,0,0,1,0,0,0
2022-04,Fitness,318,58,85,22,40,18,63,16,1,62,94,2,7,16,0,14,26
2022-04,Gymnastics,46,2,4,10,5,7,6,1,4,5,0,0,1,0,2,0,2
2022-04,Rowing,17,0,5,1,5,3,3,0,0,0,0,0,1,1,0,0,1
2022-04,Swimming,41,4,16,2,8,7,0,1,0,3,9,0,0,1,0,0,0
2022-04,bodybuilding,86,13,16,6,5,5,31,5,5,13,10,4,3,2,0,2,5
2022-04,climbing,13,1,3,0,1,3,3,0,1,0,2,0,1,0,0,0,1
2022-04,crossfit,22,2,4,0,4,0,2,1,1,2,5,0,0,2,0,0,0
2022-04,nba,551,74,132,30,12,110,5,40,15,70,9,8,8,7,10,4,5
2022-04,running,456,72,171,41,59,56,31,37,4,43,214,11,3,5,5,18,33
2022-04,tennis,69,3,9,8,6,21,0,2,1,16,3,0,3,1,0,0,0
2022-04,trackandfield,11,1,5,0,3,3,0,3,0,0,1,0,0,0,0,0,0
2022-04,triathlon,20,1,11,3,2,6,2,1,0,2,2,0,0,0,0,3,1
2022-04,volleyball,5,0,3,0,1,3,0,1,0,0,0,0,0,0,0,0,0
2022-04,weightroom,46,2,7,6,4,3,7,2,0,3,3,0,0,1,1,0,1
2022-04,xxfitness,318,24,92,28,41,18,72,17,1,39,88,0,1,6,1,38,28
2022-05,Basketball,5,1,1,0,1,2,1,1,0,1,0,0,0,0,0,0,0
2022-05,BasketballTips,7,0,2,0,1,4,0,0,1,0,0,0,0,0,0,0,0
2022-05,CollegeBasketball,5,0,1,0,0,0,0,0,0,0,0,0,0,0,1,0,0
2022-05,Fitness,276,47,67,21,39,9,66,20,1,45,61,4,1,10,4,10,16
2022-05,Gymnastics,18,0,5,2,1,2,1,0,2,4,0,0,2,0,3,1,0
2022-05,Rowing,16,1,5,2,2,0,3,0,1,1,4,0,0,0,0,0,1
2022-05,Swimming,44,6,26,6,1,5,1,2,1,6,18,0,0,0,2,3,2
2022-05,bodybuilding,94,15,14,7,4,3,30,9,4,9,16,8,0,2,0,4,11
2022-05,climbing,22,1,10,1,1,4,4,3,0,4,3,0,2,0,1,0,2
2022-05,crossfit,27,0,9,0,5,2,6,0,0,6,4,1,0,1,0,0,2
2022-05,nba,300,46,67,11,8,62,1,18,9,39,7,4,5,5,4,4,3
2022-05,running,414,62,137,37,42,43,34,33,4,45,191,10,2,3,4,11,36
2022-05,tennis,147,16,62,12,5,50,3,1,2,21,4,0,1,2,0,2,0
2022-05,trackandfield,5,0,0,0,3,3,1,0,0,0,0,0,0,0,0,1,0
2022-05,triathlon,30,3,14,2,6,8,0,1,0,0,5,0,1,0,0,2,0
2022-05,volleyball,2,0,0,0,1,1,0,0,0,0,0,0,0,0,0,0,0
2022-05,weightroom,46,8,12,3,2,4,4,0,1,2,8,1,4,2,0,0,1
2022-05,xxfitness,369,40,101,43,44,15,105,13,1,47,102,2,7,13,1,37,32
2022-06,Basketball,3,0,0,0,0,1,0,1,0,0,0,0,0,0,0,0,0
2022-06,BasketballTips,13,2,1,1,1,1,0,0,0,5,1,1,1,0,0,1,0
2022-06,CollegeBasketball,9,1,0,0,0,1,2,0,0,0,1,0,0,0,1,0,0
2022-06,Fitness,341,64,88,31,48,16,78,20,2,46,91,4,5,8,2,9,21
2022-06,Gymnastics,18,1,0,3,3,0,1,0,0,4,0,0,1,0,2,0,0
2022-06,Rowing,13,0,4,2,1,3,1,0,0,0,1,0,0,0,5,0,0
2022-06,Swimming,47,3,26,4,8,9,3,1,2,3,9,1,0,0,0,1,2
2022-06,bodybuilding,91,16,18,4,9,6,15,4,3,16,16,5,0,5,3,6,2
2022-06,climbing,33,4,9,1,2,2,1,4,1,5,9,0,1,0,1,0,9
2022-06,crossfit,38,7,10,4,2,1,5,2,0,10,15,0,1,0,0,2,4
2022-06,nba,216,31,37,12,18,44,11,7,5,30,11,8,2,0,2,0,6
2022-06,running,489,70,171,39,57,33,33,25,3,63,233,13,7,11,5,20,30
2022-06,sportspsychology,4,0,1,0,0,3,0,0,0,2,0,0,0,0,0,0,0
2022-06,tennis,131,22,26,7,9,39,4,5,3,31,3,1,2,3,1,1,0
2022-06,trackandfield,9,1,2,1,1,3,0,0,0,3,0,0,0,0,0,1,0
2022-06,triathlon,37,5,20,3,3,15,1,3,0,0,7,0,0,2,0,1,1
2022-06,volleyball,6,0,0,0,0,1,0,0,0,2,0,0,0,0,0,0,0
2022-06,weightroom,36,4,8,6,5,3,4,4,3,4,6,1,1,3,0,1,1
2022-06,xxfitness,379,45,133,34,60,18,67,23,1,53,129,1,2,11,4,11,20
2022-07,BasketballTips,9,1,4,1,2,5,0,0,0,0,1,0,0,0,0,0,0
2022-07,CollegeBasketball,7,1,1,0,0,1,0,1,0,0,0,0,0,0,1,1,0
2022-07,Fitness,283,59,62,14,32,11,69,16,5,46,72,2,4,11,1,8,14
2022-07,Gymnastics,25,1,6,3,2,5,1,4,1,5,1,0,1,0,4,0,1
2022-07,Rowing,15,1,4,1,4,2,1,1,0,1,3,0,1,0,0,0,0
2022-07,Swimming,36,3,23,7,0,9,3,1,1,8,7,1,1,0,0,2,2
2022-07,bodybuilding,90,25,15,6,7,2,13,4,5,9,18,4,3,6,0,1,4
2022-07,climbing,21,0,4,2,0,2,1,2,0,7,1,0,0,0,1,1,3
2022-07,crossfit,29,0,8,0,5,1,8,0,0,4,8,1,0,0,0,3,1
2022-07,nba,188,35,32,5,5,26,3,14,6,29,9,5,4,2,0,3,5
2022-07,running,463,123,122,25,58,29,40,35,2,81,255,5,4,7,3,35,38
2022-07,sportspsychology,3,0,0,0,0,2,0,0,0,2,0,0,0,0,0,0,0
2022-07,tennis,133,20,18,13,10,24,4,3,6,28,4,1,2,1,2,6,0
2022-07,trackandfield,5,0,3,0,2,1,0,0,0,0,0,0,0,0,0,0,0
2022-07,triathlon,54,5,37,4,3,19,1,2,1,2,12,3,0,1,0,4,1
2022-07,volleyball,10,1,4,1,3,5,0,0,0,0,1,0,1,0,0,0,0
2022-07,weightroom,38,4,5,1,5,2,1,1,0,6,5,0,1,2,2,0,1
2022-07,xxfitness,276,25,82,30,33,15,53,9,0,35,72,1,8,9,3,20,18
2022-08,Basketball,2,0,1,0,0,1,0,1,0,0,0,0,0,0,0,0,0
2022-08,BasketballTips,21,0,5,0,5,8,1,0,0,6,2,0,0,0,0,0,1
2022-08,CollegeBasketball,2,1,0,1,0,0,0,0,0,0,0,0,0,0,0,0,0
2022-08,Fitness,397,109,120,38,52,14,79,18,3,58,130,9,3,13,3,16,29
2022-08,Gymnastics,31,1,8,5,4,4,6,2,0,4,2,0,1,0,3,1,2
2022-08,Rowing,16,2,4,3,0,4,0,0,0,1,5,0,0,0,0,1,1
2022-08,Swimming,51,7,28,2,6,4,3,1,0,4,15,2,0,0,0,0,1
2022-08,bodybuilding,62,16,8,3,10,2,24,1,1,5,5,1,0,2,0,0,3
2022-08,climbing,35,3,14,0,1,2,0,4,4,5,2,0,0,0,0,0,4
2022-08,crossfit,70,4,23,2,8,10,21,1,0,23,18,0,1,1,0,1,9
2022-08,nba,135,26,26,7,1,21,7,9,6,26,6,3,3,0,0,4,1
2022-08,running,531,94,161,29,54,33,34,37,3,71,278,9,9,13,9,18,31
2022-08,sportspsychology,2,0,0,0,0,2,0,0,0,0,0,0,0,0,0,0,0
2022-08,tennis,134,18,29,17,10,28,2,8,5,17,2,1,5,1,1,5,3
2022-08,trackandfield,8,0,1,2,4,1,0,0,0,1,0,0,1,0,0,1,0
2022-08,triathlon,57,3,33,7,9,20,0,1,0,1,2,0,0,0,0,1,0
2022-08,volleyball,5,1,1,2,2,2,0,0,0,0,0,0,0,0,0,0,0
2022-08,weightroom,34,0,12,1,9,3,1,1,0,3,2,0,1,2,0,3,2
2022-08,xxfitness,250,28,80,22,30,16,59,12,0,47,73,1,2,8,0,13,16
2022-09,Basketball,1,1,0,0,0,0,0,0,0,0,0,0,0,0,0,0,0
2022-09,BasketballTips,15,1,4,1,6,4,0,0,0,3,3,0,0,0,0,0,0
2022-09,CollegeBasketball,6,0,0,0,0,0,0,0,0,1,0,0,1,0,0,0,0
2022-09,Fitness,234,48,57,15,37,13,48,20,1,40,63,2,1,7,1,8,12
2022-09,Gymnastics,20,2,3,3,6,6,2,2,0,2,0,0,0,0,0,3,0
2022-09,Rowing,9,2,3,1,1,1,1,0,0,0,3,0,0,0,0,0,0
2022-09,Swimming,48,2,28,4,1,7,7,2,0,4,12,0,1,0,1,0,1
2022-09,bodybuilding,73,8,11,5,11,3,16,0,4,10,15,5,2,5,1,0,6
2022-09,climbing,41,3,14,1,1,3,3,5,5,6,6,7,0,0,3,0,5
2022-09,crossfit,79,12,29,7,14,8,5,3,0,11,19,2,0,0,1,0,4
2022-09,nba,206,31,25,7,8,22,3,8,2,46,4,5,0,0,1,3,6
2022-09,running,225,22,70,12,20,29,15,21,2,21,72,3,7,15,1,6,12
2022-09,tennis,144,19,37,10,12,49,1,2,5,26,1,1,6,3,3,1,3
2022-09,trackandfield,8,1,2,0,2,3,0,2,0,2,0,0,0,0,0,0,0
2022-09,triathlon,43,7,15,5,2,15,2,2,0,6,5,0,2,0,0,4,2
2022-09,volleyball,12,1,8,2,0,7,0,1,0,1,0,0,0,0,0,0,0
2022-09,weightroom,38,3,14,3,5,6,2,3,1,3,1,0,0,1,0,1,0
2022-09,xxfitness,407,90,117,52,54,12,67,17,0,69,183,3,3,6,11,32,28
2022-10,Basketball,3,1,1,1,0,1,0,0,0,0,0,0,0,0,0,0,0
2022-10,BasketballTips,9,0,4,0,2,7,0,0,0,1,0,0,0,0,0,1,0
2022-10,CollegeBasketball,5,1,2,0,1,0,0,0,1,0,0,1,0,0,1,0,0
2022-10,Fitness,283,40,69,24,22,5,83,12,0,37,76,3,2,3,2,14,28
2022-10,Gymnastics,42,1,9,4,2,6,11,1,1,11,0,1,0,0,3,0,0
2022-10,Rowing,23,0,11,2,4,8,1,0,1,7,3,0,0,0,0,0,0
2022-10,Swimming,64,6,25,9,6,7,7,4,0,8,28,0,0,0,2,0,2
2022-10,bodybuilding,55,10,13,1,3,1,15,1,1,8,10,3,3,1,0,1,5
2022-10,climbing,21,3,10,1,0,2,0,3,0,5,2,1,0,0,0,1,1
2022-10,crossfit,44,2,18,2,7,7,4,1,2,3,7,0,0,0,2,2,3
2022-10,nba,324,32,57,9,6,71,3,5,7,74,8,3,4,1,15,2,2
2022-10,running,295,69,104,35,27,26,28,13,5,49,169,5,0,5,9,6,16
2022-10,tennis,82,9,22,3,7,19,1,5,3,17,2,1,0,1,1,1,2
2022-10,trackandfield,9,0,7,0,3,6,0,1,0,1,0,0,0,0,0,0,0
2022-10,triathlon,55,7,26,5,8,14,5,1,0,10,20,0,1,1,1,4,1
2022-10,volleyball,6,1,2,1,0,3,1,0,1,1,1,0,0,0,0,0,0
2022-10,weightroom,40,3,17,4,5,5,3,4,1,5,5,0,0,2,0,0,1
2022-10,xxfitness,256,24,62,32,34,10,44,14,0,28,88,2,5,5,4,43,19
2022-11,Basketball,2,2,0,0,2,0,0,0,0,0,0,0,0,0,0,0,0
2022-11,BasketballTips,12,1,4,0,1,7,0,0,0,0,0,0,1,0,0,0,0
2022-11,CollegeBasketball,21,3,4,1,0,5,0,0,0,4,1,0,0,0,0,0,0
2022-11,Fitness,306,53,84,25,41,10,74,18,2,37,84,3,4,9,1,14,20
2022-11,Gymnastics,33,1,9,3,6,8,4,0,1,2,1,0,1,0,2,1,0
2022-11,Rowing,15,1,4,0,2,2,0,0,0,2,3,0,0,0,0,0,1
2022-11,Swimming,51,5,22,4,9,6,1,0,1,7,10,0,1,0,1,2,2
2022-11,bodybuilding,45,17,6,3,6,3,12,6,3,6,4,2,1,4,0,1,2
2022-11,climbing,14,2,6,2,1,1,3,1,0,0,2,1,2,0,0,0,0
2022-11,crossfit,41,6,17,2,6,3,3,2,1,3,10,1,1,0,0,0,1
2022-11,nba,239,26,40,10,4,46,2,17,3,69,3,1,3,1,9,5,3
2022-11,running,218,51,51,17,30,25,6,22,3,21,84,4,2,5,1,8,16
2022-11,sportspsychology,3,1,1,0,0,1,0,1,0,1,0,0,0,0,0,0,0
2022-11,tennis,71,6,15,2,5,22,0,0,1,19,3,0,0,1,1,16,3
2022-11,trackandfield,7,2,2,2,1,2,2,0,0,1,1,0,0,0,0,0,0
2022-11,triathlon,43,5,18,1,5,8,0,0,0,5,11,2,1,0,2,2,2
2022-11,volleyball,8,1,4,2,0,5,0,0,0,0,0,0,0,0,0,0,0
2022-11,weightroom,38,2,15,3,1,5,3,1,1,5,4,0,0,3,1,1,0
2022-11,xxfitness,239,26,69,26,21,12,34,18,0,29,71,2,6,3,8,31,13
2022-12,Basketball,3,1,1,1,0,0,0,0,0,0,0,0,0,0,0,0,0
2022-12,BasketballTips,11,0,3,0,2,4,0,1,1,1,1,0,0,0,0,0,0
2022-12,CollegeBasketball,33,1,3,2,1,5,0,0,1,9,0,0,2,1,0,0,0
2022-12,Fitness,244,41,50,9,27,10,73,15,1,34,61,4,2,6,1,9,18
2022-12,Gymnastics,16,0,2,1,1,3,5,2,0,4,0,0,0,0,2,0,2
2022-12,Rowing,18,6,3,1,3,2,0,0,1,3,7,0,0,0,0,0,1
2022-12,Swimming,44,6,18,3,9,10,1,1,0,7,12,0,0,0,3,0,2
2022-12,bodybuilding,69,17,7,3,10,0,23,1,1,9,19,3,1,0,0,2,4
2022-12,climbing,24,4,6,2,3,1,0,1,0,1,7,0,1,0,0,2,2
2022-12,crossfit,30,2,15,1,4,2,5,1,1,5,7,2,1,0,0,2,5
2022-12,nba,153,21,32,6,2,19,2,5,7,31,5,1,2,1,6,2,2
2022-12,running,242,36,69,31,32,24,12,23,2,33,131,2,1,3,2,8,7
2022-12,sportspsychology,5,0,1,1,2,2,0,0,0,0,0,0,0,0,0,1,1
2022-12,tennis,30,3,7,1,2,6,0,0,1,6,2,0,0,0,2,5,0
2022-12,trackandfield,9,0,5,1,0,4,3,1,0,2,0,0,0,0,0,0,0
2022-12,triathlon,35,2,15,3,5,4,9,0,0,7,4,0,0,0,0,1,3
2022-12,volleyball,8,0,1,0,3,4,0,0,0,2,0,0,0,0,0,0,0
2022-12,weightroom,53,4,13,3,9,8,3,2,2,5,5,0,1,1,2,2,0
2022-12,xxfitness,342,59,83,36,44,17,63,10,0,49,128,3,6,11,4,54,19
2023-01,Basketball,6,0,2,1,0,2,1,0,0,1,0,0,0,0,0,0,0
2023-01,BasketballTips,14,0,9,1,0,10,0,0,0,1,0,0,0,0,0,0,0
2023-01,CollegeBasketball,70,11,36,3,0,22,1,1,1,14,2,1,0,0,1,1,1
2023-01,Fitness,294,40,95,25,40,9,59,13,0,37,78,1,4,11,1,11,23
2023-01,Gymnastics,32,2,6,5,1,7,6,1,1,4,1,0,0,0,2,4,1
2023-01,Rowing,16,3,2,1,5,2,1,0,0,3,5,1,0,0,0,0,4
2023-01,Swimming,70,6,31,5,6,7,2,0,1,11,21,1,0,1,2,9,3
2023-01,bodybuilding,86,10,16,3,7,2,23,3,1,9,16,4,2,3,1,5,5
2023-01,climbing,45,2,17,3,0,3,4,0,2,13,14,1,0,0,0,11,3
2023-01,crossfit,40,4,10,5,8,1,4,4,0,2,10,1,0,3,0,0,1
2023-01,nba,157,28,26,7,2,35,0,7,2,37,5,1,2,3,2,4,3
2023-01,running,154,21,47,13,24,14,3,14,1,14,60,3,1,8,2,2,7
2023-01,sportspsychology,4,0,2,0,0,2,0,1,0,1,0,0,0,0,0,0,0
2023-01,tennis,104,8,41,11,6,39,3,3,3,13,1,0,1,1,3,1,0
2023-01,trackandfield,8,0,2,0,3,3,0,0,1,3,0,0,0,1,0,0,0
2023-01,triathlon,28,4,8,3,4,1,1,1,0,6,8,1,2,3,0,3,3
2023-01,volleyball,10,0,3,2,2,6,0,0,0,0,2,0,0,0,0,0,0
2023-01,weightroom,88,6,28,5,13,19,8,2,3,7,9,3,0,1,1,4,5
2023-01,xxfitness,382,41,115,37,41,17,52,18,4,47,125,2,2,19,6,42,24
2023-02,Basketball,3,0,0,0,1,0,0,1,0,0,1,0,0,0,0,0,0
2023-02,BasketballTips,2,0,0,0,0,1,0,0,0,1,0,0,0,0,0,0,0
2023-02,CollegeBasketball,53,9,22,3,0,15,0,1,1,5,0,0,0,2,2,0,0
2023-02,Fitness,279,44,66,19,45,12,73,17,3,35,68,1,2,9,2,10,22
2023-02,Gymnastics,28,2,4,0,3,3,5,1,1,6,0,0,0,0,5,1,1
2023-02,Rowing,14,1,4,1,2,2,1,0,0,3,1,0,0,0,0,0,1
2023-02,Swimming,53,5,18,8,15,5,2,1,0,11,18,0,2,0,1,3,1
2023-02,bodybuilding,46,5,9,1,0,1,21,1,1,8,9,3,1,1,1,2,2
2023-02,climbing,30,1,17,0,0,5,0,2,1,1,5,0,2,0,1,2,2
2023-02,crossfit,80,14,18,6,8,4,9,6,2,18,19,0,1,5,3,2,9
2023-02,nba,322,46,71,17,12,78,1,14,11,62,7,5,5,2,5,5,2
2023-02,running,158,27,51,12,20,15,9,19,4,18,57,4,3,4,2,8,9
2023-02,sportspsychology,4,0,0,0,0,3,0,0,0,2,0,0,0,0,0,0,0
2023-02,tennis,55,4,11,5,6,17,1,1,2,8,3,0,0,0,2,0,0
2023-02,trackandfield,8,0,3,0,0,5,0,0,1,2,0,0,0,0,0,0,0
2023-02,triathlon,46,2,9,7,13,9,1,1,0,6,11,0,2,1,0,1,2
2023-02,volleyball,6,0,2,0,1,3,0,1,0,0,0,0,1,0,0,0,0
2023-02,weightroom,48,3,12,4,5,4,3,1,1,4,9,1,1,2,0,1,0
2023-02,xxfitness,255,20,86,33,22,14,48,11,2,27,64,3,5,9,1,15,11
2023-03,Basketball,6,0,4,0,0,5,0,1,0,0,0,0,0,0,0,0,0
2023-03,BasketballTips,15,1,4,1,2,10,1,0,0,1,0,0,1,0,0,0,0
2023-03,CollegeBasketball,122,20,41,5,2,38,0,2,3,15,3,0,0,4,0,2,1
2023-03,Fitness,336,49,85,13,37,12,88,24,7,45,87,6,0,6,0,20,27
2023-03,Gymnastics,30,2,8,6,8,7,0,0,0,4,0,1,0,0,1,2,0
2023-03,Rowing,29,1,7,1,4,2,7,0,0,2,5,0,0,0,0,1,1
2023-03,Swimming,93,5,41,6,3,6,12,1,1,13,21,1,1,0,2,17,3
2023-03,bodybuilding,84,18,12,10,10,1,28,4,0,19,21,4,1,5,1,5,5
2023-03,climbing,24,3,10,2,2,2,2,4,0,2,3,0,1,0,2,2,1
2023-03,crossfit,45,5,9,3,12,3,6,2,0,3,12,1,0,0,0,2,4
2023-03,nba,504,48,58,33,10,27,5,20,9,177,13,25,3,2,8,4,20
2023-03,running,284,65,92,29,35,32,19,25,5,30,134,7,3,1,8,9,22
2023-03,sportspsychology,2,0,1,0,0,1,0,0,0,1,0,0,0,0,0,0,0
2023-03,tennis,72,7,18,5,10,22,3,2,1,9,2,0,1,0,0,1,2
2023-03,trackandfield,33,3,12,4,6,8,2,2,3,7,13,0,0,0,0,3,2
2023-03,triathlon,43,8,13,3,13,6,2,2,0,1,8,0,0,1,0,1,0
2023-03,volleyball,7,0,3,0,0,3,0,1,0,2,0,0,1,0,1,0,0
2023-03,weightroom,52,2,15,1,9,4,9,2,0,3,7,2,1,6,0,0,2
2023-03,xxfitness,294,31,93,33,37,15,46,10,1,39,78,2,0,6,4,14,18
2023-04,Basketball,32,2,10,2,5,18,0,0,0,5,0,0,0,0,0,3,1
2023-04,BasketballTips,22,2,4,1,3,8,0,2,0,5,0,0,1,0,0,0,1
2023-04,CollegeBasketball,20,2,5,1,0,5,0,0,0,2,1,0,0,1,0,0,0
2023-04,Fitness,226,21,44,11,34,8,66,17,2,29,50,1,4,11,0,16,13
2023-04,Gymnastics,31,2,9,4,5,2,3,0,0,3,1,0,1,0,0,0,0
2023-04,Rowing,22,1,7,0,6,6,0,0,0,3,6,0,0,0,1,1,2
2023-04,Swimming,31,4,15,2,2,6,2,3,0,3,6,2,1,1,0,0,0
2023-04,bodybuilding,58,6,11,3,5,5,21,1,0,6,9,0,0,3,0,2,3
2023-04,climbing,18,2,5,1,1,0,1,0,0,3,4,1,1,0,0,6,0
2023-04,crossfit,57,10,16,11,5,2,10,5,1,5,22,1,3,1,0,1,3
2023-04,nba,278,55,49,14,4,48,11,14,4,50,5,3,6,1,3,9,4
2023-04,running,139,13,62,13,23,25,4,8,2,12,41,1,2,2,0,10,6
2023-04,sportspsychology,2,0,1,0,0,2,0,0,0,0,0,0,0,0,0,0,0
2023-04,tennis,61,9,8,7,11,17,0,3,0,14,3,1,1,1,1,0,0
2023-04,trackandfield,17,0,3,2,2,4,5,0,0,4,3,0,0,0,0,0,0
2023-04,triathlon,43,4,18,1,7,13,4,1,0,4,7,2,1,1,0,2,4
2023-04,volleyball,7,0,2,2,1,2,0,0,1,2,0,0,0,0,0,2,0
2023-04,weightroom,46,6,14,3,5,3,3,5,0,3,5,1,0,2,1,1,1
2023-04,xxfitness,305,37,88,44,42,13,62,10,2,26,108,1,2,3,1,24,13
2023-05,Basketball,11,2,3,1,1,6,0,0,1,5,0,0,0,0,0,0,0
2023-05,BasketballTips,4,0,1,0,0,3,0,0,0,0,0,0,0,0,0,0,0
2023-05,CollegeBasketball,6,2,1,0,0,1,0,0,0,0,0,0,0,0,0,0,1
2023-05,Fitness,233,47,72,16,27,12,46,12,2,38,59,3,3,8,4,10,9
2023-05,Gymnastics,12,1,4,0,1,3,0,1,0,1,0,0,0,0,1,0,0
2023-05,Rowing,16,0,2,0,3,1,7,0,0,5,0,0,0,0,0,0,0
2023-05,Swimming,69,13,29,4,7,9,5,1,0,10,23,4,1,0,2,3,1
2023-05,bodybuilding,45,6,8,3,3,2,22,1,0,10,8,0,1,2,2,2,1
2023-05,climbing,19,3,13,1,0,2,0,1,1,2,2,0,0,0,0,0,1
2023-05,crossfit,69,4,9,9,36,5,3,2,0,5,15,0,2,0,0,2,1
2023-05,nba,398,51,66,16,32,61,2,7,12,91,18,11,5,0,4,7,13
2023-05,running,147,25,46,9,22,21,5,12,2,10,49,2,1,10,0,3,7
2023-05,sportspsychology,1,0,1,0,0,1,0,0,0,1,0,0,0,0,0,0,0
2023-05,tennis,77,11,13,3,12,20,0,8,1,7,2,3,1,0,0,0,1
2023-05,trackandfield,15,2,9,0,1,9,0,0,1,2,3,0,0,0,0,0,0
2023-05,triathlon,74,5,42,6,8,22,5,3,0,5,16,2,1,0,1,0,11
2023-05,volleyball,1,0,1,0,0,0,0,0,0,0,0,0,0,0,0,0,0
2023-05,weightroom,35,5,3,4,6,2,6,3,0,3,6,2,0,2,1,2,2
2023-05,xxfitness,225,27,52,17,26,7,47,9,0,23,63,1,2,6,1,14,22
2023-06,Basketball,29,3,10,0,2,11,0,6,1,5,3,0,0,0,0,1,1
2023-06,BasketballTips,21,3,4,2,2,15,1,0,0,0,0,0,0,0,0,0,0
2023-06,CollegeBasketball,2,0,0,0,0,0,0,0,0,0,0,1,0,0,0,0,0
2023-06,Fitness,171,26,53,19,15,6,45,10,1,28,34,1,1,6,0,8,8
2023-06,Gymnastics,15,0,3,1,2,1,4,0,0,4,0,0,0,0,0,1,0
2023-06,Rowing,12,2,2,0,3,0,3,0,0,5,3,0,0,0,0,1,1
2023-06,Swimming,15,0,7,1,3,2,2,0,0,2,2,0,0,1,0,1,1
2023-06,bodybuilding,44,6,5,3,3,0,15,1,0,5,4,1,0,2,2,2,5
2023-06,climbing,26,0,11,3,1,2,2,2,0,8,3,0,0,0,0,0,0
2023-06,crossfit,55,3,14,5,12,6,7,3,0,5,16,2,1,1,1,2,2
2023-06,nba,153,17,23,14,4,29,2,3,1,38,8,2,3,0,2,7,4
2023-06,running,99,8,34,11,25,11,1,10,0,1,31,2,1,1,1,3,5
2023-06,tennis,137,10,44,16,12,53,2,1,3,11,1,2,1,0,1,0,0
2023-06,trackandfield,19,0,9,1,3,7,1,0,0,1,2,2,1,0,0,1,0
2023-06,triathlon,64,5,26,6,6,19,10,0,0,8,8,0,2,1,1,1,5
2023-06,volleyball,4,0,2,0,1,1,0,1,0,0,0,0,0,0,0,0,0
2023-06,weightroom,30,1,8,4,4,5,1,2,0,6,7,1,1,1,0,0,0
2023-06,xxfitness,198,24,39,18,18,6,44,7,4,27,50,3,3,6,2,15,11
2023-07,Basketball,20,2,10,1,0,8,0,2,0,3,1,0,1,0,0,3,2
2023-07,BasketballTips,11,1,0,0,0,3,2,1,0,2,0,0,0,1,0,1,1
2023-07,CollegeBasketball,9,2,1,0,0,1,0,0,0,0,0,1,0,0,1,0,1
2023-07,Fitness,215,28,45,16,28,9,50,12,0,24,42,4,2,8,0,17,11
2023-07,Gymnastics,35,2,3,6,4,10,3,2,0,8,3,0,0,0,3,1,0
2023-07,Rowing,25,2,6,3,6,4,3,2,0,4,2,0,0,0,0,3,0
2023-07,Swimming,54,0,27,4,7,9,0,1,1,7,14,0,0,0,2,5,0
2023-07,bodybuilding,40,6,5,2,0,1,13,2,0,7,6,1,1,1,1,0,0
2023-07,climbing,21,0,11,1,1,0,5,3,0,2,3,0,1,0,0,0,4
2023-07,crossfit,83,1,30,7,10,12,8,2,3,12,18,3,2,0,1,3,9
2023-07,nba,210,32,48,12,2,34,12,12,5,44,4,7,5,1,3,8,3
2023-07,running,163,18,46,11,27,18,9,12,2,13,61,5,2,5,3,6,9
2023-07,sportspsychology,11,0,4,2,0,8,0,0,0,0,0,0,0,0,0,0,0
2023-07,tennis,147,15,41,8,13,50,2,4,5,32,1,0,1,0,1,0,1
2023-07,trackandfield,16,1,2,0,3,4,7,2,0,0,1,0,0,0,0,0,1
2023-07,triathlon,69,9,31,4,15,14,2,5,3,8,6,5,1,0,0,2,7
2023-07,volleyball,4,0,1,0,0,2,0,0,0,0,0,0,0,0,0,0,0
2023-07,weightroom,24,1,5,1,0,2,4,4,0,7,5,0,0,0,0,4,0
2023-07,xxfitness,305,34,75,20,35,4,75,20,1,36,95,3,4,10,8,16,17
2023-08,Basketball,25,2,10,1,1,11,0,1,0,4,6,0,0,0,0,0,0
2023-08,BasketballTips,17,0,5,0,4,7,0,1,0,1,0,0,1,0,0,0,2
2023-08,CollegeBasketball,4,2,1,1,0,1,0,0,0,1,0,0,0,1,0,0,0
2023-08,Fitness,193,27,42,18,32,6,45,14,1,30,40,3,0,7,1,6,11
2023-08,Gymnastics,57,0,15,8,6,11,3,3,2,11,1,0,3,0,10,0,5
2023-08,Rowing,19,0,2,1,8,3,2,0,0,4,4,0,0,0,0,2,0
2023-08,Swimming,78,5,37,9,12,7,6,4,0,6,18,0,1,1,2,1,4
2023-08,bodybuilding,62,8,15,2,7,5,14,3,1,7,10,0,2,1,0,2,2
2023-08,climbing,14,0,8,0,0,1,4,0,0,0,2,0,1,0,0,1,0
2023-08,crossfit,60,5,15,5,12,9,8,0,0,4,10,0,1,0,0,1,5
2023-08,nba,95,18,13,3,4,11,2,5,4,17,3,4,2,0,1,1,2
2023-08,running,142,14,36,10,28,8,6,12,1,19,59,2,2,5,0,8,14
2023-08,sportspsychology,5,0,1,1,0,5,0,0,0,3,0,0,0,0,1,0,0
2023-08,tennis,86,7,25,7,8,34,2,0,1,16,3,0,3,1,1,0,0
2023-08,trackandfield,12,0,5,2,2,4,1,0,0,1,0,0,0,0,0,0,0
2023-08,triathlon,99,7,60,5,13,29,1,3,0,8,14,0,0,1,1,2,3
2023-08,volleyball,2,1,0,0,1,0,0,1,0,0,1,0,0,0,0,0,0
2023-08,weightroom,25,2,7,4,2,2,1,3,0,1,4,2,0,2,0,3,3
2023-08,xxfitness,224,24,65,20,26,8,45,9,0,22,45,1,0,7,1,17,14
2023-09,Basketball,15,0,7,0,1,9,0,0,0,1,1,0,0,0,0,0,0
2023-09,BasketballTips,13,1,4,1,2,4,0,0,0,3,1,0,0,0,0,0,0
2023-09,CollegeBasketball,4,0,1,0,0,1,0,0,0,0,0,0,0,0,0,0,0
2023-09,Fitness,119,25,24,9,13,4,32,7,2,20,25,1,2,4,2,8,5
2023-09,Gymnastics,36,1,11,4,2,6,6,2,2,11,1,0,0,1,3,4,4
2023-09,Rowing,24,1,6,3,6,6,4,0,0,4,2,0,1,0,0,0,0
2023-09,Swimming,69,1,41,4,1,8,8,2,0,9,11,1,0,0,4,3,1
2023-09,bodybuilding,55,5,6,6,8,4,27,1,1,7,9,1,0,1,1,3,4
2023-09,climbing,21,1,5,3,1,1,5,4,1,1,0,0,0,1,0,1,0
2023-09,crossfit,38,1,9,3,6,5,8,0,1,1,5,1,2,0,1,8,3
2023-09,nba,107,8,12,1,4,11,2,0,2,27,2,2,1,1,7,5,0
2023-09,running,136,13,47,9,19,27,6,19,2,12,26,0,2,5,1,6,5
2023-09,sportspsychology,5,0,0,1,0,2,0,0,1,3,1,0,0,0,0,0,0
2023-09,tennis,151,17,37,11,12,44,2,3,0,35,5,0,6,1,2,7,3
2023-09,trackandfield,14,1,5,1,5,6,0,0,0,0,0,0,0,0,0,0,0
2023-09,triathlon,58,15,22,4,9,12,1,2,0,14,15,2,1,1,1,2,2
2023-09,volleyball,8,0,4,1,4,1,0,1,0,0,1,0,0,0,0,0,0
2023-09,weightroom,11,1,3,1,3,0,0,0,0,1,2,2,0,0,0,0,0
2023-09,xxfitness,220,21,70,22,27,2,43,9,1,21,54,2,6,4,1,8,8
2023-10,Basketball,19,1,6,1,3,9,0,0,0,2,1,0,0,0,0,1,0
2023-10,BasketballTips,5,0,3,0,0,4,0,0,0,1,0,0,0,0,0,0,0
2023-10,CollegeBasketball,23,0,1,1,6,2,0,0,0,4,1,1,0,0,0,0,0
2023-10,Fitness,131,23,35,12,19,10,29,8,0,18,35,0,2,2,0,2,7
2023-10,Gymnastics,70,5,24,9,6,12,5,2,4,11,3,0,2,2,4,2,1
2023-10,Rowing,5,0,1,0,2,0,0,0,0,1,1,0,0,0,0,1,0
2023-10,Swimming,95,17,42,6,6,19,4,3,4,15,31,0,0,0,1,2,2
2023-10,bodybuilding,56,8,2,2,4,4,24,3,0,10,9,0,1,3,0,2,3
2023-10,climbing,24,4,7,2,1,0,1,4,2,4,4,1,0,0,2,0,2
2023-10,crossfit,60,9,10,4,11,2,13,1,0,8,15,4,1,4,1,3,8
2023-10,nba,165,17,20,8,3,17,4,7,1,52,4,1,1,0,2,0,8
2023-10,running,147,9,57,5,30,29,12,9,7,11,21,1,2,7,2,1,7
2023-10,sportspsychology,2,0,1,0,0,2,0,0,0,1,0,0,0,0,0,0,0
2023-10,tennis,46,0,5,5,8,11,2,1,1,7,0,0,2,0,2,2,1
2023-10,trackandfield,22,0,10,2,3,11,1,0,0,2,3,0,0,0,0,0,0
2023-10,triathlon,68,2,38,9,9,22,3,1,1,5,10,1,0,1,0,4,3
2023-10,volleyball,11,0,3,0,0,8,0,0,0,1,0,0,0,0,0,0,0
2023-10,weightroom,9,0,4,0,0,3,2,0,0,3,1,0,0,0,0,0,0
2023-10,xxfitness,181,16,38,11,34,5,31,3,2,14,44,0,0,2,2,17,5
2023-11,Basketball,22,0,9,4,3,14,0,1,0,2,0,1,0,1,0,0,0
2023-11,BasketballTips,16,1,7,2,1,5,0,1,0,3,0,0,0,0,0,1,1
2023-11,CollegeBasketball,48,4,6,3,0,10,0,1,0,8,2,0,0,0,0,1,3
2023-11,Fitness,108,26,21,10,20,4,23,7,2,11,33,0,2,2,1,6,9
2023-11,Gymnastics,27,0,8,4,0,4,7,0,0,7,2,0,0,0,8,0,4
2023-11,Rowing,19,2,3,0,2,2,3,1,0,6,4,0,0,0,0,6,0
2023-11,Swimming,83,8,36,8,10,9,3,4,0,14,23,0,0,0,5,6,3
2023-11,bodybuilding,47,1,4,3,4,2,25,1,0,3,2,2,1,0,0,3,4
2023-11,climbing,19,0,9,0,0,1,7,0,1,3,2,0,0,0,0,0,2
2023-11,crossfit,49,10,10,2,12,4,3,3,0,5,20,4,2,0,2,1,3
2023-11,nba,148,29,17,4,1,19,1,7,5,44,1,1,2,1,5,1,3
2023-11,running,213,24,85,24,26,30,19,19,5,19,84,2,1,6,2,8,8
2023-11,sportspsychology,2,0,0,0,0,1,0,0,0,1,0,0,0,0,0,0,0
2023-11,tennis,49,3,9,6,4,12,0,0,9,14,2,1,0,0,1,0,0
2023-11,trackandfield,9,4,2,0,0,2,1,1,1,1,2,0,1,0,0,0,0
2023-11,triathlon,34,2,17,1,4,4,4,0,0,2,5,0,1,2,0,1,1
2023-11,volleyball,8,0,3,0,2,2,0,0,0,2,1,0,0,0,0,0,0
2023-11,weightroom,8,0,1,0,2,0,0,0,0,1,1,0,0,0,0,0,0
2023-11,xxfitness,171,21,41,15,15,4,28,2,2,19,55,2,3,4,0,13,4
2023-12,Basketball,29,2,7,1,1,13,0,2,0,5,2,0,0,0,0,1,1
2023-12,BasketballTips,12,0,4,1,0,7,0,1,0,4,1,0,0,0,0,0,1
2023-12,CollegeBasketball,27,2,7,1,1,9,0,0,0,4,1,1,0,0,0,0,0
2023-12,Fitness,117,16,29,4,9,2,28,7,0,10,24,1,1,2,0,12,10
2023-12,Gymnastics,12,1,1,0,1,1,0,0,1,5,0,0,1,0,0,0,0
2023-12,Rowing,8,0,1,0,3,0,1,0,1,0,2,0,0,0,0,0,1
2023-12,Swimming,79,6,41,4,10,7,3,2,0,14,17,1,1,0,4,2,1
2023-12,bodybuilding,19,1,4,0,1,2,6,1,0,2,3,0,0,0,0,0,1
2023-12,climbing,13,1,6,2,0,2,1,1,0,2,4,0,1,0,0,0,1
2023-12,crossfit,69,25,20,3,11,0,5,2,2,15,36,3,0,1,3,2,3
2023-12,nba,304,31,15,9,14,10,9,9,3,160,10,5,3,1,13,2,16
2023-12,running,248,48,77,20,30,18,13,13,0,29,153,8,3,6,4,8,18
2023-12,sportspsychology,1,0,0,0,0,0,0,1,0,1,0,0,0,0,1,0,0
2023-12,tennis,26,2,5,1,3,5,0,2,2,9,2,1,0,0,0,1,1
2023-12,trackandfield,8,1,3,0,2,4,1,0,1,1,0,0,0,0,0,0,0
2023-12,triathlon,46,6,14,3,14,7,0,3,2,7,11,1,0,0,0,11,2
2023-12,volleyball,14,0,5,1,3,9,0,1,0,2,0,0,0,0,0,2,1
2023-12,weightroom,8,2,2,0,1,2,0,0,0,0,0,0,0,0,0,1,0
2023-12,xxfitness,249,24,66,25,25,10,63,13,0,24,68,8,2,5,3,21,17
