month,n,depression,depression__lo,depression__hi,anxiety,anxiety__lo,anxiety__hi,stress_pressure,stress_pressure__lo,stress_pressure__hi,burnout_motivation,burnout_motivation__lo,burnout_motivation__hi,performance_psych,performance_psych__lo,performance_psych__hi,body_image_eating,body_image_eating__lo,body_image_eating__hi,injury_distress,injury_distress__lo,injury_distress__hi,self_harm_suicide,self_harm_suicide__lo,self_harm_suicide__hi,help_seeking,help_seeking__lo,help_seeking__hi,exercise_coping,exercise_coping__lo,exercise_coping__hi,substance_use,substance_use__lo,substance_use__hi,loneliness_isolation,loneliness_isolation__lo,loneliness_isolation__hi,sleep,sleep__lo,sleep__hi,trauma_ptsd,trauma_ptsd__lo,trauma_ptsd__hi,adhd_neurodivergence,adhd_neurodivergence__lo,adhd_neurodivergence__hi,exercise_dependence,exercise_dependence__lo,exercise_dependence__hi
2018-01,1739,0.24324324324324326,0.2236581718645795,0.2639602095190184,0.3070730304772858,0.2858374383288786,0.32915912819787857,0.06497987349051179,0.05432659879725253,0.07755090515950407,0.09603220241518114,0.08306114378558233,0.11078412591649503,0.09718228867165038,0.08413527813478246,0.11200509400230678,0.15813686026451984,0.14174355674922337,0.17603724444349547,0.04945370902817711,0.04021929170167808,0.06067432938241815,0.025301897642323174,0.018901452415160783,0.03379501753368598,0.12075905692926969,0.10627394387676395,0.1369160281780688,0.27314548591144333,0.2527202121108066,0.2945708325831001,0.017826336975273145,0.012586594823665628,0.025191709297603913,0.017251293847038527,0.01211038928764693,0.02452036361611667,0.030477285796434734,0.02337574247121572,0.03964868843518449,0.006900517538815411,0.003951746719452956,0.012023084269203727,0.01667625071880391,0.011635861809412883,0.02384733987684478,0.04542840713053479,0.036602407870438385,0.056258354691116265
2018-02,1786,0.2704367301231803,0.25034508155443347,0.2915138181381428,0.2989921612541993,0.2782092312989826,0.32063795160256586,0.07446808510638298,0.06318448691466905,0.08757835153986235,0.07838745800671892,0.06680733737849923,0.09177742230079305,0.083986562150056,0.07199843792112619,0.09776049493639598,0.16517357222844345,0.14867370497973187,0.1831107389621231,0.0425531914893617,0.03413231955504656,0.05293773178357469,0.020156774916013438,0.014594877451558002,0.02777848117414385,0.10638297872340426,0.0929184985554829,0.12153712701495864,0.24076147816349383,0.22150249868411925,0.2611332831638387,0.010638297872340425,0.006821020065922762,0.016556244156788344,0.017357222844344905,0.012254658930619639,0.02453161310596729,0.02631578947368421,0.019847170845986337,0.034817778275768346,0.011758118701007838,0.007703277179062223,0.017908821679294855,0.015117581187010079,0.010410260953422283,0.02190634181187271,0.060470324748040316,0.05033078214337313,0.07249662336558364
2018-03,2258,0.2178919397697077,0.20135141408286525,0.23539075212364538,0.3383525243578388,0.3191256605765011,0.3581284848950475,0.07794508414526129,0.06759033047595564,0.08973350687852577,0.06687333923826395,0.057287837053956944,0.07793011985337027,0.08370239149689991,0.07297424239813192,0.09584465278886971,0.17891939769707707,0.16365934236315569,0.19527012466937219,0.049601417183348095,0.04138577383876586,0.05934700957100077,0.01550044286979628,0.011166240092874188,0.021480431539657466,0.1341895482728078,0.12074972865702784,0.14887198136899696,0.1771479185119575,0.16195217695042724,0.19344034921055592,0.014614703277236492,0.010425215454948462,0.020452985741810852,0.023914968999114262,0.018375297282304057,0.0310718434900648,0.01948627103631532,0.014547624306738543,0.026057164286768627,0.011071744906997343,0.007510568724093871,0.016293750729576097,0.024357838795394153,0.018761374396476745,0.03157000159377828,0.04561558901682905,0.03775386326347767,0.05502080318531344
2018-04,2010,0.263681592039801,0.24488219151977722,0.28338259355567275,0.2751243781094527,0.25604391453154834,0.2950627862139324,0.08606965174129354,0.07458415469838911,0.09913437410745146,0.09353233830845771,0.0815666372816578,0.1070487930481159,0.07761194029850746,0.06670397825498153,0.09013139549040144,0.20049751243781094,0.1835728134376121,0.218564872068537,0.06069651741293532,0.051072261590958914,0.07199680203350889,0.023880597014925373,0.0180589369307374,0.031518745842326786,0.12736318407960198,0.11349598818760014,0.14265206238400394,0.2930348258706468,0.2735463682552615,0.31331289614765884,0.014925373134328358,0.010474559507830529,0.021226841436513856,0.01890547263681592,0.01380453082373435,0.025841884266707724,0.022388059701492536,0.016773711233367634,0.029824591234909915,0.00945273631840796,0.006059851293577087,0.014717155199882974,0.024875621890547265,0.018919480812873042,0.03264445549671557,0.07512437810945273,0.06439371985806137,0.08747602004601053
2018-05,2355,0.22802547770700637,0.2115309494078468,0.2454058792456754,0.354140127388535,0.3350759415697307,0.3736794068182238,0.06878980891719745,0.05925403874222372,0.07973011347893431,0.07558386411889596,0.06558538458965255,0.0869647484926197,0.09681528662420383,0.0855203849738159,0.10942343829943826,0.15753715498938428,0.14338241006247754,0.1728073671569848,0.03821656050955414,0.031195180005646597,0.04674205834049755,0.018259023354564755,0.013583809301909309,0.02450336026471187,0.11847133757961784,0.10603627989921177,0.1321491073688439,0.2178343949044586,0.2016297291565767,0.2349581282052742,0.018259023354564755,0.013583809301909309,0.02450336026471187,0.01910828025477707,0.014311279935693262,0.025471637238567192,0.01910828025477707,0.014311279935693262,0.025471637238567192,0.009341825902335456,0.006177266524081702,0.014104553162327088,0.016985138004246284,0.012498171655768414,0.023045376499393852,0.05435244161358811,0.0459003269770606,0.06425611591422978
2018-06,2147,0.21658127619934792,0.19967171242287463,0.23450326354932155,0.30135072193758733,0.2823105062455083,0.3211005492222678,0.0703306939916162,0.06026432051305246,0.08193192490083577,0.09315323707498836,0.08157505005776136,0.10618475522032142,0.10666045645086167,0.09429855980480482,0.12042743396433188,0.17792268281322776,0.16232463876345543,0.19467124601020713,0.04145319049836982,0.03380810798800739,0.050736286169144856,0.02142524452724732,0.016101171447286587,0.0284588742576133,0.13274336283185842,0.11904488504350781,0.14775374857042273,0.25710293432696785,0.23906155724118014,0.27601198420417783,0.020027945971122497,0.014902726440762917,0.026867713558165876,0.019096413600372612,0.014107755538881196,0.025802947322733534,0.02375407545412203,0.018112953930161324,0.03109643461802373,0.005123428039124359,0.002863233589110903,0.009151412212792871,0.02701443875174662,0.020955576796161987,0.03476289173262228,0.08011178388448999,0.06936450540275288,0.09235897995293302
2018-07,2149,0.22335970218706375,0.20625251256400126,0.24145418355335355,0.31316891577477896,0.29390811833691394,0.3330964880400717,0.06561191251744998,0.055899007553853325,0.07687508971368368,0.09306654257794322,0.081498681935484,0.10608669359795049,0.07584923220102373,0.0653965225362488,0.08781567849145337,0.18334108887854816,0.167550803108819,0.20026148740061742,0.04234527687296417,0.03461620103042641,0.05170766041855339,0.023266635644485806,0.01769273716844805,0.030541930909314837,0.10190786412284783,0.08981899060813409,0.11541747453635212,0.2415076779897627,0.2238833620119329,0.2600545180438965,0.020009306654257795,0.014888826163078545,0.02684280890008634,0.015355979525360632,0.010954976900039968,0.021486610999413475,0.02419730107026524,0.018500003308461344,0.03159267420204384,0.010702652396463471,0.007142251196971636,0.01600928953877037,0.023266635644485806,0.01769273716844805,0.030541930909314837,0.0693345742205677,0.05934503972241873,0.08086109527608742
2018-08,2210,0.25429864253393664,0.23657998932544416,0.2728700092652409,0.3167420814479638,0.29767862256193384,0.33644154213277605,0.06470588235294118,0.05518567619422986,0.07573678908061186,0.09592760180995476,0.08434124837427241,0.10891629995258169,0.067420814479638,0.057699174783629154,0.07864373249573536,0.14615384615384616,0.13203946622191765,0.16149625918860855,0.04524886877828054,0.037343814175470946,0.05473215006695724,0.016289592760180997,0.011789405026808353,0.02246851116737646,0.13981900452488688,0.1259840603334476,0.15490396706652537,0.2981900452488688,0.2794806972277209,0.317599780436083,0.021266968325791856,0.016030647448014773,0.028164745754461866,0.019909502262443438,0.014864283950571076,0.02662088824964415,0.02760180995475113,0.02154794610611021,0.03529514510691967,0.008144796380090498,0.005158149271869459,0.012838440908746897,0.02171945701357466,0.01642084264528887,0.028677957557941572,0.07149321266968325,0.06147838888410172,0.08299518140204702
2018-09,1800,0.22444444444444445,0.20576848980287987,0.2442940877538191,0.3211111111111111,0.2999418638577319,0.34304230947544767,0.07222222222222222,0.06115278832494826,0.08511371312395945,0.10833333333333334,0.09480024951128149,0.12353466415297817,0.07,0.05910557092841946,0.08272595130723583,0.20277777777777778,0.18484515106830848,0.2219763791591793,0.043333333333333335,0.034859574266144784,0.053752197410481366,0.01888888888888889,0.013548186888937195,0.02627881344191226,0.10222222222222223,0.0890634991298804,0.11707522169793508,0.25722222222222224,0.23756102505254814,0.2779174958996242,0.015,0.010329136116327839,0.021736650591329863,0.02666666666666667,0.020171840394945864,0.035177587182287084,0.02666666666666667,0.020171840394945864,0.035177587182287084,0.010555555555555556,0.006767888528503037,0.01642793975264981,0.021666666666666667,0.015889703445336044,0.029481020902078943,0.05277777777777778,0.04336804710340271,0.06409238622954624
2018-10,1718,0.22060535506402795,0.20163277454134457,0.24082465011374574,0.2939464493597206,0.27288274480995184,0.31592960587317725,0.07741559953434225,0.06569985469883811,0.09101700009198584,0.09720605355064028,0.08408323279620764,0.11212622108154746,0.10710128055878929,0.09334470207052906,0.12261105135069159,0.19557625145518046,0.17750787308776464,0.21500302919267752,0.06053550640279395,0.05020908918622018,0.0728229016775155,0.014551804423748545,0.009875795123553952,0.021393980214665313,0.1210710128055879,0.10648490362770928,0.13734797856075684,0.270081490104773,0.2496159846586205,0.2915729377137976,0.02037252619324796,0.014684498425761444,0.02820074723214344,0.020954598370197905,0.015173983319557641,0.028872809370315812,0.03841676367869616,0.030309894149016595,0.04858330949991373,0.009313154831199068,0.005740637162586226,0.015075214887915984,0.018626309662398137,0.013224458344910376,0.02617614621708882,0.06228172293364377,0.051801615182400604,0.07471501677724075
2018-11,2070,0.1932367149758454,0.17680183708915134,0.21080809416114274,0.3115942028985507,0.292006575847426,0.3318798386212585,0.06135265700483092,0.05180482286273844,0.07252559851563489,0.0821256038647343,0.07105757011575779,0.09474178505196572,0.1681159420289855,0.15262350236058977,0.18483795081886226,0.14589371980676327,0.13134255044517204,0.16175678751776587,0.05603864734299517,0.046927989617102164,0.06679409986166997,0.01642512077294686,0.011777552481250508,0.022864244655039938,0.12753623188405797,0.11385278033988384,0.14259959287897717,0.257487922705314,0.2391127092084103,0.2767615986461528,0.013043478260869565,0.008979599985331817,0.018911440487576044,0.016908212560386472,0.01218240717947405,0.023423783765871047,0.026570048309178744,0.02046993360765296,0.03442413351878524,0.007246376811594203,0.004396293821955197,0.011922020942296805,0.014009661835748793,0.009771968415692538,0.020047859675324634,0.058454106280193235,0.04914185793541695,0.06940220058862845
2018-12,1768,0.207579185520362,0.18931770839168077,0.22710868096502018,0.27601809954751133,0.2556830668934748,0.29732438027336,0.07861990950226244,0.06696800565932154,0.09209903509646608,0.10520361990950226,0.09174763042508466,0.12037155675282107,0.11481900452488687,0.10078612445261609,0.13052213696307702,0.16798642533936653,0.1512835181882261,0.18612903607170322,0.0582579185520362,0.04826716255242667,0.07016419158216414,0.015271493212669683,0.010516455879455072,0.022128448721497967,0.11877828054298642,0.10451766406628646,0.13469198085908382,0.2528280542986425,0.23311891272361,0.2736090024579728,0.015271493212669683,0.010516455879455072,0.022128448721497967,0.015271493212669683,0.010516455879455072,0.022128448721497967,0.02771493212669683,0.0210270386649426,0.03645078553785295,0.010746606334841629,0.006890570341608673,0.01672418167685618,0.019230769230769232,0.013793968840168525,0.02675231927046168,0.06334841628959276,0.05291341121346232,0.07567686457642767
2019-01,1864,0.2092274678111588,0.1913690036112164,0.2282819989149079,0.30472103004291845,0.28424426296905714,0.3260010597606646,0.07832618025751073,0.06697754161664662,0.091409336585445,0.09763948497854077,0.08498025293947234,0.11195379114649295,0.07725321888412018,0.06598313978838966,0.09026222919793123,0.1636266094420601,0.14752721819338427,0.18110964266248275,0.04452789699570815,0.036063583316452756,0.05486575458885997,0.015021459227467811,0.010413067093497163,0.021624767378119702,0.1255364806866953,0.11126096964569099,0.14135231405031412,0.2623390557939914,0.24287172848724398,0.2827839802195328,0.02092274678111588,0.015342822853609592,0.028473312304746444,0.02145922746781116,0.015798380220885196,0.029088509545356214,0.028433476394849784,0.02180353595632166,0.03700316371242968,0.009656652360515022,0.006116940636327021,0.015213347756436048,0.0203862660944206,0.014888339051269246,0.02785704149920141,0.06437768240343347,0.05410740046899238,0.07643985792807939
2019-02,1795,0.22172701949860724,0.20311503436895267,0.24152756228880756,0.29526462395543174,0.27461694616712673,0.3167867660885828,0.08133704735376045,0.06956725573716384,0.09489502932451142,0.10027855153203342,0.08722506997627645,0.11503932061820392,0.08746518105849582,0.07526074416525436,0.10143163386291668,0.17604456824512535,0.15912240417231338,0.19435040855338748,0.05905292479108635,0.04906059682191115,0.07092862290705221,0.015041782729805013,0.010357963721172949,0.021796951975684407,0.12311977715877437,0.10871906381299923,0.13913021874751083,0.2584958217270195,0.23877280146219082,0.27925035299454415,0.019498607242339833,0.01405311751686299,0.026996411246536744,0.017270194986072424,0.012193083982652895,0.024409138247475648,0.020055710306406686,0.014521526794146002,0.02763982860257153,0.006685236768802228,0.003828332140895508,0.011649184056194885,0.010027855153203343,0.006352414268420491,0.015796061728576692,0.06518105849582173,0.05466459154930418,0.07755472114615497
2019-03,2092,0.21749521988527726,0.20034323519591,0.2356828461644371,0.3025812619502868,0.2832724980527743,0.32261374831240885,0.07839388145315487,0.06763299637582512,0.09070034331931212,0.09273422562141491,0.08103995495618227,0.10592150243639928,0.08604206500956023,0.07477096385130708,0.09883070528246712,0.17065009560229447,0.15513605267811892,0.18737151087057674,0.06118546845124283,0.05169729458830815,0.07228230386989594,0.017208413001912046,0.012455736792289646,0.02373096739375189,0.12045889101338432,0.107201664360772,0.13510748724686855,0.25047801147227533,0.23237931488945204,0.26949143717501695,0.014818355640535373,0.010458875930837868,0.020956475305629618,0.027246653919694074,0.021089501787030722,0.03513688478722183,0.02581261950286807,0.019837246461301524,0.0335263283432066,0.0124282982791587,0.008495386741189295,0.01814861154570414,0.017208413001912046,0.012455736792289646,0.02373096739375189,0.05688336520076482,0.04774601643509717,0.06764514671387363
2019-04,1909,0.19119958093242537,0.17418580688379368,0.20945369572844566,0.31901519119958094,0.29848778818674515,0.3402695454053306,0.06862231534834992,0.058126047677478046,0.08085127276557381,0.10948140387637506,0.09625081213643016,0.12428056902968418,0.08800419067574647,0.07610874250342078,0.10155447853903252,0.19067574646411733,0.17368143544916684,0.20891250228200756,0.060764798323729705,0.05090458116223465,0.07238926606484365,0.023048716605552647,0.017213957155227447,0.030799218635177785,0.12414876898899947,0.11010676594252526,0.1397004318934064,0.25196437925615506,0.23300041963513868,0.2719246091806294,0.011524358302776323,0.00762272364573096,0.017388024761246387,0.018334206390780514,0.013212076772362281,0.025391015088458813,0.024096385542168676,0.0181138053069388,0.03199050024559624,0.011000523834468309,0.007206190323172018,0.016758993202740425,0.014143530644316397,0.009738291535708597,0.02050028127659327,0.06547930853850184,0.05523197250993748,0.07747195864672497
2019-05,1901,0.1988427143608627,0.1815155633752102,0.2173845866425131,0.3150973172014729,0.29460452879707777,0.33633591265485185,0.07417148869016307,0.0632307768722926,0.08682978459381567,0.09363492898474488,0.081346130653054,0.10756280539706169,0.10310362966859547,0.09022428105055044,0.1175838642566499,0.15781167806417676,0.14211528474177001,0.1748882918285863,0.05102577590741715,0.04200776426545619,0.06185473012777841,0.019989479221462388,0.014597889959859146,0.027317196312931197,0.126775381378222,0.11256719409756492,0.14248897435234714,0.24723829563387692,0.228367617973656,0.2671284904691668,0.015255128879537085,0.010642369212705343,0.021823112431542654,0.015781167806417674,0.011076332813172902,0.02243910490091314,0.035244608100999476,0.027848052855357724,0.04451575944273574,0.010520778537611783,0.006820818299169297,0.016195058716536367,0.014203051025775907,0.009779348089813223,0.02058622141475871,0.05102577590741715,0.04200776426545619,0.06185473012777841
2019-06,1855,0.18436657681940702,0.16737799082453925,0.2026597789348636,0.32183288409703503,0.3009596674607732,0.34344252366729267,0.07493261455525606,0.0638099147678834,0.08781225680391698,0.11374663072776281,0.10008894949104097,0.12900082340838198,0.08571428571428572,0.07381539776438785,0.09932555195397437,0.17196765498652292,0.15547754499842023,0.18981362989243653,0.05660377358490566,0.04697502665155498,0.06806522207109035,0.01509433962264151,0.01046368569017283,0.021729267168209505,0.11212938005390835,0.0985646251764922,0.12729733100094645,0.25067385444743934,0.23147973193296234,0.2708985234277955,0.029649595687331536,0.02284966172276877,0.03839364163347201,0.011859838274932614,0.007844983077577677,0.017892336336836113,0.022641509433962263,0.016793856082022614,0.030462241478952982,0.010242587601078167,0.006566932876625929,0.01594256981580359,0.015633423180592992,0.010906796265767228,0.022362095499943207,0.05822102425876011,0.04844986200666277,0.06981820343796681
2019-07,2111,0.19753671245855045,0.18110834499702969,0.21506392625014079,0.319753671245855,0.30020106265021834,0.3399611130890899,0.0876361913784936,0.07631044177651986,0.10046005488857315,0.11084793936522976,0.09815577611693942,0.12495388845557513,0.09142586451918522,0.07986186177996313,0.10447421331899462,0.16106110847939364,0.14599799174801747,0.17735558707320487,0.05968735196589294,0.05035850022556229,0.07061585548977828,0.02036949313121743,0.015157445608537419,0.027324033855456474,0.12837517764092846,0.11477744592758103,0.1433230189015579,0.2472761724301279,0.22934186909818452,0.2661286190934606,0.016106110847939364,0.011548366637195804,0.02242183708870026,0.018948365703458078,0.013945885515212936,0.02569850203608168,0.026527711984841308,0.020484956358201543,0.03429058806082255,0.011369019422074847,0.00765174754719154,0.016861483136373603,0.018000947418285174,0.013142682946355287,0.024610309996473144,0.060161061108479394,0.05079409827459278,0.07112595474498087
2019-08,1822,0.18551042810098792,0.1683298409813867,0.20401439742352206,0.29637760702524696,0.2758548820220252,0.3177571815874359,0.0867178924259056,0.07464952470239024,0.10052536451034323,0.10702524698133918,0.09364762824971758,0.12205651607474081,0.0867178924259056,0.07464952470239024,0.10052536451034323,0.16630076838638858,0.1499089046930832,0.18409684914668034,0.05653128430296377,0.046830001742307684,0.06809869743948334,0.010976948408342482,0.007117014667562993,0.01689470683116943,0.14434687156970363,0.12895736596304386,0.16123297694512523,0.27826564215148186,0.25817067327643084,0.2992936763144647,0.017014270032930844,0.012012016722647977,0.02404894278227293,0.014818880351262349,0.01020417789723472,0.02147524051452674,0.02305159165751921,0.01709881227775699,0.03101138523335241,0.014270032930845226,0.009756641263959552,0.020827391874512047,0.027442371020856202,0.020877323816465065,0.035995955880963236,0.070801317233809,0.05990454788565388,0.08350416840167357
2019-09,1408,0.17542613636363635,0.1564504101232369,0.19616818391734103,0.3068181818181818,0.2832818742096233,0.33140577913619124,0.08522727272727272,0.07174725366686177,0.10096447263444569,0.09872159090909091,0.08421559265203263,0.11541133433467754,0.10724431818181818,0.09213717625500581,0.12448882484880075,0.17116477272727273,0.15239179716432566,0.1917272598177041,0.052556818181818184,0.042070773492070064,0.06547783536036779,0.014204545454545454,0.009213811878164996,0.02183896344733894,0.14914772727272727,0.1314956263067333,0.16870915587279736,0.2528409090909091,0.2308312722900951,0.27619557831410874,0.020596590909090908,0.014378387260166926,0.029423693653159336,0.013494318181818182,0.008655728391050091,0.020980457424695814,0.032670454545454544,0.024582109387032036,0.04330199319218081,0.014204545454545454,0.009213811878164996,0.02183896344733894,0.0234375,0.016736726830414397,0.03273171212194401,0.06960227272727272,0.0574475956470813,0.0840991614395494
2019-10,1751,0.1684751570531125,0.1516736016277667,0.18672822335746272,0.3163906339234723,0.2950291681369516,0.33855599419336907,0.08794974300399772,0.07556965280720092,0.10213390744575866,0.1182181610508281,0.10392447541356514,0.1341833971146448,0.07709880068532267,0.06550961452705284,0.09053956962723206,0.1553398058252427,0.13912948878825773,0.1730591440775234,0.05311250713877784,0.04355266150225755,0.06462895443390443,0.013135351227869789,0.008768541915824248,0.019633793656799514,0.12450028555111364,0.10985323333787272,0.14079138324746465,0.28897772701313534,0.2682261083607138,0.3106532617203236,0.022844089091947458,0.016820576447793945,0.030956727213117666,0.01770416904625928,0.012500147491561982,0.025019820122608998,0.028555111364934323,0.02172642324846467,0.037447920464380974,0.0074243289548829245,0.00434391892341641,0.012661376597273321,0.020559680182752713,0.01488731543759023,0.02833117220254777,0.06510565391205025,0.054475265719223655,0.07764013432599981
2019-11,1642,0.20036540803897684,0.18171380894163378,0.2204157763112848,0.2844092570036541,0.2631111925718706,0.3067137529149854,0.06455542021924482,0.053656005466897624,0.07748759911813656,0.0925700365408039,0.07948632876050234,0.10755572923584432,0.09987819732034105,0.08629607136798349,0.11532819186609687,0.1735688185140073,0.15601699280704737,0.192644506574181,0.05054811205846529,0.040961295761200125,0.06223308211817781,0.015834348355663823,0.010828389730265245,0.02310051326987765,0.1248477466504263,0.10972980332896784,0.14171699446736927,0.27649208282582216,0.25539896024313086,0.29862859623618027,0.01705237515225335,0.011823979108519518,0.024535291431245665,0.020706455542021926,0.014855090364967245,0.028795282793664785,0.0194884287454324,0.013838012050601454,0.02738199356840829,0.011571254567600487,0.007420188221305898,0.018002428390159017,0.027405602923264313,0.020544286768254268,0.03647310785830032,0.06577344701583435,0.05476812833007348,0.07880584379458298
2019-12,1527,0.20497707924034053,0.18548144884821352,0.22595341155798396,0.32154551407989523,0.2985913892498014,0.34539529101809835,0.0779305828421742,0.06551957124827432,0.09245993492662977,0.10609037328094302,0.09162044350278416,0.12253731129039626,0.0733464309102816,0.06131341194205047,0.08752079794615746,0.17354289456450556,0.1553728242394405,0.19335143305798336,0.06614276358873608,0.0547339142545767,0.07972911575453724,0.021611001964636542,0.01542900209902001,0.03019400683933128,0.13425016371971185,0.11806505872159412,0.1522709446898627,0.33529796987557303,0.312058285049433,0.35936428407855514,0.01899148657498363,0.01325518608178115,0.027141939264172344,0.0137524557956778,0.009012335594817528,0.020933022566340363,0.02226588081204977,0.01597683705396748,0.030952642782483258,0.012442698100851343,0.007979994332985841,0.019352422031973147,0.014407334643091027,0.00953339393851884,0.021718435120738497,0.07072691552062868,0.058916402442149386,0.08469192385366073
2020-01,1996,0.18286573146292584,0.16652172970083345,0.20042813272827092,0.3351703406813627,0.3147952260069735,0.35617871512916444,0.07765531062124248,0.06670879415141469,0.09022443496033096,0.0746492985971944,0.06391818197395419,0.08701457190015266,0.08316633266533066,0.07183802875648071,0.09609607162426947,0.1628256513026052,0.14727855966466438,0.17966813451351457,0.045090180360721446,0.03682762009480129,0.05510046060919047,0.018537074148296594,0.013478286308227162,0.02544559646328835,0.12374749498997996,0.11001968672296168,0.13892082936591257,0.28707414829659317,0.26765101493137855,0.3073153224025382,0.02655310621242485,0.020357648653349186,0.03456750141853651,0.019539078156312624,0.014325891183506755,0.026598150000555026,0.023547094188376753,0.017753730321804932,0.031170944512441942,0.01002004008016032,0.006495726533789691,0.015426809731082486,0.015531062124248497,0.01096287111422239,0.021960536419654293,0.07565130260521043,0.06484780010802155,0.08808511217863157
2020-02,1678,0.18831942789034564,0.17033234502241548,0.20773036908811668,0.28843861740166865,0.2672645460789061,0.31057916999994456,0.07210965435041716,0.06068588654082626,0.08548816457076473,0.0935637663885578,0.08054291180263218,0.10844135401645563,0.08402860548271752,0.07168552951309329,0.09827197421377373,0.18831942789034564,0.17033234502241548,0.20773036908811668,0.04946364719904649,0.04007864390807922,0.060906847234487346,0.01966626936829559,0.014037264921864022,0.027489594682512504,0.15971394517282478,0.1429654862709951,0.17801694156287462,0.2628128724672229,0.24231106325217117,0.28439822970383605,0.010727056019070322,0.00679602267426408,0.01689324746865544,0.020858164481525627,0.015035414939848033,0.028869789926056103,0.02026221692491061,0.014535612011872517,0.028180420223267822,0.017878426698450536,0.012551617485075689,0.02540772422700944,0.023837902264600714,0.0175543314811656,0.03229673653855754,0.06734207389749702,0.056312084571789406,0.0803485854936912
2020-03,1765,0.19943342776203965,0.18145349495011215,0.21871891166899948,0.3031161473087819,0.2821206160155766,0.3249668699413345,0.0906515580736544,0.0781308300689865,0.10495034576948317,0.09745042492917846,0.08447607997083725,0.11217329779142252,0.058356940509915016,0.04834959582192337,0.0702826208785432,0.15410764872521246,0.13801608853613992,0.17170163859103757,0.04589235127478754,0.03707714267927502,0.05668003716090966,0.018130311614730877,0.012871524900648168,0.02548216375072683,0.11274787535410764,0.0988252183893006,0.12835261370148693,0.3240793201133145,0.30264656202665785,0.3462762131952728,0.018130311614730877,0.012871524900648168,0.02548216375072683,0.040793201133144476,0.03251819481717534,0.05106283358016675,0.0226628895184136,0.016686810681576306,0.030712345918992114,0.01643059490084986,0.01146410067447044,0.023497537495957035,0.019830028328611898,0.014292544041900872,0.02745319509042166,0.07252124645892351,0.06132766793631518,0.08557163610538081
2020-04,1715,0.18425655976676386,0.16662018557836888,0.20330430310051817,0.2909620991253644,0.2699512968800447,0.31290729811788875,0.09912536443148688,0.08586551921067676,0.1141771141535611,0.12769679300291545,0.11272860218589786,0.1443291744003798,0.05422740524781341,0.04447111059952058,0.06597629770151192,0.1772594752186589,0.1599123577045102,0.19604923875673444,0.046064139941690965,0.037116760505610163,0.05704060687483957,0.01749271137026239,0.012280233798967295,0.024861990359442643,0.10670553935860058,0.09296227038296084,0.12220682955038961,0.36034985422740523,0.3379626628214563,0.38336128000143094,0.0239067055393586,0.017671031128128234,0.0322705108964539,0.029154518950437316,0.022183897107997293,0.03822981407981663,0.01924198250728863,0.013733713997340769,0.026899233215479774,0.009329446064139942,0.005750692896160916,0.015101490341666234,0.02099125364431487,0.015200592444445344,0.0289230778227858,0.06880466472303207,0.05776313063245962,0.08177363645532786
2020-05,1672,0.18361244019138756,0.1657865520169817,0.202888864561769,0.28588516746411485,0.26473729098734844,0.3080146922549819,0.07595693779904306,0.064207412530542,0.08965056545496687,0.12739234449760767,0.11226042354742306,0.1442325528770792,0.04784688995215311,0.03861168130447937,0.0591550766039053,0.15011961722488038,0.13380124662931522,0.1680420779426491,0.050239234449760764,0.040761072333802745,0.06177940643220951,0.02631578947368421,0.019661071559358385,0.03514219863037793,0.10705741626794259,0.09312745438956657,0.12278889474510105,0.3492822966507177,0.32679947410889226,0.3724561118605692,0.017942583732057416,0.012596759983307186,0.025498487204732544,0.017942583732057416,0.012596759983307186,0.025498487204732544,0.014354066985645933,0.009664621366772888,0.02127004453482545,0.0215311004784689,0.01559250968312479,0.029663318791356336,0.019736842105263157,0.014087758379185399,0.02758777945207503,0.07834928229665072,0.06641368994978887,0.09221800889334762
2020-06,1554,0.17631917631917632,0.15817607229294567,0.196058658632201,0.29343629343629346,0.27132856131160354,0.3165627878473868,0.074002574002574,0.06201131371232331,0.08809483315138862,0.10231660231660232,0.08821561952999303,0.11837894053310964,0.059845559845559844,0.049102024323639255,0.07275991594037731,0.17824967824967825,0.1600210766723643,0.19806513697092262,0.05148005148005148,0.041557193605616445,0.06361498821312557,0.009009009009009009,0.005373976153179872,0.015065585866476041,0.11583011583011583,0.1008574597288722,0.13269747936121243,0.33783783783783783,0.31474714883193017,0.3617283028442864,0.013513513513513514,0.008855458725175555,0.02057089630347434,0.01866151866151866,0.01302434161975366,0.026672633990603642,0.01673101673101673,0.011442915245608053,0.02440257764660897,0.008365508365508366,0.004895305573656505,0.014260428873285982,0.019305019305019305,0.013555575259956213,0.027425227923114515,0.07078507078507079,0.059063882820111636,0.08462312618003318
2020-07,1836,0.19934640522875818,0.1817079376259244,0.21824040575320125,0.2957516339869281,0.27531960215060514,0.31703660938412703,0.08115468409586056,0.06952065789807636,0.09453781322248096,0.11328976034858387,0.09959193851277454,0.1286024886596516,0.039760348583877995,0.03174121859926906,0.04970144472566065,0.1508714596949891,0.13522899432906943,0.16797188992096596,0.061546840958605666,0.051442401972653526,0.07348226545523809,0.014705882352941176,0.010126221182079016,0.021312137424444495,0.15196078431372548,0.1362677872584668,0.16910719719671666,0.37962962962962965,0.35770414114607396,0.4020577861850616,0.02287581699346405,0.016968094615390207,0.030776015529744016,0.022331154684095862,0.016503495870455038,0.030153564172105147,0.027233115468409588,0.020717669566365022,0.03572284139936159,0.023965141612200435,0.017900201655940105,0.032018008694342216,0.027233115468409588,0.020717669566365022,0.03572284139936159,0.07135076252723312,0.06044951493384261,0.08404205434038188
2020-08,2090,0.21722488038277513,0.20007335932862647,0.23541402424422836,0.2818181818181818,0.26294414147318357,0.3014928245322679,0.07272727272727272,0.06236023213047523,0.08466215963020046,0.10143540669856459,0.08921436015444306,0.11511895713183112,0.07607655502392345,0.06547167206567901,0.08823699433964986,0.14019138755980862,0.12596569835786334,0.15573736838796884,0.045454545454545456,0.03732743266950065,0.055249579841856473,0.016267942583732056,0.011664628981684154,0.022646275911981158,0.14019138755980862,0.12596569835786334,0.15573736838796884,0.29617224880382775,0.27698621112181415,0.3161062176464366,0.023923444976076555,0.018193459365455886,0.031400359001702356,0.019617224880382776,0.01449336425075056,0.026503815287567914,0.01674641148325359,0.012065597346013054,0.023200489639745567,0.014832535885167464,0.010468902719664403,0.020976455897720982,0.018660287081339714,0.013680189397793762,0.02540662595633809,0.05645933014354067,0.047353397916662404,0.0671928027128408
2020-09,1888,0.17108050847457626,0.15476573561780566,0.18873109836660396,0.2966101694915254,0.27643621865773094,0.3176101327915659,0.07944915254237288,0.0680866540593105,0.09251960388532926,0.10540254237288135,0.09234328308328606,0.12006435188995905,0.0958686440677966,0.0833970747581168,0.1099814829393141,0.13347457627118645,0.11887567505599508,0.14956202078492517,0.05084745762711865,0.04181801799214989,0.06170100812504725,0.012711864406779662,0.008557055036884538,0.01884566197705574,0.1271186440677966,0.11284621075132159,0.1429054335723892,0.2664194915254237,0.24696672469732614,0.2868208820452256,0.03125,0.024303769245150125,0.040099931360651125,0.019597457627118644,0.014251054133297346,0.026894885357619865,0.014830508474576272,0.010280447976051557,0.021350952876958547,0.01059322033898305,0.006867853073676607,0.016306180101193845,0.0323093220338983,0.02523468656512221,0.04128335596021396,0.0725635593220339,0.06170932542651487,0.08515371004114797
2020-10,1702,0.19623971797884843,0.17806433071275807,0.21578325748065919,0.300235017626322,0.2789285272873041,0.3224412599191986,0.0781433607520564,0.06632109014124046,0.09186569578307982,0.11574618096357227,0.10140490488417075,0.13181815638951375,0.07696827262044653,0.06523627923940094,0.09060562308025173,0.11692126909518213,0.10251087490213726,0.1330570699762149,0.0564042303172738,0.046409716769190125,0.068396722468779,0.015863689776733254,0.010925094040038275,0.022982860836897538,0.13337250293772032,0.11804326582419869,0.15035304951950026,0.3072855464159812,0.28582074947155184,0.32961833936295665,0.01527614571092832,0.0104459020529433,0.022289611021658703,0.021739130434782608,0.015812411991527133,0.029819960908746838,0.022914218566392478,0.01680703198202209,0.031170224522919517,0.013513513513513514,0.009021444145527895,0.020196743522072663,0.022326674500587545,0.016309110057649425,0.030495704644958366,0.05346650998824912,0.04374917572358774,0.06519505450271228
2020-11,1470,0.22857142857142856,0.2078289841294652,0.2507288418947154,0.26258503401360545,0.24072955360769155,0.285678168904687,0.08299319727891157,0.06995386071836697,0.09820640833632656,0.11428571428571428,0.0990167329893381,0.1315654408344975,0.04829931972789116,0.038467651994232716,0.060485722642498935,0.12312925170068027,0.10730719821746718,0.14091594869329988,0.06598639455782312,0.05439266928096026,0.0798426515296343,0.01904761904761905,0.01321082287349515,0.027391640783386302,0.1346938775510204,0.11819038388445657,0.1531017278322978,0.34625850340136055,0.32236557059408644,0.37095289727925895,0.024489795918367346,0.01774135137470502,0.03371709572028809,0.018367346938775512,0.01265340390563681,0.026592061821480682,0.02040816326530612,0.014332153950543141,0.02898430556586622,0.012244897959183673,0.007759325293724842,0.019273159065517013,0.024489795918367346,0.01774135137470502,0.03371709572028809,0.07142857142857142,0.05934984197367209,0.08574146227503414
2020-12,1638,0.20634920634920634,0.18744902281557146,0.22662356494198072,0.25824175824175827,0.237629188168498,0.2799856657857446,0.07387057387057387,0.062176327197996,0.08755894568094676,0.12942612942612944,0.1140331255461356,0.14655327937867563,0.05982905982905983,0.04934055414501935,0.0723773996454072,0.1282051282051282,0.11288017683253593,0.14526993947588257,0.0463980463980464,0.03722943157716521,0.057689347432941476,0.019536019536019536,0.013871885296202924,0.02744854415326406,0.1343101343101343,0.1186496003585132,0.15168195903186887,0.3321123321123321,0.30972014830097605,0.3552901669450257,0.013431013431013432,0.008886176069239155,0.020252810298264264,0.02197802197802198,0.015917003095029712,0.030276003587222704,0.02442002442002442,0.0179842033423825,0.03308138057265533,0.019536019536019536,0.013871885296202924,0.02744854415326406,0.0347985347985348,0.026955420452842868,0.044818616701533046,0.06654456654456654,0.055460454493020055,0.07965708668756641
2021-01,2189,0.20603015075376885,0.18960876647499497,0.22348153608037424,0.28688899040657834,0.268327027236128,0.3061976443133354,0.081772498857926,0.07101265510288782,0.09399771317907107,0.09410689812699863,0.08257644873866274,0.10705950125425967,0.06898126998629511,0.05910240718144637,0.08037032080766147,0.11786203746002741,0.10501882356102206,0.13204417269005234,0.04751027866605756,0.03936394933939106,0.05724202530100247,0.02284148012791229,0.017368654778660817,0.02998615643980566,0.1626313385107355,0.14776517598574512,0.178679561290308,0.38236637734125173,0.3622310949232778,0.40291382024068106,0.013248058474189127,0.009239852930410446,0.018961728068417737,0.0269529465509365,0.020952870510882543,0.034610467944571774,0.020100502512562814,0.015007199173682536,0.026875260553458718,0.02375513933302878,0.0181611126762913,0.031017815705950254,0.03746002740977615,0.030281361218298074,0.04625932462056962,0.06030150753768844,0.051078600998883,0.07106501393436158
2021-02,2049,0.19668130795510005,0.18004449408625212,0.21445335708745755,0.3313811615422157,0.3113317409897136,0.35206167426453694,0.08394338701805759,0.07270083934223559,0.09674311580754313,0.09272816007808687,0.0809198099497542,0.10606081242266849,0.07223035627135188,0.06180383060545737,0.08425790158079606,0.148365056124939,0.1336320426397758,0.16441413880939204,0.03709126403123475,0.02973640743643896,0.04617865585923861,0.014641288433382138,0.010274826743535099,0.02082430920538566,0.1161542215714983,0.10299326783844667,0.1307518004610266,0.41044411908247924,0.3893312347095149,0.43189218554853137,0.015129331381161543,0.010678773587098685,0.021394621651968954,0.013177159590043924,0.009071786746069718,0.019104571332410378,0.015617374328940947,0.011084074050735995,0.021963580478478534,0.015129331381161543,0.010678773587098685,0.021394621651968954,0.027330405075646658,0.021106525484222934,0.03532335200851689,0.06149341142020498,0.05188937458385302,0.0727386532191689
2021-03,1935,0.1710594315245478,0.1549367450129171,0.1884856366813894,0.29405684754521966,0.27417998068512617,0.3147498215225426,0.08113695090439277,0.06978456744399737,0.09414919589180067,0.08527131782945736,0.07363417007671601,0.09855194352843873,0.08940568475452196,0.07749243597274792,0.10294602790176353,0.16124031007751938,0.14552807812367663,0.1782949716809077,0.05219638242894057,0.043143314332457404,0.06302399711784365,0.014987080103359173,0.01045501888414909,0.02144114014194154,0.12093023255813953,0.1071486672027097,0.13621396747564668,0.3023255813953488,0.2822703055099376,0.3231641972364445,0.016020671834625324,0.011309153434396523,0.02265009315903329,0.025322997416020673,0.019207405130188846,0.03331962956929357,0.02635658914728682,0.02010291388176215,0.03448720838505944,0.009819121447028423,0.006295055075525383,0.015285666113869355,0.028940568475452195,0.02235367103661988,0.037394170148549656,0.07338501291989664,0.06259207746995639,0.0858685291107978
2021-04,1738,0.16973532796317606,0.15281893035080732,0.1881085110422562,0.30149597238204834,0.2803778502481751,0.32348968856821336,0.07882623705408516,0.06706620603723802,0.09244405023405557,0.10184119677790564,0.08848888308540265,0.11694977448254154,0.07537399309551208,0.06387735102203941,0.08874364505475656,0.12888377445339472,0.11394518899621836,0.14545934009529032,0.05638665132336018,0.04648823445985682,0.06824183054720238,0.012658227848101266,0.008374007425497163,0.019092095117925846,0.14211737629459148,0.12648975554344322,0.15932360429363956,0.3147295742232451,0.2933245659123585,0.33695180364960403,0.012082853855005753,0.007916380148949631,0.018401512362057112,0.014384349827387802,0.00976193472542979,0.021148797915242018,0.023590333716915997,0.017436555564739803,0.03184553759459226,0.011507479861910242,0.007461542422562872,0.017708140056027607,0.03682393555811277,0.0289422378911049,0.04674868601380127,0.051208285385500575,0.04179927774800648,0.06259689696730635
2021-05,2146,0.16961789375582478,0.1543327334800094,0.18608378836978642,0.2814538676607642,0.2628303090207321,0.3008584762367491,0.09412861136999068,0.08248883902992363,0.10721890501968448,0.10810810810810811,0.0956635500787768,0.12195322689679203,0.11742777260018639,0.10448564146343343,0.13173715746277584,0.11835973904939422,0.10536940413944747,0.13271399698182582,0.042404473438956196,0.03466476787794996,0.05177955434560362,0.008853681267474371,0.00567533580286351,0.013787307398384433,0.14212488350419386,0.1279900705181833,0.15753868657722322,0.23718546132339235,0.2196682685350267,0.2556419124569125,0.0130475302889096,0.009042445694862301,0.01879290738417385,0.014911463187325256,0.010582157996711061,0.02097439947245318,0.013979496738117428,0.00980959272379663,0.019886362550303564,0.01537744641192917,0.010970319872584726,0.02151653869411154,0.02516309412861137,0.019336787736602405,0.032686393878266336,0.04287045666356011,0.03508560907453197,0.05228901424655365
2021-06,2452,0.15171288743882544,0.13805867847353812,0.16645672675455145,0.29975530179445353,0.2819455788623371,0.3181914983823842,0.06280587275693311,0.0538698519738832,0.07310967308994826,0.0901305057096248,0.07942739491403787,0.10211590983330414,0.17414355628058728,0.15964563965128953,0.1896609280035625,0.11867862969004894,0.1064700772378774,0.13208016150716217,0.04363784665579119,0.03624047993482012,0.052462960873414406,0.01101141924959217,0.007578680965143175,0.015973978131436993,0.15497553017944535,0.14119235181516915,0.1698381315840859,0.18556280587275692,0.17067127292173778,0.2014380683321932,0.01101141924959217,0.007578680965143175,0.015973978131436993,0.010603588907014683,0.007246387769569654,0.015491886555614835,0.017128874388254486,0.012697137679394807,0.02307129298812055,0.010195758564437194,0.006915544902268386,0.015008344651520423,0.017536704730831975,0.013045394663387489,0.023537420775523555,0.04119086460032626,0.03401586929275553,0.049801262887104916
2021-07,2497,0.11734080897076492,0.10530147694736094,0.13055576407102262,0.32999599519423306,0.31182611202043525,0.34868817245084033,0.09090909090909091,0.0802526827894193,0.10282232683933928,0.08329995995194234,0.07309065100115279,0.09478947383362284,0.15738886663996796,0.14363251504048652,0.17219780384096528,0.10212254705646776,0.0908498775594096,0.11461759387100806,0.04405286343612335,0.03667983649107019,0.052826672037898634,0.014417300760913096,0.010432059359618679,0.01989437155067968,0.13095714857829396,0.11828986523290905,0.14475822225891774,0.18782539046856228,0.1729895474021894,0.20362031065519423,0.014817781337605127,0.010769322095074956,0.020356839593854086,0.00881057268722467,0.0058255558624799395,0.013304644146988875,0.022026431718061675,0.01696159562770865,0.028559720076572672,0.020024028834601523,0.015221740966782618,0.026300920844345294,0.02643171806167401,0.02083000868600683,0.033488345583211995,0.0368442130556668,0.030138255922843124,0.04497309859077342
2021-08,2051,0.1750365675280351,0.1592024510779659,0.1920857455402065,0.26474890297415893,0.24610700684062323,0.2842704198184438,0.07898586055582643,0.06808438477405693,0.09146153837641852,0.12237932715748416,0.10889758032036155,0.13727302475206835,0.09751340809361288,0.08541698611675105,0.11111475628130046,0.11555338859093126,0.10243071476863205,0.13011353584416457,0.05460750853242321,0.0455807168636727,0.06529965464525528,0.013164310092637738,0.009062925583567841,0.019086008134729472,0.13505607020965382,0.12094452753990838,0.15053216438612618,0.2857142857142857,0.26657779693469524,0.30565200413610255,0.02437835202340322,0.018540301224285214,0.03199478624912393,0.012676743052169674,0.008665491083323925,0.01851013160214244,0.02242808386153096,0.016856646473456062,0.029785196868629286,0.01218917601170161,0.008269795736331204,0.01793251591630421,0.02437835202340322,0.018540301224285214,0.03199478624912393,0.05314480741101901,0.04424503699615716,0.06371540141427798
2021-09,1656,0.13466183574879226,0.11906318504615812,0.15195159130358513,0.32910628019323673,0.30689265685001466,0.35211094927722064,0.08635265700483091,0.07376320546743642,0.10085683056491751,0.09722222222222222,0.08387131230107753,0.11243754030268902,0.14673913043478262,0.13051408675338522,0.1645993746757054,0.09541062801932366,0.08218263176181594,0.11051141808004848,0.036231884057971016,0.028251503103867946,0.04635898984919457,0.018115942028985508,0.012718742859818707,0.02574372247422281,0.14070048309178743,0.12478344857368243,0.15828067031573448,0.22342995169082125,0.20402047913247157,0.24411963255047453,0.013888888888888888,0.009272508116824896,0.020755417439445048,0.018719806763285024,0.013218903246162312,0.026448496341846574,0.028381642512077296,0.02141000670196298,0.03753634094952377,0.010265700483091788,0.0064191852397118285,0.01637913479275392,0.03260869565217391,0.025077664271321326,0.042303223157936984,0.04770531400966183,0.03844486258743271,0.05905938119100976
2021-10,2127,0.153737658674189,0.1390339862791467,0.16968985316532453,0.2947813822284908,0.2757884042577655,0.31451431932337726,0.08274565115185707,0.07177610541499826,0.0952196956806815,0.0926187118006582,0.08102221308650277,0.10568410989874401,0.1325811001410437,0.11882916225826512,0.1476578445657053,0.0926187118006582,0.08102221308650277,0.10568410989874401,0.038551951104842504,0.03116705088767631,0.04760069984517967,0.015044663845792195,0.01067685951728232,0.021161077192795058,0.15420780441937001,0.13948419616592356,0.17017823955900324,0.2529384109073813,0.23492124229806016,0.27184641232253676,0.01457451810061119,0.010286464977064588,0.020612875452557213,0.01457451810061119,0.010286464977064588,0.020612875452557213,0.02538787023977433,0.019509969914369228,0.03297708496573073,0.015514809590973202,0.011068498995852657,0.021708033994680288,0.03996238834038552,0.03243383059420059,0.049149708980022105,0.040432534085566525,0.03285671166918698,0.04966542418549129
2021-11,2411,0.1708834508502696,0.15638482116004576,0.1864292168290298,0.2550808793031937,0.2380799149547431,0.2728610925216892,0.06843633347158855,0.059028762975166606,0.0792169919430856,0.08004977187888843,0.06987358731704757,0.09156209442704694,0.08875985068436333,0.07805199093296311,0.10077613593051313,0.08958938199917046,0.07883266284988538,0.10165188735829389,0.05226047283284944,0.044067694569794244,0.061877805126748994,0.01783492326835338,0.0132676755701686,0.023936255321199175,0.19286603069265865,0.17761038979360588,0.20909886683009976,0.2841144753214434,0.26646674421349814,0.30244908032754003,0.011613438407299876,0.008047099055279013,0.016733656750816096,0.015346329323931979,0.011154148759603636,0.021080512097655078,0.018664454583160513,0.013978195634057125,0.02488215860201367,0.010783907092492741,0.007369787730606825,0.015754544730785257,0.030692658647863958,0.024519308457745585,0.03835918427651905,0.04728328494400664,0.03950750018277037,0.056499459445554734
2021-12,1558,0.1527599486521181,0.13575152688698547,0.17147655565352307,0.2901155327342747,0.268118893999689,0.31314466051185685,0.07894736842105263,0.06656936556265024,0.09339666428314204,0.10141206675224647,0.08738898260629493,0.11739593284223712,0.07830551989730423,0.0659786592263704,0.0927068310307722,0.1110397946084724,0.09638534598501512,0.1276076632932625,0.0558408215661104,0.0454933168647141,0.06837328778968876,0.011553273427471117,0.007320331711528182,0.0181890413260449,0.13093709884467267,0.11509031244690637,0.1485994240795122,0.279204107830552,0.25749186394469636,0.30200251755980445,0.018613607188703467,0.01299082451630636,0.026604483996413495,0.021822849807445442,0.0156581070622706,0.03033989939369779,0.023106546854942234,0.016736537096141132,0.03182254853712667,0.012836970474967908,0.008325140033512174,0.019745312181360324,0.04300385109114249,0.0340041894855394,0.05425162339586933,0.04878048780487805,0.039149648134424446,0.06063102104483164
2022-01,2190,0.1639269406392694,0.14901250049756679,0.18001836481194325,0.27123287671232876,0.253024612596342,0.2902423215341804,0.0730593607305936,0.06289160145099758,0.08472233749518705,0.1004566210045662,0.08855759184073833,0.11375491786825798,0.1136986301369863,0.10107408130506594,0.12767607093928934,0.09406392694063927,0.08253851990653671,0.10701098995780356,0.050684931506849315,0.0422590046557811,0.060684434834107334,0.023744292237442923,0.018152799418398043,0.03100371215472556,0.12465753424657534,0.11147619273323876,0.1391533878162412,0.2954337899543379,0.2766969499587916,0.3148870550122144,0.019178082191780823,0.014219414532864417,0.025820668579790575,0.014611872146118721,0.010369169384295652,0.02055448526789072,0.026027397260273973,0.02014329093331652,0.0335714348700414,0.015068493150684932,0.010749510205594295,0.021085787292638943,0.02968036529680365,0.023354913761166753,0.03765295481056605,0.04885844748858448,0.04059309262487026,0.05870377548083073
2022-02,2289,0.15028396679772826,0.13623094002863284,0.1655088748805174,0.24027959807776322,0.22322076671286206,0.2582087397999297,0.06465705548274356,0.05529394171354655,0.07547898215524579,0.09611183923110529,0.08470492765294683,0.1088721602714872,0.10747051114023591,0.09543388859479583,0.12082248079417547,0.10484927916120576,0.09295381261624468,0.11806887643475646,0.045434687636522496,0.037637909514890454,0.05475469187545417,0.019222367846221056,0.01435018818152052,0.025705609829122684,0.16295325469637395,0.1483900830258439,0.17864585351682866,0.19484491044124072,0.17913550505374978,0.21157687560089286,0.011795543905635648,0.008119176457183252,0.017107860595877888,0.010921799912625601,0.007408707134279165,0.016073769806125265,0.020969855832241154,0.01585284026141659,0.02769207797454005,0.01703800786369594,0.012488544615790895,0.023205853113210537,0.026649191786806466,0.020802311966068805,0.03408224700215647,0.04062909567496723,0.033280897811252125,0.04951662295948056
2022-03,2090,0.15741626794258373,0.1424324803209711,0.17365714174022018,0.2679425837320574,0.24939311690292026,0.28734356843182535,0.0799043062200957,0.06903540949094202,0.09231471365113332,0.09186602870813397,0.08022029219156002,0.10500938325284803,0.11866028708133972,0.10549040432765966,0.13322946827397367,0.08947368421052632,0.07797788119659833,0.10247588378734317,0.05071770334928229,0.042107362108163904,0.06097665341621959,0.015789473684210527,0.011264822555305934,0.022090900246266074,0.15263157894736842,0.1378514035724653,0.16868639756779288,0.23110047846889953,0.21353118344433727,0.2496564807992235,0.010526315789473684,0.006961628972762787,0.015887090815782823,0.016267942583732056,0.011664628981684154,0.022646275911981158,0.01674641148325359,0.012065597346013054,0.023200489639745567,0.012440191387559809,0.008503529424369348,0.018165918732549496,0.023444976076555026,0.017779378315452947,0.030859257959611995,0.044976076555023926,0.036894422842159935,0.054727407577103884
2022-04,2059,0.1267605633802817,0.11308122554156667,0.1418300580005143,0.2831471588149587,0.2641046591726867,0.30299734226067593,0.07722195240407966,0.06646268548721804,0.0895558861762582,0.09567751335599806,0.0837144208147631,0.10914653370544822,0.13501699854298202,0.12093345303572063,0.15045994915279443,0.10927634774162215,0.09652084655939855,0.12348712690788075,0.06216610004856726,0.05252973390113227,0.07343320964237585,0.01651287032540068,0.011840597351170781,0.022985925441466326,0.1267605633802817,0.11308122554156667,0.1418300580005143,0.2156386595434677,0.19841252244847896,0.23392392064051049,0.012141816415735794,0.008237613216489241,0.01786308205744745,0.013598834385624089,0.009425180916281372,0.019584123530555456,0.020883924235065566,0.01554113490155019,0.02801121540978733,0.009227780475959204,0.005915451231725618,0.014368025696410795,0.03836813987372511,0.03089416346492152,0.04756149692121768,0.0505099562894609,0.04185949094974458,0.060834579210562435
2022-05,1827,0.13464696223316913,0.11975879124984129,0.1510683518519978,0.2917350848385331,0.2713454746738142,0.3129986870494065,0.08045977011494253,0.0688493807332703,0.09383077685108873,0.09085933223864258,0.07852455202254827,0.10491108763082208,0.11877394636015326,0.10473274123088414,0.13441498187088502,0.1423097974822113,0.12703929985733986,0.15908135634798126,0.055281882868089764,0.04570528467120184,0.06672475843028766,0.014778325123152709,0.01017619880062708,0.02141670361102885,0.12588943623426382,0.11145888537901869,0.14188995703312665,0.2315270935960591,0.21276048793928481,0.25142035654229133,0.016420361247947456,0.011525881609949423,0.02334420218102409,0.013683634373289545,0.009285539285942942,0.02012257553950127,0.02079912424740011,0.015190580848614993,0.028418653287205393,0.010946907498631636,0.007097507595148765,0.016848638264766153,0.041050903119868636,0.032874575672961856,0.051153228807775314,0.058018609742747675,0.04819725441207605,0.06969475765494276
2022-06,1913,0.14427600627286985,0.12924284333621644,0.16073500355525344,0.2895974908520648,0.2697093378882251,0.31032899183082935,0.07945635128071092,0.06816251523866129,0.09243583571532468,0.11866178776790381,0.10492851008409848,0.13392356825143012,0.10402509147935181,0.09112844425449193,0.11850890919192744,0.11813904861474124,0.10443436506566273,0.133374330238112,0.05175117616309462,0.042691829998479786,0.06260722027254939,0.012023000522739153,0.008024788699745784,0.017977151157986853,0.1447987454260324,0.12974094984300188,0.16128028008022183,0.2780972294824882,0.25847842092703033,0.2986054820934383,0.018295870360690015,0.013184390831625899,0.02533814540715356,0.012023000522739153,0.008024788699745784,0.017977151157986853,0.02247778358599059,0.016730197654890155,0.030139402837920524,0.013591217982226868,0.009291705580912104,0.01984038337208224,0.028227914270778882,0.02169882007367078,0.03664799376843282,0.0501829587036069,0.04126921715573735,0.060899684020030126
2022-07,1685,0.1804154302670623,0.16278815442241218,0.19949662113025068,0.2551928783382789,0.23494925373075023,0.2765502261494232,0.06706231454005934,0.0560769005854273,0.08001733110569162,0.10148367952522255,0.08795968549131895,0.11682067993786042,0.09554896142433235,0.08241819531315356,0.1105197332646361,0.11750741839762611,0.102994313304867,0.13376063162306467,0.05519287833827893,0.0452666069186727,0.06714275106966676,0.016023738872403562,0.01103554473197755,0.023213730037189677,0.15608308605341245,0.139538029644369,0.17419275481759594,0.2783382789317507,0.25746111307969305,0.3002238705209003,0.013649851632047478,0.009112628829457722,0.020399671199153604,0.017804154302670624,0.012499358470602902,0.02530264735398124,0.02314540059347181,0.016977049864563706,0.0314831491262712,0.010089020771513354,0.006308544732084498,0.01609829318569299,0.049851632047477744,0.04044520816431268,0.06130595665777603,0.05222551928783383,0.042584316293994354,0.06390382326865025
2022-08,1843,0.16983179598480738,0.1533796836717028,0.18765746862116306,0.3005968529571351,0.2800954357717923,0.3219278238298974,0.07650569723277266,0.0652317764969157,0.08954143199048245,0.1112316874660879,0.0976775565199245,0.12640316594160114,0.09495387954422138,0.08239984443465631,0.10919298085149706,0.12859468258274553,0.11408038409784094,0.14465409535074852,0.05208898534997287,0.04284354561198345,0.06319781711235631,0.011937059142702116,0.007896145692577159,0.01800840399917767,0.1475854584915898,0.13212526712847203,0.16451175902471835,0.2940857297883885,0.2737292222405266,0.31529887849101407,0.01410743353228432,0.009645265770463755,0.020591003544674046,0.01410743353228432,0.009645265770463755,0.020591003544674046,0.02170374389582203,0.015978839485105388,0.029418448511872794,0.008681497558328812,0.005350785165283843,0.014056185091396535,0.03472599023331525,0.02728776119941374,0.04409984453786227,0.05588714053174173,0.04629395559853231,0.06732791646672764
2022-09,1609,0.15724052206339342,0.14027199769154902,0.175841872387199,0.271597265382225,0.25042703366811314,0.2938555542810073,0.07955251709136109,0.06730958962692124,0.09379835798554112,0.11187072715972654,0.09738390343857126,0.12820650791986593,0.11684275947793661,0.10205123423521725,0.13345955616106223,0.10689869484151647,0.09272613410708222,0.1229438982135127,0.05469235550031075,0.04460533595494244,0.06690071646830854,0.012430080795525171,0.00806080243462634,0.019122028166965288,0.1559975139838409,0.1390890693078352,0.17454470601145222,0.24052206339341206,0.22027187023838876,0.26200834872421735,0.01740211311373524,0.012067021978196498,0.025036187661237407,0.014294592914853946,0.009543885551271405,0.021359087189511076,0.022995649471721565,0.016728826321253276,0.03153480973575319,0.014294592914853946,0.009543885551271405,0.021359087189511076,0.036047234307022995,0.02798790210528278,0.04631672892605966,0.049098819142324425,0.03957285476618116,0.060772771239497266
2022-10,1616,0.12933168316831684,0.11384537681269545,0.14657613600682964,0.2840346534653465,0.26257989569112594,0.3065137737145739,0.0823019801980198,0.06987231991281763,0.09671285730451028,0.08477722772277228,0.07216117589519522,0.0993627558275115,0.12252475247524752,0.10742694470656028,0.13941299322317308,0.12747524752475248,0.11209338147555105,0.14462406546493992,0.040222772277227724,0.03168280811907162,0.05094354250681675,0.014232673267326733,0.009502465269112362,0.021266963050298626,0.1639851485148515,0.14673305385395785,0.18283102204087037,0.2592821782178218,0.2385035552970623,0.2812025690548497,0.012376237623762377,0.008025825248106603,0.019039537192270285,0.009282178217821782,0.0056331045712753585,0.015258814737378031,0.011757425742574257,0.007539770988252909,0.018290902825779276,0.024752475247524754,0.01822972958338615,0.03352940538388473,0.04641089108910891,0.037185334297763835,0.05778790259157152,0.04950495049504951,0.039955677986297566,0.0611910020347613
2022-11,1406,0.15007112375533427,0.13235747369739745,0.1696917777929827,0.26386913229018494,0.24149747171343966,0.2875276329508006,0.0732574679943101,0.06076948533203306,0.08807106526599157,0.10028449502133713,0.08565607918181221,0.11709123654500418,0.12162162162162163,0.10556002364900816,0.13974526454790703,0.10241820768136557,0.08763759846387623,0.11936551450995003,0.06116642958748222,0.04979618441461342,0.07492818178368855,0.011379800853485065,0.007016657120479045,0.018405773314259154,0.15007112375533427,0.13235747369739745,0.1696917777929827,0.20768136557610242,0.18728809831426027,0.2296676788453866,0.011379800853485065,0.007016657120479045,0.018405773314259154,0.016358463726884778,0.010924879760726609,0.024427744250367967,0.01849217638691323,0.012650333306061731,0.02695808795204272,0.01849217638691323,0.012650333306061731,0.02695808795204272,0.057610241820768134,0.04659322725309166,0.07103814353352718,0.04480796586059744,0.03517804241905895,0.056918544885500647
2022-12,1369,0.14828341855368882,0.13044266126584958,0.1680925812559388,0.24397370343316288,0.22196002170826612,0.26742025348153,0.07669831994156319,0.06375607431502654,0.09200960178336677,0.11614317019722425,0.10023471381704499,0.13419990704525991,0.09130752373995617,0.07717101797783119,0.10773130432941824,0.14536157779401024,0.1276825875666609,0.16502532571335626,0.04601899196493791,0.036133107403433014,0.05844561165636237,0.013148283418553688,0.008332861113824646,0.020688403976044427,0.15193571950328708,0.13389625974905559,0.17192314432494685,0.2841490138787436,0.26088758949735485,0.30861846276679555,0.01095690284879474,0.006651116108181211,0.017999652050359437,0.01241782322863404,0.007767346755072133,0.019797086024354135,0.016800584368151936,0.011220815436283556,0.025084611205799554,0.016070124178232285,0.010636079857103405,0.02421251447453689,0.06428049671292914,0.05246906093729172,0.07853046588357385,0.04821037253469686,0.03807282309658669,0.06087639289453711
2023-01,1608,0.11567164179104478,0.10094675587533103,0.13222851395267193,0.30845771144278605,0.28636191363649655,0.33146653799299364,0.08084577114427861,0.06849917240542855,0.095190361355209,0.10074626865671642,0.08697270210218921,0.11642296655408571,0.125,0.10972345140390724,0.14206406915642575,0.1044776119402985,0.09045764011078844,0.1203829288384185,0.04228855721393035,0.03349427217556519,0.0532646252247749,0.012437810945273632,0.008065824078271628,0.019133870978612376,0.138681592039801,0.12264802130371641,0.15643746699736724,0.22201492537313433,0.20237713723985373,0.2429777909367115,0.012437810945273632,0.008065824078271628,0.019133870978612376,0.008706467661691543,0.005193268349909585,0.014561526414042406,0.033582089552238806,0.02582884978910669,0.04355861359439204,0.013059701492537313,0.008557538305318056,0.019882973467054615,0.06032338308457712,0.049700915846290994,0.0730416663032205,0.05161691542288557,0.041831369389620864,0.06353977874304925
2023-02,1490,0.12281879194630872,0.10711563471699934,0.14046188621962472,0.27046979865771814,0.24852629338708132,0.29359383501207426,0.07785234899328859,0.06530714446628547,0.09256876419765855,0.10268456375838926,0.08827923603200725,0.11913338388699886,0.13154362416107382,0.11532491074160099,0.14965740063599076,0.11677852348993288,0.10144802300581696,0.1340800276255217,0.052348993288590606,0.04214677536030736,0.06485359201465395,0.020134228187919462,0.014139292192218716,0.028597233554553896,0.14563758389261744,0.12863768153978974,0.1644600605501346,0.1825503355704698,0.16376009162568858,0.20297330232986863,0.011409395973154362,0.007135528927295306,0.01819620637850954,0.016778523489932886,0.011390326634339197,0.024652048942830428,0.02348993288590604,0.01693780964612675,0.03249286627024885,0.016778523489932886,0.011390326634339197,0.024652048942830428,0.03355704697986577,0.025545747413071383,0.04396737901211318,0.04161073825503356,0.03259424369679488,0.05298484313543686
2023-03,2075,0.1291566265060241,0.11540868719649933,0.14427516750411862,0.25349397590361444,0.23524377698285934,0.2726552375452317,0.0746987951807229,0.06415573794580316,0.08681372504743308,0.0963855421686747,0.0844229646283224,0.1098398401952871,0.0983132530120482,0.0862349492261716,0.11187615264902663,0.1108433734939759,0.09804785699499752,0.12507717571552743,0.0491566265060241,0.040658746868056074,0.05932078019162949,0.014457831325301205,0.010145850227500672,0.02056432990358772,0.1797590361445783,0.16383347545842142,0.19686817684640068,0.19614457831325302,0.17962728880064932,0.213784888442677,0.023614457831325302,0.017908226810094456,0.031081364316040416,0.006265060240963855,0.0036649854313222873,0.010689932230513998,0.014939759036144579,0.010544720878286045,0.021127533515699532,0.013012048192771084,0.008957926244043337,0.018866031098353504,0.04,0.032383419689119175,0.049316696375519914,0.052048192771084335,0.0432915360156859,0.062460436621382745
2023-04,1415,0.12438162544169612,0.10819639599935746,0.1426008741116965,0.26219081272084804,0.23993964052039882,0.2857297506223474,0.0862190812720848,0.07269116619941611,0.10198767039516922,0.1137809187279152,0.09827036483409947,0.13138289596682431,0.1321554770318021,0.11550141871334307,0.15080145822513963,0.13568904593639575,0.1188286189785415,0.15452226106331793,0.04876325088339223,0.03871184970185505,0.06125815399693699,0.008480565371024734,0.004857799814044282,0.01476496850625306,0.1265017667844523,0.11018659309821649,0.14483947887486348,0.19151943462897528,0.17186233346914498,0.2128469956060668,0.009893992932862191,0.005902672135102249,0.016539297426545786,0.01625441696113074,0.010855240681622844,0.024273134466103297,0.019081272084805655,0.013146441638195717,0.02762033599223181,0.0049469964664310955,0.0023983380533402314,0.010176427163580389,0.05441696113074205,0.043758536218067384,0.06748827244612741,0.03604240282685512,0.02751862941101393,0.04707856311562188
2023-05,1457,0.1400137268359643,0.12314073436155051,0.15878004336000393,0.2573781743308167,0.23558771211085022,0.28044469003322875,0.06108442004118051,0.04990354385064219,0.07457374376219686,0.1269732326698696,0.11085245912739958,0.14505591588054104,0.12834591626630062,0.1121433262146253,0.14650319644737997,0.10157858613589568,0.08709935434987089,0.11815328905787433,0.04118050789293068,0.03212601498885001,0.05264813164005211,0.013726835964310227,0.008903349968652316,0.0211078435789575,0.14962251201098148,0.13222881271304618,0.16885899858696066,0.18119423472889498,0.16226254393941497,0.201802663404078,0.019217570350034317,0.013328984487073214,0.027634799676795063,0.011667810569663692,0.00729741773733487,0.01860655432917802,0.019217570350034317,0.013328984487073214,0.027634799676795063,0.01098146877144818,0.0067706522264106735,0.01776424601306991,0.029512697323266987,0.021983512978414922,0.03951637859093797,0.04804392587508579,0.038201370954362955,0.06026351394486224
2023-06,1094,0.09872029250457039,0.0824237774226117,0.11782514737674005,0.2687385740402194,0.24331201410990644,0.29578360769928724,0.09506398537477148,0.0790730372345062,0.11388886182269839,0.10603290676416818,0.08914698078969706,0.12567599549394895,0.1590493601462523,0.1385755215354603,0.18190932800931917,0.12797074954296161,0.10946881322208624,0.1490763175144426,0.04204753199268738,0.03167022576061202,0.055629800035459094,0.009140767824497258,0.004972522133847282,0.016744271982899614,0.14076782449725778,0.12141370247996319,0.16263601835408065,0.15722120658135283,0.13685458163700118,0.17998675503670472,0.015539305301645339,0.009724253192932138,0.024744835972572245,0.012797074954296161,0.00763799588398108,0.021365823974912955,0.01736745886654479,0.011146215753977212,0.02696638628260074,0.009140767824497258,0.004972522133847282,0.016744271982899614,0.03930530164533821,0.02931000607763404,0.05252475041182672,0.03930530164533821,0.02931000607763404,0.05252475041182672
2023-07,1462,0.10533515731874145,0.09061993041663594,0.12211901763887018,0.26744186046511625,0.24538374734417728,0.29071892568679686,0.06703146374829001,0.05531375370563302,0.08101857579026883,0.10328317373461013,0.08870866180231075,0.11993707454464515,0.1320109439124487,0.11561948949201953,0.15033121077463954,0.13337893296853626,0.11690838328609487,0.15177112478626437,0.058823529411764705,0.04787891134129483,0.07208057132040613,0.013679890560875513,0.008872842541925288,0.021035982531670657,0.1429548563611491,0.12594716278063656,0.16183399993162373,0.17920656634746923,0.16039539916230608,0.19969917040100824,0.019835841313269494,0.013845981788077343,0.02834247841116928,0.013679890560875513,0.008872842541925288,0.021035982531670657,0.017783857729138167,0.012164656442270027,0.02593059204842637,0.01573187414500684,0.01050552951156758,0.023496507270578587,0.04719562243502052,0.037461754708462275,0.0593028616047874,0.04514363885088919,0.035640370347205526,0.057031034257493916
2023-08,1219,0.10008203445447088,0.0844705885363571,0.11820619314984006,0.2969647251845775,0.2719844854666762,0.3232206498509316,0.07957342083675144,0.06566807030859909,0.09612034120765947,0.1361771944216571,0.11806257437083065,0.15657773881445844,0.13289581624282198,0.11498752000932226,0.15311065394877665,0.11484823625922888,0.09814657138080511,0.13396983682774788,0.04840032813781788,0.03770687044630555,0.06193121841164628,0.008203445447087777,0.004461948304449612,0.015034935020422555,0.12715340442986053,0.1096154509602032,0.14703397935031287,0.1804757998359311,0.15990057566001822,0.20305861709233827,0.009844134536505332,0.005640077776833906,0.01712787516163335,0.013125512715340444,0.008095128974677963,0.02121496319097947,0.02132895816242822,0.014596348776418118,0.031069091457214752,0.014766201804757998,0.009360408267061183,0.023220753512191338,0.03609515996718622,0.02699672111774195,0.04810834563824674,0.05332239540607055,0.04205477485584415,0.06739652284289295
2023-09,1104,0.10144927536231885,0.08499844092578075,0.12066417365738712,0.28442028985507245,0.25859130537697567,0.31174438160210144,0.07608695652173914,0.06187483375108758,0.09323903812373643,0.11141304347826086,0.09418330600241381,0.13133774321617483,0.13858695652173914,0.11945540815894826,0.16022500824715166,0.13043478260869565,0.11184300888087476,0.1515895973689718,0.04528985507246377,0.03452067447456353,0.05921258125441434,0.01177536231884058,0.006894299932338745,0.020042402932041868,0.1539855072463768,0.1338972582228254,0.1764734662561976,0.14583333333333334,0.1262417860988961,0.1678811282238735,0.010869565217391304,0.006228586829141036,0.018902803795655867,0.019021739130434784,0.012474511201659086,0.028904689579391206,0.017210144927536232,0.011045007011562273,0.026723569290320597,0.020833333333333332,0.013921793584551373,0.03106803167566633,0.049818840579710144,0.03847314587359796,0.06428667105329845,0.03170289855072464,0.022882355452302258,0.04377121668291997
2023-10,1139,0.09745390693590869,0.0815590740417824,0.11605501350980828,0.26953467954345917,0.24457183807936264,0.29604691433567015,0.06760316066725197,0.054428087706756584,0.08368519063382882,0.1273046532045654,0.10919201547071522,0.14792288129188075,0.14925373134328357,0.12973935194220096,0.1711261398284871,0.11501316944688324,0.09776489923228482,0.13484966432577955,0.03687445127304653,0.027394721357040783,0.04946772397221569,0.019315188762071993,0.012789505776058226,0.02907246354672456,0.14925373134328357,0.12973935194220096,0.1711261398284871,0.16066725197541704,0.14048647755518603,0.18312932361970993,0.007901668129938543,0.004162556054933674,0.014949103863641216,0.009657594381035996,0.005401049010938729,0.01721065850828353,0.018437225636523266,0.012090207587517872,0.028021737934941227,0.014047410008779631,0.008664886899675211,0.022696939621165473,0.0324846356453029,0.023658188974373044,0.04445413735326501,0.041264266900790166,0.031171775853878928,0.05444078847699596
2023-11,1080,0.125,0.10659496147611604,0.14606336055175223,0.26666666666666666,0.2411532970172357,0.2938341033556601,0.07962962962962963,0.06493359567667373,0.0973056097570354,0.09814814814814815,0.08180272807378108,0.11734223923509504,0.11944444444444445,0.10143836162002504,0.14014823184529315,0.11481481481481481,0.0971513427589483,0.13520881023757814,0.044444444444444446,0.03368431345063465,0.05843394442025719,0.023148148148148147,0.015727640388626674,0.033948991325823116,0.1527777777777778,0.13255401958245497,0.17546294525816383,0.2212962962962963,0.19755021870557168,0.24701806507316496,0.012037037037037037,0.007047791390185753,0.020485383199163834,0.012037037037037037,0.007047791390185753,0.020485383199163834,0.014814814814814815,0.009139283006054629,0.023929755864570017,0.022222222222222223,0.014977968909827142,0.0328533747108643,0.04351851851851852,0.032882772299700526,0.057390197477432965,0.041666666666666664,0.031284110052872384,0.055298283536744396
2023-12,1289,0.13033359193173003,0.1130469978773333,0.14981706837796044,0.23816912335143522,0.2157144700952759,0.2621798055839721,0.05818463925523662,0.04666952999083938,0.07232540334051382,0.10007757951900698,0.08486391016705541,0.11766793905561812,0.08378588052754073,0.06986894023070873,0.10017633058978469,0.1008533747090768,0.08558150945872543,0.11849731968786147,0.04499612102404965,0.034967669313991645,0.05772860531083479,0.009309542280837859,0.005333342948358787,0.016201855176454026,0.22808378588052755,0.20600489294162894,0.25177864372674563,0.2591155934833204,0.23593673441659876,0.2837259992083093,0.022498060512024826,0.01570956771179732,0.032124289119542265,0.009309542280837859,0.005333342948358787,0.016201855176454026,0.011636927851047323,0.007064627607742686,0.019111510288810144,0.021722265321955005,0.015071014623720009,0.031215862283706243,0.048875096974398756,0.03838646266738291,0.062044711577010206,0.057408844065166796,0.045975515674430374,0.07147243773300949
