month,n_relevant_tagged,tag_depression,tag_anxiety,tag_stress_pressure,tag_burnout_motivation,tag_performance_psych,tag_body_image_eating,tag_injury_distress,tag_self_harm_suicide,tag_help_seeking,tag_exercise_coping,tag_substance_use,tag_loneliness_isolation,tag_sleep,tag_trauma_ptsd,tag_adhd_neurodivergence,tag_exercise_dependence
2018-01,1739,423,534,113,167,169,275,86,44,210,475,31,30,53,12,29,79
2018-02,1786,483,534,133,140,150,295,76,36,190,430,19,31,47,21,27,108
2018-03,2258,492,764,176,151,189,404,112,35,303,400,33,54,44,25,55,103
2018-04,2010,530,553,173,188,156,403,122,48,256,589,30,38,45,19,50,151
2018-05,2355,537,834,162,178,228,371,90,43,279,513,43,45,45,22,40,128
2018-06,2147,465,647,151,200,229,382,89,46,285,552,43,41,51,11,58,172
2018-07,2149,480,673,141,200,163,394,91,50,219,519,43,33,52,23,50,149
2018-08,2210,562,700,143,212,149,323,100,36,309,659,47,44,61,18,48,158
2018-09,1800,404,578,130,195,126,365,78,34,184,463,27,48,48,19,39,95
2018-10,1718,379,505,133,167,184,336,104,25,208,464,35,36,66,16,32,107
2018-11,2070,400,645,127,170,348,302,116,34,264,533,27,35,55,15,29,121
2018-12,1768,367,488,139,186,203,297,103,27,210,447,27,27,49,19,34,112
2019-01,1864,390,568,146,182,144,305,83,28,234,489,39,40,53,18,38,120
2019-02,1795,398,530,146,180,157,316,106,27,221,464,35,31,36,12,18,117
2019-03,2092,455,633,164,194,180,357,128,36,252,524,31,57,54,26,36,119
2019-04,1909,365,609,131,209,168,364,116,44,237,481,22,35,46,21,27,125
2019-05,1901,378,599,141,178,196,300,97,38,241,470,29,30,67,20,27,97
2019-06,1855,342,597,139,211,159,319,105,28,208,465,55,22,42,19,29,108
2019-07,2111,417,675,185,234,193,340,126,43,271,522,34,40,56,24,38,127
2019-08,1822,338,540,158,195,158,303,103,20,263,507,31,27,42,26,50,129
2019-09,1408,247,432,120,139,151,241,74,20,210,356,29,19,46,20,33,98
2019-10,1751,295,554,154,207,135,272,93,23,218,506,40,31,50,13,36,114
2019-11,1642,329,467,106,152,164,285,83,26,205,454,28,34,32,19,45,108
2019-12,1527,313,491,119,162,112,265,101,33,205,512,29,21,34,19,22,108
2020-01,1996,365,669,155,149,166,325,90,37,247,573,53,39,47,20,31,151
2020-02,1678,316,484,121,157,141,316,83,33,268,441,18,35,34,30,40,113
2020-03,1765,352,535,160,172,103,272,81,32,199,572,32,72,40,29,35,128
2020-04,1715,316,499,170,219,93,304,79,30,183,618,41,50,33,16,36,118
2020-05,1672,307,478,127,213,80,251,84,44,179,584,30,30,24,36,33,131
2020-06,1554,274,456,115,159,93,277,80,14,180,525,21,29,26,13,30,110
2020-07,1836,366,543,149,208,73,277,113,27,279,697,42,41,50,44,50,131
2020-08,2090,454,589,152,212,159,293,95,34,293,619,50,41,35,31,39,118
2020-09,1888,323,560,150,199,181,252,96,24,240,503,59,37,28,20,61,137
2020-10,1702,334,511,133,197,131,199,96,27,227,523,26,37,39,23,38,91
2020-11,1470,336,386,122,168,71,181,97,28,198,509,36,27,30,18,36,105
2020-12,1638,338,423,121,212,98,210,76,32,220,544,22,36,40,32,57,109
2021-01,2189,451,628,179,206,151,258,104,50,356,837,29,59,44,52,82,132
2021-02,2049,403,679,172,190,148,304,76,30,238,841,31,27,32,31,56,126
2021-03,1935,331,569,157,165,173,312,101,29,234,585,31,49,51,19,56,142
2021-04,1738,295,524,137,177,131,224,98,22,247,547,21,25,41,20,64,89
2021-05,2146,364,604,202,232,252,254,91,19,305,509,28,32,30,33,54,92
2021-06,2452,372,735,154,221,427,291,107,27,380,455,27,26,42,25,43,101
2021-07,2497,293,824,227,208,393,255,110,36,327,469,37,22,55,50,66,92
2021-08,2051,359,543,162,251,200,237,112,27,277,586,50,26,46,25,50,109
2021-09,1656,223,545,143,161,243,158,60,30,233,370,23,31,47,17,54,79
2021-10,2127,327,627,176,197,282,197,82,32,328,538,31,31,54,33,85,86
2021-11,2411,412,615,165,193,214,216,126,43,465,685,28,37,45,26,74,114
2021-12,1558,238,452,123,158,122,173,87,18,204,435,29,34,36,20,67,76
2022-01,2190,359,594,160,220,249,206,111,52,273,647,42,32,57,33,65,107
2022-02,2289,344,550,148,220,246,240,104,44,373,446,27,25,48,39,61,93
2022-03,2090,329,560,167,192,248,187,106,33,319,483,22,34,35,26,49,94
2022-04,2059,261,583,159,197,278,225,128,34,261,444,25,28,43,19,79,104
2022-05,1827,246,533,147,166,217,260,101,27,230,423,30,25,38,20,75,106
2022-06,1913,276,554,152,227,199,226,99,23,277,532,35,23,43,26,54,96
2022-07,1685,304,430,113,171,161,198,93,27,263,469,23,30,39,17,84,88
2022-08,1843,313,554,141,205,175,237,96,22,272,542,26,26,40,16,64,103
2022-09,1609,253,437,128,180,188,172,88,20,251,387,28,23,37,23,58,79
2022-10,1616,209,459,133,137,198,206,65,23,265,419,20,15,19,40,75,80
2022-11,1406,211,371,103,141,171,144,86,16,211,292,16,23,26,26,81,63
2022-12,1369,203,334,105,159,125,199,63,18,208,389,15,17,23,22,88,66
2023-01,1608,186,496,130,162,201,168,68,20,223,357,20,14,54,21,97,83
2023-02,1490,183,403,116,153,196,174,78,30,217,272,17,25,35,25,50,62
2023-03,2075,268,526,155,200,204,230,102,30,373,407,49,13,31,27,83,108
2023-04,1415,176,371,122,161,187,192,69,12,179,271,14,23,27,7,77,51
2023-05,1457,204,375,89,185,187,148,60,20,218,264,28,17,28,16,43,70
2023-06,1094,108,294,104,116,174,140,46,10,154,172,17,14,19,10,43,43
2023-07,1462,154,391,98,151,193,195,86,20,209,262,29,20,26,23,69,66
2023-08,1219,122,362,97,166,162,140,59,10,155,220,12,16,26,18,44,65
2023-09,1104,112,314,84,123,153,144,50,13,170,161,12,21,19,23,55,35
2023-10,1139,111,307,77,145,170,131,42,22,170,183,9,11,21,16,37,47
2023-11,1080,135,288,86,106,129,124,48,25,165,239,13,13,16,24,47,45
2023-12,1289,168,307,75,129,108,130,58,12,294,334,29,12,15,28,63,74
