month,n,adhd_neurodivergence,help_seeking,depression,performance_psych,anxiety,self_harm_suicide,loneliness_isolation,adhd_neurodivergence_rate,help_seeking_rate,depression_rate,performance_psych_rate,anxiety_rate,self_harm_suicide_rate,loneliness_isolation_rate
2018-01,25015,126,1052,1408,185,942,525,367,0.005036977813312013,0.04205476713971617,0.05628622826304217,0.007395562662402559,0.037657405556666,0.02098740755546672,0.014671197281631021
2018-02,26332,133,1072,1899,93,968,584,376,0.0050508886525900045,0.04071092207200364,0.07211757557344675,0.003531824396171958,0.03676135500531672,0.02217833814370348,0.014279204010329637
2018-03,30830,200,1410,1894,103,1820,623,371,0.006487187804086928,0.04573467401881284,0.061433668504703214,0.003340901719104768,0.05903340901719105,0.020207590009730783,0.012033733376581252
2018-04,28573,157,1230,1644,115,1042,576,319,0.005494697791621461,0.04304763238021909,0.05753683547404893,0.004024778637174956,0.03646799426031568,0.020158891260980645,0.011164385958772267
2018-05,33730,149,1290,2265,211,1702,820,416,0.004417432552623777,0.03824488585828639,0.06715090423954936,0.006255558849688704,0.050459531574266234,0.02431070263860065,0.012333234509338868
2018-06,29281,181,1200,1838,253,1273,632,390,0.006181482872852703,0.04098220689184113,0.06277108022266999,0.008640415286363171,0.04347529114442813,0.02158396229636966,0.013319217239848366
2018-07,29083,239,1217,2066,142,1310,726,327,0.008217859230478287,0.04184575181377437,0.07103806347350686,0.004882577450744421,0.04504349620052952,0.02496303682563697,0.01124368187601004
2018-08,18936,185,1301,1811,134,1336,353,290,0.009769750739332488,0.06870511195606252,0.09563793831854668,0.007076468103084072,0.07055344317701732,0.018641740599915507,0.015314744402196873
2018-09,15185,125,1021,1028,91,1027,313,255,0.008231807704972012,0.0672374053342114,0.06769838656568983,0.005992756009219624,0.06763253210405006,0.020612446493249916,0.016792887718142906
2018-10,19774,107,1094,1194,205,895,377,290,0.005411145949226257,0.05532517447152827,0.0603823202184687,0.010367148781227875,0.04526145443511682,0.01906543946596541,0.014665722666127238
2018-11,23686,89,1376,1319,628,1101,430,325,0.0037574938782403105,0.05809338849953559,0.0556869036561682,0.02651355230938107,0.04648315460609643,0.018154183906104873,0.013721185510428101
2018-12,20967,115,1176,1246,269,858,359,317,0.005484809462488673,0.056088138503362424,0.05942671817618162,0.012829684742690896,0.040921447989698094,0.017122144322029857,0.015118996518338342
2019-01,27529,128,1210,1562,74,1108,605,328,0.0046496421955029245,0.04395364887936358,0.05674016491699662,0.002688074394275128,0.04024846525482219,0.02197682443968179,0.011914708125976243
2019-02,29135,115,1191,1760,126,993,533,343,0.00394714261197872,0.0408786682684057,0.06040844345289171,0.004324695383559293,0.03408271837995538,0.0182941479320405,0.011772781877466965
2019-03,30971,137,1326,1745,63,1243,527,490,0.004423492945013077,0.04281424558457912,0.05634303057699138,0.002034160989312583,0.040134319201833975,0.017015918116948112,0.015821252139097866
2019-04,27582,131,1345,1314,71,1055,465,306,0.004749474294829962,0.048763686462185485,0.047639765064172286,0.0025741425567399026,0.03824958306141687,0.016858820970197957,0.0110941918642593
2019-05,31818,152,1193,1736,88,1242,635,413,0.00477717015525803,0.03749449996857125,0.054560311773210135,0.002765730089886228,0.03903450876862154,0.01995725689861085,0.01298007417185241
2019-06,32434,137,1282,1603,73,1113,646,385,0.004223962508478757,0.03952642288956034,0.049423444533514216,0.0022507245483134983,0.03431584140099895,0.019917370660418078,0.011870259604119134
2019-07,30550,167,1536,1772,91,1249,647,393,0.0054664484451718495,0.05027823240589198,0.05800327332242226,0.0029787234042553193,0.04088379705400982,0.021178396072013092,0.012864157119476268
2019-08,17043,131,1242,997,43,912,308,263,0.007686440180719357,0.0728744939271255,0.05849909053570381,0.0025230299829842166,0.05351170568561873,0.018071935692072993,0.015431555477322067
2019-09,13697,137,1067,795,68,672,254,213,0.010002190260641017,0.07790027013214572,0.058041906986931444,0.0049645907863035705,0.049061838358764695,0.01854420676060451,0.015550850551215595
2019-10,19968,118,1117,1172,64,949,403,289,0.005909455128205128,0.05593950320512821,0.058693910256410256,0.003205128205128205,0.047526041666666664,0.020182291666666668,0.014473157051282052
2019-11,21232,111,983,1216,66,1102,305,253,0.0052279577995478525,0.046298040693293144,0.05727204220045215,0.0031085154483798043,0.05190278824415976,0.014365109269027882,0.011915975885455916
2019-12,19441,113,947,1153,30,819,286,224,0.005812458206882362,0.048711486034668995,0.05930764878349879,0.001543130497402397,0.04212746257908544,0.014711177408569517,0.01152204104727123
2020-01,24401,104,1061,1439,59,1086,390,270,0.004262120404901438,0.04348182451538871,0.058972992910126636,0.002417933691242162,0.044506372689643865,0.015982951518380393,0.011065120281955658
2020-02,24257,119,1269,1297,60,900,323,315,0.0049058003875170056,0.0523147957290679,0.05346910170260131,0.002473512800428742,0.03710269200643113,0.013315743908974728,0.012985942202250897
2020-03,17934,101,857,1113,28,941,243,526,0.005631760901081744,0.04778632764581242,0.06206088992974239,0.00156128024980484,0.052470168395226946,0.013549682167949146,0.029329764692762352
2020-04,12208,86,817,853,40,793,177,322,0.007044560943643512,0.06692332896461337,0.06987221494102228,0.00327653997378768,0.06495740498034076,0.014498689384010485,0.026376146788990827
2020-05,13280,111,832,902,24,701,283,369,0.008358433734939759,0.06265060240963856,0.06792168674698795,0.0018072289156626507,0.05278614457831325,0.02131024096385542,0.027786144578313254
2020-06,12460,90,954,784,32,687,167,390,0.0072231139646869984,0.07656500802568218,0.06292134831460675,0.002568218298555377,0.055136436597110754,0.013402889245585874,0.03130016051364366
2020-07,14686,117,1009,972,37,824,205,394,0.007966771074492713,0.06870488900994144,0.0661854827727087,0.0025194062372327387,0.056107857823777744,0.013958872395478687,0.02682827182350538
2020-08,26887,127,1086,1819,91,1039,477,414,0.004723472310038309,0.04039126715513073,0.06765351285007624,0.003384535277271544,0.03864321047346301,0.01774091568415963,0.015397775876817793
2020-09,30054,152,1054,1474,75,1061,478,378,0.005057563053170959,0.03507020696080389,0.04904505223930259,0.002495508085446197,0.03530312104877886,0.015904704864577096,0.012577360750648832
2020-10,19333,121,989,1202,60,886,271,313,0.006258728598768944,0.05115605441473129,0.06217348574975431,0.003103501784513526,0.045828376351316404,0.01401748306005276,0.01618993430921223
2020-11,16518,133,866,1164,22,653,298,236,0.00805182225451023,0.05242765467974331,0.07046857973120232,0.0013318803729265045,0.0395326310691367,0.018040925051459013,0.01428744400048432
2020-12,20576,139,1008,1278,56,750,285,328,0.006755443234836703,0.048989113530326596,0.06211119751166407,0.0027216174183514776,0.036450233281493,0.01385108864696734,0.01594090202177294
2021-01,23038,198,1354,1494,59,993,308,421,0.008594496050004341,0.05877246288740342,0.06484937928639639,0.002560986196718465,0.04310269988714298,0.01336921607778453,0.018274155742685996
2021-02,21560,189,990,1148,57,1006,261,288,0.008766233766233766,0.04591836734693878,0.053246753246753244,0.0026437847866419297,0.04666048237476809,0.012105751391465677,0.013358070500927645
2021-03,27570,152,1187,1370,71,1014,359,360,0.005513239027928908,0.04305404425099746,0.04969169387014871,0.0025752629669931085,0.0367791077257889,0.013021400072542618,0.013057671381936888
2021-04,19226,136,1061,1056,40,798,208,239,0.007073754291064184,0.05518568605014044,0.054925621554145425,0.002080515967960054,0.04150629356080308,0.010818683033392281,0.012431082908561323
2021-05,25302,159,1187,1353,56,976,276,285,0.006284088214370405,0.04691328748715517,0.053474033673227415,0.002213263773614734,0.03857402576871394,0.010908228598529761,0.011263931705003557
2021-06,38510,171,1707,1947,288,1502,520,376,0.00444040508958712,0.04432614905219424,0.0505582965463516,0.007478576992988834,0.03900285640093482,0.01350298623734095,0.009763697740846533
2021-07,28873,203,1353,1365,192,1615,385,351,0.007030790011429363,0.046860388598344474,0.04727600180099054,0.0066498112423371315,0.055934610189450354,0.013334256918228102,0.012156686177397569
2021-08,21678,195,1204,1203,96,946,277,280,0.00899529476889012,0.05554017898330104,0.055494049266537504,0.004428452809299751,0.04363871205830796,0.012777931543500322,0.01291632069379094
2021-09,16049,172,1064,851,95,963,272,230,0.010717178640413733,0.06629696554302449,0.053025110598791204,0.0059193719234843295,0.060003738550688517,0.016948096454607764,0.01433111097264627
2021-10,19389,189,1205,1130,124,1048,266,250,0.00974779514157512,0.062148640982000104,0.05828046830677188,0.006395378823043994,0.05405126618185569,0.01371911908814276,0.012893908917427407
2021-11,22918,154,1467,1364,111,1064,360,255,0.006719609040928528,0.06401082118858539,0.05951653721965267,0.004843354568461472,0.046426389737324374,0.01570817697879396,0.011126625359979056
2021-12,18426,159,1004,889,65,742,190,278,0.008629111038749592,0.054488223162921956,0.04824704222294584,0.0035276240095517206,0.0402691848474981,0.010311516335612721,0.015087376533159665
2022-01,26924,252,1264,1304,122,1000,437,417,0.009359679096716684,0.04694696181845194,0.048432625167137124,0.004531273213489824,0.0371415837171297,0.01623087208438568,0.015488040410043084
2022-02,27087,187,1488,1517,172,1012,288,243,0.006903680732454683,0.05493410122937202,0.056004725514084246,0.006349909550706981,0.037361095728578285,0.010632406689555875,0.00897109314431277
2022-03,29589,157,1595,1420,161,1035,387,328,0.005306025887998918,0.05390516746088073,0.0479908073946399,0.005441211260941566,0.03497921524891007,0.013079184832201156,0.011085200581297104
2022-04,30371,180,1248,1309,150,1114,367,358,0.005926706397550295,0.04109183102301538,0.04310032596885187,0.004938921997958579,0.03667972737150571,0.01208389582167199,0.011787560501794475
2022-05,30410,179,1345,1223,93,952,461,300,0.0058862216376192045,0.04422887208155212,0.04021703387043735,0.0030582045379809273,0.03130549161460046,0.015159487010851694,0.009865175928970734
2022-06,24175,170,1301,1110,90,889,344,292,0.00703205791106515,0.05381592554291623,0.04591520165460186,0.003722854188210962,0.03677352637021716,0.01422957600827301,0.012078593588417787
2022-07,22619,233,1136,1234,48,748,329,298,0.010301074318051195,0.050223263627923426,0.05455590432821964,0.002122109730757328,0.033069543304301695,0.014545293779565852,0.013174764578451743
2022-08,16290,164,1060,914,37,824,225,201,0.010067526089625536,0.06507059545733579,0.05610804174340086,0.0022713321055862494,0.05058317986494782,0.013812154696132596,0.012338858195211787
2022-09,14883,160,961,778,35,716,218,220,0.01075052072834778,0.06457031512463884,0.05227440704159108,0.0023516764093260765,0.04810858025935631,0.01464758449237385,0.014781966001478197
2022-10,17643,167,1123,768,128,696,221,240,0.0094655104007255,0.06365130646715411,0.04353001190273763,0.007255001983789605,0.03944907328685598,0.01252621436263674,0.01360312871960551
2022-11,19231,147,1277,877,78,651,234,226,0.007643908273100723,0.06640320316156206,0.0456034527585669,0.004055951328584057,0.03385159378087463,0.01216785398575217,0.011751858977692268
2022-12,16274,265,968,709,46,548,171,165,0.016283642620130268,0.05948138134447585,0.043566424972348534,0.002826594568022613,0.03367334398426939,0.010507558068084061,0.010138871820081111
