arm,month,n,adhd_neurodivergence,help_seeking,depression,performance_psych,anxiety,self_harm_suicide,loneliness_isolation
matched,2018-01,8625,124,1052,1408,185,942,525,359
matched,2018-02,9025,130,1072,1899,92,968,584,367
matched,2018-03,11049,195,1410,1894,102,1820,623,361
matched,2018-04,9516,154,1230,1644,111,1042,576,310
matched,2018-05,11940,143,1290,2265,210,1702,820,405
matched,2018-06,10237,178,1200,1838,252,1273,632,382
matched,2018-07,10481,234,1217,2065,139,1310,726,319
matched,2018-08,8767,184,1301,1811,131,1336,353,281
matched,2018-09,6898,119,1021,1027,91,1027,313,247
matched,2018-10,7683,106,1094,1194,203,895,377,284
matched,2018-11,8992,88,1376,1319,625,1101,430,321
matched,2018-12,7652,108,1176,1244,268,858,359,314
matched,2019-01,9281,125,1210,1562,73,1108,605,324
matched,2019-02,9561,112,1191,1760,125,993,533,339
matched,2019-03,10223,134,1326,1745,62,1243,527,481
matched,2019-04,8840,124,1345,1313,71,1055,465,298
matched,2019-05,10415,150,1193,1736,86,1242,635,403
matched,2019-06,9870,133,1282,1603,72,1113,646,381
matched,2019-07,10433,165,1536,1771,90,1249,647,385
matched,2019-08,7285,129,1242,996,43,912,308,258
matched,2019-09,5713,136,1067,795,68,672,254,206
matched,2019-10,7630,118,1117,1172,64,949,403,281
matched,2019-11,7568,110,982,1216,66,1102,305,247
matched,2019-12,6523,108,947,1153,29,819,286,218
matched,2020-01,8452,102,1061,1439,58,1086,390,264
matched,2020-02,7890,118,1269,1297,60,900,323,313
matched,2020-03,6831,101,857,1113,27,941,243,518
matched,2020-04,5491,86,817,853,37,793,177,311
matched,2020-05,5968,111,832,902,23,701,283,365
matched,2020-06,5738,89,954,782,32,687,167,387
matched,2020-07,6289,117,1009,972,36,824,205,389
matched,2020-08,9268,126,1086,1819,91,1039,477,412
matched,2020-09,9303,151,1054,1474,73,1061,478,371
matched,2020-10,7041,121,989,1202,59,886,271,308
matched,2020-11,6134,131,866,1164,22,653,298,233
matched,2020-12,7129,139,1008,1277,56,750,285,322
matched,2021-01,8986,197,1354,1494,58,993,308,418
matched,2021-02,7524,188,990,1148,57,1006,261,282
matched,2021-03,8851,151,1187,1370,69,1014,359,357
matched,2021-04,6819,135,1061,1056,37,798,208,236
matched,2021-05,8617,156,1187,1353,56,976,276,274
matched,2021-06,12497,168,1707,1946,286,1502,520,370
matched,2021-07,10659,201,1353,1365,188,1615,385,345
matched,2021-08,8096,195,1204,1203,96,946,277,277
matched,2021-09,6671,171,1064,851,94,963,272,225
matched,2021-10,8362,188,1205,1130,123,1048,266,242
matched,2021-11,10291,153,1467,1364,111,1064,360,252
matched,2021-12,6617,159,1004,889,64,742,190,276
matched,2022-01,9617,252,1264,1304,121,1000,437,411
matched,2022-02,11410,186,1488,1517,170,1012,288,235
matched,2022-03,10216,153,1595,1420,160,1035,387,325
matched,2022-04,10166,180,1248,1309,148,1114,367,353
matched,2022-05,9546,178,1345,1223,93,952,461,293
matched,2022-06,8266,168,1301,1110,89,889,344,288
matched,2022-07,7851,233,1136,1234,44,748,329,296
matched,2022-08,6552,164,1060,914,37,824,225,198
matched,2022-09,6026,160,961,778,35,716,218,217
matched,2022-10,7026,166,1123,768,126,696,221,238
matched,2022-11,6733,147,1277,877,75,651,234,223
matched,2022-12,5500,263,968,709,45,548,171,162
matched,2023-01,6955,229,1072,826,106,814,220,208
matched,2023-02,7559,156,1082,1109,139,730,272,287
matched,2023-03,11000,234,2164,1238,87,1122,311,318
matched,2023-04,7475,216,955,1010,84,704,286,249
matched,2023-05,9083,230,1219,1241,92,772,562,260
matched,2023-06,5445,195,756,691,66,591,181,199
matched,2023-07,6755,227,1015,946,61,719,249,282
matched,2023-08,4844,190,720,538,34,613,115,196
matched,2023-09,5111,204,805,603,26,551,165,210
matched,2023-10,5211,145,737,622,43,552,196,210
matched,2023-11,5329,190,935,676,39,511,171,201
matched,2023-12,6251,182,1534,742,46,558,149,164
control,2018-01,16390,2,0,0,0,0,0,8
control,2018-02,17307,3,0,0,1,0,0,9
control,2018-03,19781,5,0,0,1,0,0,10
control,2018-04,19057,3,0,0,4,0,0,9
control,2018-05,21790,6,0,0,1,0,0,11
control,2018-06,19044,3,0,0,1,0,0,8
control,2018-07,18602,5,0,1,3,0,0,8
control,2018-08,10169,1,0,0,3,0,0,9
control,2018-09,8287,6,0,1,0,0,0,8
control,2018-10,12091,1,0,0,2,0,0,6
control,2018-11,14694,1,0,0,3,0,0,4
control,2018-12,13315,7,0,2,1,0,0,3
control,2019-01,18248,3,0,0,1,0,0,4
control,2019-02,19574,3,0,0,1,0,0,4
control,2019-03,20748,3,0,0,1,0,0,9
control,2019-04,18742,7,0,1,0,0,0,8
control,2019-05,21403,2,0,0,2,0,0,10
control,2019-06,22564,4,0,0,1,0,0,4
control,2019-07,20117,2,0,1,1,0,0,8
control,2019-08,9758,2,0,1,0,0,0,5
control,2019-09,7984,1,0,0,0,0,0,7
control,2019-10,12338,0,0,0,0,0,0,8
control,2019-11,13664,1,1,0,0,0,0,6
control,2019-12,12918,5,0,0,1,0,0,6
control,2020-01,15949,2,0,0,1,0,0,6
control,2020-02,16367,1,0,0,0,0,0,2
control,2020-03,11103,0,0,0,1,0,0,8
control,2020-04,6717,0,0,0,3,0,0,11
control,2020-05,7312,0,0,0,1,0,0,4
control,2020-06,6722,1,0,2,0,0,0,3
control,2020-07,8397,0,0,0,1,0,0,5
control,2020-08,17619,1,0,0,0,0,0,2
control,2020-09,20751,1,0,0,2,0,0,7
control,2020-10,12292,0,0,0,1,0,0,5
control,2020-11,10384,2,0,0,0,0,0,3
control,2020-12,13447,0,0,1,0,0,0,6
control,2021-01,14052,1,0,0,1,0,0,3
control,2021-02,14036,1,0,0,0,0,0,6
control,2021-03,18719,1,0,0,2,0,0,3
control,2021-04,12407,1,0,0,3,0,0,3
control,2021-05,16685,3,0,0,0,0,0,11
control,2021-06,26013,3,0,1,2,0,0,6
control,2021-07,18214,2,0,0,4,0,0,6
control,2021-08,13582,0,0,0,0,0,0,3
control,2021-09,9378,1,0,0,1,0,0,5
control,2021-10,11027,1,0,0,1,0,0,8
control,2021-11,12627,1,0,0,0,0,0,3
control,2021-12,11809,0,0,0,1,0,0,2
control,2022-01,17307,0,0,0,1,0,0,6
control,2022-02,15677,1,0,0,2,0,0,8
control,2022-03,19373,4,0,0,1,0,0,3
control,2022-04,20205,0,0,0,2,0,0,5
control,2022-05,20864,1,0,0,0,0,0,7
control,2022-06,15909,2,0,0,1,0,0,4
control,2022-07,14768,0,0,0,4,0,0,2
control,2022-08,9738,0,0,0,0,0,0,3
control,2022-09,8857,0,0,0,0,0,0,3
control,2022-10,10617,1,0,0,2,0,0,2
control,2022-11,12498,0,0,0,3,0,0,3
control,2022-12,10774,2,0,0,1,0,0,3
